sample_id,temperature_mean_c,temperature_max_c,temperature_min_c,rainfall_mm,humidity_pct,solar_radiation_mj_m2,wind_speed_m_s,season,year,latitude,longitude,soil_moisture_pct,soil_nitrogen_kg_ha,soil_phosphorus_kg_ha,soil_potassium_kg_ha,soil_ph,soil_organic_matter_pct,irrigation_water_l_ha,fertilizer_n_kg_ha,fertilizer_p_kg_ha,fertilizer_k_kg_ha,energy_kwh_ha,land_area_ha,crop_yield_t_ha,crop_type_cotton,crop_type_maize,crop_type_rice,crop_type_soybean,crop_type_wheat,soil_type_clay,soil_type_loam,soil_type_peat,soil_type_sandy,soil_type_silt
541,0.5559195468985713,0.24049811378313046,0.4357274258448574,0.5441269021025763,0.028740591449295527,0.5497648285356991,0.2464864842375109,1.0,0.043478260869562746,0.006413393039718218,0.9546426266447983,0.8345002820957588,0.23720968414802168,0.9496918394371403,0.3614970179457231,0.14729833066130205,0.053164500182623864,0.7233439863070492,0.5217214287574719,0.0074175837790078775,0.9720336957729044,0.9935137337237381,0.6595870232687953,1.268239662618769,1.0,0.0,0.0,0.0,0.0,0.0,0.0,1.0,0.0,0.0
440,0.8517107605485302,0.23610065466559138,0.9982716223856578,0.2637166609859669,0.039992323969374244,0.12838959948918444,0.4949237382733535,0.3333333333333333,0.43478260869564167,0.7680317275770445,0.5617486666313695,0.25405220214910557,0.7068895730249771,0.7564611157074402,0.8577053006137814,0.26132169207252165,0.42545715337077916,0.8048604571029918,0.9881185311516454,0.7012794252654598,0.09933369362355929,0.910225098982842,0.6567440715628456,1.840614499888933,0.0,0.0,0.0,1.0,0.0,0.0,0.0,0.0,1.0,0.0
482,0.588325337561605,0.5930884070721966,0.10338581906668226,0.8387157414015803,0.7904445921070021,0.3500714247944739,0.8688635159915807,0.0,0.7826086956521721,0.8312607405304345,1.0,0.40899694640874257,0.0758564062938501,0.3566884423220489,0.04037533528733658,0.15474109159915495,0.3149422174409895,0.37971793603511417,0.5889214933206339,0.9328999279615395,0.6356382249910737,0.39434122221901413,0.27961944632906544,3.0873921689837784,0.0,0.0,1.0,0.0,0.0,0.0,0.0,0.0,0.0,1.0
422,0.0042057227913507855,0.4563856935115921,0.7651521413802538,0.6591747741408246,0.6134108283276446,0.7860903380537525,0.6696651708670927,1.0,0.3478260869565162,0.6590018232499384,0.5673161256924976,0.29423866147535155,0.6820274398302434,0.563123343548959,0.2347873261752967,0.044431976651973404,0.7852326184182268,0.17995843533894462,0.12058204141934453,0.3981688141301297,0.9390280694579415,0.34491414368802226,0.9631314603413987,1.5031593845061553,0.0,0.0,0.0,1.0,0.0,0.0,1.0,0.0,0.0,0.0
778,0.7733502717831523,0.34592450081865433,0.25789046223571266,0.7583140675752185,0.2750725101929844,0.7244404052902875,0.35481403034067643,0.3333333333333333,0.4782608695652186,0.870926463172875,0.6926867016254095,0.363431702307946,0.7906525257376386,0.6442640424816064,0.49734111821012805,0.3995939746788859,0.4973106867888334,0.6158374103227476,0.07945864938868125,0.7684553954104624,0.9938324450505577,0.26983450008712756,0.8058852446831539,3.891412773399834,0.0,0.0,1.0,0.0,0.0,1.0,0.0,0.0,0.0,0.0
949,0.33881018379350913,0.9254588040945065,0.8754914226566628,0.2950491796360555,0.6910429374813335,0.6524059840636034,0.8907416893692524,0.3333333333333333,0.7826086956521721,0.1578272374907571,0.5474705115829213,0.8253050117463254,0.44268725011395005,0.8218646606484493,0.9675376335008816,0.6437570393017191,0.26687690020050553,0.9708427307887144,0.5464401433826129,0.8198331538624526,0.3811740043767753,0.2316633475196747,0.7036842012740416,3.754263269070068,0.0,1.0,0.0,0.0,0.0,0.0,0.0,1.0,0.0,0.0
334,0.13114890320202588,0.9641186470763304,0.4271021713601693,0.3664972873632689,0.8403427838568468,0.35753047720928904,0.7465278808748113,0.6666666666666667,0.4782608695652186,0.21299587207484363,0.6558431375236982,0.4404781490664719,0.2971015759450215,0.06410784012867696,0.2904241442136746,0.9021543448280345,0.4400985531020135,0.13456844036903037,0.4125497704833419,0.858621052539371,0.49424288779314784,0.2346909692390191,0.5739100315463823,1.0783998521700608,0.0,0.0,0.0,1.0,0.0,0.0,0.0,0.0,0.0,1.0
576,0.9102565094510034,0.7933564158318868,0.6963275552414225,0.8204743964100737,0.8214430070949735,0.9833032086657325,0.44355155037615984,0.3333333333333333,0.6956521739130324,0.021625680290218774,0.14138242376135718,0.8720977142306148,0.7073535888376821,0.027554771639264522,0.9114236895003696,0.8027088071131452,0.4656416206288233,0.19600895726344653,0.5611685805517863,0.799979389131341,0.37290918034137444,0.506459842184637,0.5899376568723367,2.7574866186382776,0.0,1.0,0.0,0.0,0.0,0.0,0.0,0.0,0.0,1.0
934,0.772764624871351,0.711967988120295,0.6663364079088789,0.4970614228855439,0.6308661782361015,0.26705768358332344,0.644119969064146,0.0,0.5652173913043441,0.8137219857388471,0.8780125904428605,0.3820822609897176,0.830320680979798,0.5227150910781952,0.46515856070620887,0.8362727398605787,0.294379867000513,0.4870255959319031,0.1782667375628184,0.1961629496866296,0.15933544622254722,0.5567463775659456,0.9083377419924763,3.622084006955134,0.0,1.0,0.0,0.0,0.0,1.0,0.0,0.0,0.0,0.0
567,0.05699672717001747,0.015303596794122853,0.0975682390871846,0.4828610790539092,0.036278497623844275,0.15544908688580067,0.5017499762005536,0.0,0.21739130434782794,0.45711203304785347,0.8107279096066877,0.058822319194031414,0.15698006615230925,0.44849840730310453,0.7901502626007734,0.49532249350312707,0.508602497902618,0.17255669587258465,0.9169016772593921,0.9810435472682169,0.3558422109656654,0.8970003604063648,0.21988626780482706,2.332218947024409,0.0,1.0,0.0,0.0,0.0,0.0,0.0,0.0,0.0,1.0
594,0.006094364612561742,0.834517475763127,0.2936576531136605,0.043809026313650384,0.21066886038189003,0.5700193991514086,1.0,0.0,0.9130434782608603,0.07639176689052668,0.4916193335781088,0.42722295980326813,0.39700299845400977,0.7520363187644329,0.9934195262798622,0.7294701429322208,0.09144446174488324,0.06508512858888621,0.08438779403373378,0.3514614334570476,0.6155323256701201,0.06497080849763773,0.2075657590189966,1.0725798016833767,0.0,0.0,0.0,1.0,0.0,0.0,0.0,0.0,1.0,0.0
530,0.6878960578727414,0.30815245216398657,0.6194943936134472,0.048139497264740566,0.7706166396800894,0.3428263023880675,0.2738968621334805,0.0,0.30434782608695343,0.6451508714879302,0.5400485944180838,0.28105164687833234,0.9540517953699972,0.21558856577775046,0.23212891025976365,0.10617172227463234,0.8678573580825335,0.7494466874346697,0.5756014776551475,0.1631093006359068,0.03690798006630794,0.23248785581791243,0.33672327672523367,1.236765995461581,1.0,0.0,0.0,0.0,0.0,0.0,1.0,0.0,0.0,0.0
581,0.5313087799910196,0.3141737952605502,0.8362665718307851,0.7923582165697117,0.790633041076913,0.3843424371213315,0.601882956603727,0.3333333333333333,0.7391304347826093,0.3628622832064212,0.05961400360429664,0.777485925921733,0.04201217125686163,0.46387537414827196,0.006012548988179406,0.41244596710041437,0.46971333516389013,0.2634651732044213,0.051859565455863815,0.16937508129107084,0.8994321776441813,0.8432899462899793,0.5134035713769338,2.460605935211606,0.0,0.0,0.0,0.0,1.0,0.0,0.0,0.0,1.0,0.0
707,0.7842602130010049,0.41230840439614236,0.2279970644777891,0.6702775762744292,0.4274859512294783,0.8400664991707676,0.5316411367216703,0.6666666666666667,0.4782608695652186,0.03802045637981122,0.924694309243314,0.06603473241237084,0.45381310813379117,0.030940549458473465,0.1961735443135765,0.6659035376343527,0.5858935565327987,0.5176087916962067,0.9913595599018614,0.01745718142141281,0.42386580732113355,0.6487623424584387,0.5327581775768675,1.373257955467709,1.0,0.0,0.0,0.0,0.0,1.0,0.0,0.0,0.0,0.0
448,0.05338086468389269,0.6261576040724189,0.5822022914663969,0.32786288446139666,0.5544650162211618,0.5375078978673993,0.6839104994079596,0.6666666666666667,0.8260869565217348,0.1100379423304309,0.2444277867821595,0.5481476687714657,0.47219891269762515,0.25939152967775236,0.4324113636496498,0.7884926660562286,0.030643368603837207,0.11835981753514746,0.5276905357753732,0.7100713056903697,0.5366663528822637,0.5302167817853554,0.22598798725179237,2.2935582358897726,0.0,1.0,0.0,0.0,0.0,0.0,1.0,0.0,0.0,0.0
453,0.172261413395579,0.9493656602685382,0.7901570199434347,0.03449100267760309,0.6603259553184094,0.17387605698768654,0.2733781107069868,0.0,0.08695652173912549,0.9793648967348618,0.6665885780093733,0.49677367591694105,0.6394874148413577,0.41189829056492666,0.21763714353000382,0.041028580975846385,0.9727135776138709,0.11491527637341387,0.3598118801350997,0.7193898338361421,0.1427864767232648,0.4087831805710488,0.49877447373232836,2.24814519727126,0.0,1.0,0.0,0.0,0.0,0.0,1.0,0.0,0.0,0.0
228,0.6340916066504284,0.9360498919053956,0.036164022491953274,0.6482511655100426,0.556407245386019,0.19233800080318258,0.45223584779843157,1.0,0.2608695652173907,0.9544690548236373,0.7814881166910816,0.7766397681125583,0.30726321433550685,0.6382917430393262,0.7926817299791848,0.8997628582706625,0.5734404121464263,0.6058231646457642,0.27752496657248504,0.10913510154018535,0.5485641320603494,0.0124322141113975,0.17320065024276857,2.610335744909865,0.0,0.0,0.0,0.0,1.0,0.0,0.0,0.0,1.0,0.0
352,0.5649198860527361,0.2841901000394601,0.23276836324061617,0.038127322942341876,0.6558213707461288,0.6581261824955742,0.7634850625755577,0.3333333333333333,0.2608695652173907,0.811770797572873,0.34457359944006394,0.30960475356623,0.04145627120710946,0.15492201662533892,0.17816481938430725,0.9594917587436282,0.003277235838374526,0.5965205116349382,0.1102512747186419,0.9124396599382569,0.9550875491984315,0.988589490953721,0.48018158832408725,0.9029378782578242,1.0,0.0,0.0,0.0,0.0,0.0,0.0,0.0,0.0,1.0
728,0.45485285780955553,0.0304074448182855,0.39205032421711167,0.7098527231396167,0.6049835330053827,0.9072212000502673,0.7521661097927714,0.3333333333333333,0.08695652173912549,0.12558759981082745,0.6060834126634245,0.9541426037740774,0.6347138775042026,0.8949310992992621,0.7834801248367597,0.026339941893683605,0.6143293342770418,0.9106969801434228,0.48538569864100517,0.7813473030567407,0.845835384133124,0.18576289018451625,0.344162658209743,2.9664612566969364,0.0,0.0,0.0,0.0,1.0,0.0,0.0,0.0,1.0,0.0
212,0.19896605497736664,0.5613199991127383,0.8727194930062676,0.7909820830471924,0.44897165376234816,0.9637239317366113,0.38191490978368164,1.0,0.6956521739130324,0.6710628743542677,0.13132865052685072,0.6558791540154831,0.9159548855160837,0.6471523068942862,0.0042626925938880345,0.6495271808050394,0.3646627339259221,0.12530289304083836,0.6925141535132164,0.04900175748465996,0.634534344554092,0.1877941809378887,0.3858965755596319,3.821274271240758,0.0,1.0,0.0,0.0,0.0,0.0,1.0,0.0,0.0,0.0
79,0.7843344707769083,0.3339588204963987,0.028456724096714126,0.2669866606676381,0.4503127810446256,0.7178095189188365,0.8565110835085216,1.0,0.2608695652173907,0.994433033842465,0.3330928445701624,0.40128215709059895,0.4697920785654701,0.522734030248059,0.9178360368973661,0.2955563367454941,0.7835407937878116,0.003517282505908159,0.9720105370375167,0.6878179556268121,0.8248368951518003,0.5030129016412116,0.219929051016168,1.4987224293210817,0.0,0.0,0.0,0.0,1.0,0.0,0.0,0.0,1.0,0.0
148,0.43861190957238494,0.4912775526113481,0.7699375098024472,0.858851470149995,0.4346881626184451,0.8951712461910406,0.9188326696888691,0.0,0.0,0.8306602115236339,0.3654150883265469,0.8015864267596358,0.955659208763312,0.0,0.4881519109249506,0.9184539891001391,0.4231569511571044,0.9712690694952606,0.3712381798273587,0.8526375582923194,0.48974394764604856,0.2901367331586921,0.731560347363643,4.0994658640269845,0.0,0.0,1.0,0.0,0.0,0.0,1.0,0.0,0.0,0.0
302,0.5359757077058519,0.7558498408236781,0.4704936559883733,0.25561204453293473,0.9975929759622314,0.7264791030872768,0.5215389586379716,0.0,0.8695652173912976,0.21950749105815423,0.2418944640332032,0.9864533023210287,0.023688314108540304,0.30760847010165093,0.16887551310641838,0.6296237800685027,0.8578643752362896,0.7438702300058723,0.908210119450019,0.20059436177106962,0.7771382004424887,0.2467682377711744,0.32662201472872376,2.9449658703359654,0.0,0.0,1.0,0.0,0.0,0.0,0.0,0.0,0.0,1.0
628,0.5554107461108694,0.1951911757327014,0.28679710730726643,0.6428803417620924,0.19445259421157712,0.05804920872201352,0.20135357190321562,0.3333333333333333,0.8260869565217348,0.4127273923884574,0.9499489396584693,0.1374709701403808,0.343072311977431,0.8309433963928318,0.808148356878581,0.09632270352354766,0.5958575040633378,0.9867535641635607,0.7124174171661053,0.12499289000219976,0.19307816171848927,0.9233801367137913,0.30555382375788237,2.437878243181952,0.0,0.0,0.0,1.0,0.0,1.0,0.0,0.0,0.0,0.0
777,0.16185490457190377,0.44736469285312663,0.5130428070278676,0.07771255296110459,0.08109200059931965,0.5491156238407091,0.5480155938095743,0.0,0.6956521739130324,0.8021976303214716,0.6566559816190518,0.7189054623930855,0.6953111937102915,0.34580686720131193,0.4409292407811163,0.7306212956556664,0.23365752653402466,0.8528648699947727,0.1648794447727207,0.5303918800984186,0.8398552322104565,0.265893678396274,0.34298777606609876,1.046506732938136,1.0,0.0,0.0,0.0,0.0,0.0,0.0,0.0,0.0,1.0
506,0.3138856821858549,0.7368625655590292,0.9407648790792835,0.49652892134671267,0.4112276902692188,0.16780327293057434,0.9432216211581368,0.3333333333333333,0.6086956521739069,0.5719357390615173,0.5691197427363075,0.4200688078348365,0.6303170570394492,0.4883962068779889,0.0034247431242017956,0.8500296395364808,0.19996269084252377,0.24986305877420967,0.6581085170343379,0.5462792818327473,0.6530621168527043,0.07368172232393197,0.4940003485953037,1.224080546644012,1.0,0.0,0.0,0.0,0.0,0.0,0.0,1.0,0.0,0.0
342,0.8013566666403992,0.4817732329122121,0.7275871976127128,0.15715303873828115,0.5683091159565562,0.86957244826138,0.881178029871339,0.3333333333333333,0.2608695652173907,0.6751310364935884,0.8362198124415108,0.3869584567264784,0.24113779337989377,0.9322162840014891,0.871154274117298,0.9950594130700283,0.7737405077453179,0.7820755858547648,0.8713106440071476,0.5623350958973796,0.43310544570597886,0.05206287871082274,0.5465663666867953,1.423747977314053,0.0,0.0,0.0,1.0,0.0,0.0,0.0,0.0,1.0,0.0
485,0.4180567452093452,0.05036996532073845,0.3819023805032999,0.7500120956740683,0.2796134819936499,0.9135041312088243,0.8888857864067894,0.6666666666666667,0.8260869565217348,0.8425552797566422,0.24922895189711866,0.48368205346063015,0.8069107535754766,0.5588355690099027,0.8404982447773723,0.6799586918702225,0.09924529097538687,0.8985861478236741,0.2755448228223398,0.7351869880123296,0.3664262283216325,0.9653705962237578,0.15083725782855817,4.854217723161463,0.0,1.0,0.0,0.0,0.0,0.0,0.0,1.0,0.0,0.0
711,0.6748006142334281,0.38268415997277383,0.24536322764774293,0.7586656947127399,0.24529866325407612,0.5506281974806364,0.8567018080746316,0.3333333333333333,0.8260869565217348,0.13101399592460267,0.40208165818504227,0.9563247532923667,0.08194223519869923,0.5322996713625818,0.10502228793546661,0.9613384204239401,0.6778831138787504,0.5032048008245413,0.40627223819921265,0.49936848389295363,0.07311787593745556,0.15091402112385094,0.6279984733769632,2.831669293314977,0.0,1.0,0.0,0.0,0.0,0.0,0.0,1.0,0.0,0.0
133,0.3463739407781007,0.7281231857548781,0.9289002839224745,0.04236757892876211,0.5100175720194787,0.47773238721478467,0.2632753436015252,0.6666666666666667,0.0,0.8285473107679018,0.5861093815918601,0.14311306007966174,0.42577585352547354,0.6214043818060425,0.27484330307224314,0.5082498682250054,0.2682197337146203,0.17789772850821367,0.0718750948845438,0.48682561812311087,0.6009425560670019,0.07562513270240095,0.6015166691065128,1.691675489573057,0.0,0.0,0.0,1.0,0.0,0.0,0.0,0.0,1.0,0.0
703,0.8749434730036426,0.6384050337084438,0.8122842121686094,0.6845077730216669,0.37311683962800324,0.7591890947794615,0.12208795204506752,0.0,0.8695652173912976,0.3448181682990207,0.2769919620815221,0.26873003160240844,0.6423309992602276,0.17288123582768597,0.7769874287965272,0.454670066901258,0.9493019207176578,0.5528982644241413,0.11152669975376167,0.43551953574854463,0.7992429507540373,0.9797021600375908,0.6344532135246201,3.919294100738129,0.0,1.0,0.0,0.0,0.0,0.0,0.0,0.0,1.0,0.0
311,0.4165428475705234,0.924395565736008,0.07628908519553912,0.9374204303510145,0.7980800735536323,0.25040193068428646,0.8462927381517361,0.6666666666666667,0.7826086956521721,0.3171287598530296,0.5588745654548716,0.005271678871263452,0.9852451264235498,0.3498226589220239,0.42008355916370255,0.8310885618447204,0.8295026928828422,0.8624073319545136,0.41169362797977477,0.27881562544520166,0.43314831633377726,0.5629391777224989,0.4491488909480123,3.027344088400103,0.0,0.0,0.0,0.0,1.0,1.0,0.0,0.0,0.0,0.0
722,0.03468350692522271,0.7121802105624758,0.3537477309959611,0.8514448370883009,0.2667296855697745,0.06765430547658696,0.41835219877454055,0.6666666666666667,0.8695652173912976,0.7316132020822377,0.48027517811213843,0.32266655053951915,0.9542325678317445,0.6759586966169137,0.7102381022322826,0.7601474822095531,0.2745260357294649,0.6311661573227891,0.7432266787113448,0.25999313413333014,0.33798836229017193,0.17235124580722588,0.49934770835210135,1.9151856822204123,0.0,0.0,0.0,1.0,0.0,0.0,0.0,0.0,1.0,0.0
629,0.8025347849680075,0.4099797228346075,0.2394012149082862,0.1893593852698983,0.2644154738157164,0.3032616181688081,0.7001585757599996,0.3333333333333333,0.5652173913043441,0.8692177422636852,0.6603965860939381,0.49761366520972167,0.743922178800681,0.3973717977293568,0.15641035212919316,0.5184474022453887,0.47183526549947696,0.6194202483280192,0.6373506343685607,0.7860460895238149,0.03453603142078707,0.586461971751014,0.3544638655985966,2.9027634685881774,0.0,0.0,1.0,0.0,0.0,0.0,0.0,0.0,0.0,1.0
0,0.7743711048756073,0.06161194050360874,0.842820530715447,0.8296020506803132,0.7160411728568531,0.21756724946578748,0.45546883999375215,0.3333333333333333,0.043478260869562746,0.5618779515943882,0.8739480509271946,0.6529115876091511,0.10365450562360681,0.31926789876811934,0.13884824188070558,0.3373144402197936,0.2852548476778667,0.8585948077507317,0.5005671055937921,0.24265662042806227,0.26350969707341165,0.008528495759852567,0.7041548246165901,1.971221158451404,0.0,0.0,0.0,1.0,0.0,0.0,0.0,0.0,0.0,1.0
316,0.37903773537069585,0.5627665316620712,0.17240175546088243,0.7377280392558636,0.9349635241828925,0.039063684352499684,0.5315601847965996,0.3333333333333333,0.17391304347825098,0.9236502965530982,0.8872756522913596,0.5531141945764997,0.8746929363708174,0.1610418931206883,0.36018165326372054,0.30900448881484444,0.4462123077919937,0.405808436875035,0.5521529517381969,0.17797527500371915,0.8852615521403099,0.5444020396196353,0.6508113722496667,3.898303206078175,0.0,0.0,1.0,0.0,0.0,1.0,0.0,0.0,0.0,0.0
706,0.7924279123428487,0.09339151491882347,0.8927384888242877,0.3310427907181761,0.08562502032864094,0.904764899042326,0.1665299751818322,0.6666666666666667,0.9130434782608603,0.1283693224811323,0.7548381431193638,0.4794697372479088,0.16921699584397987,0.7011976480105757,0.36459052024317373,0.6247418086041221,0.42821273519023917,0.7508906390273233,0.06449617660839821,0.757540193325786,0.291047087083971,0.7002347413320531,0.8876647781390685,1.42299000830182,0.0,0.0,0.0,1.0,0.0,0.0,1.0,0.0,0.0,0.0
547,0.07898432600578864,0.7520868802343744,0.17078657365993333,0.998236867186255,0.25162946640783,0.6219601374421881,0.5595954287028618,0.0,0.956521739130423,0.5535828537684724,0.69794193143478,0.5862251387651054,0.4012665355329066,0.4950104458535892,0.7426498010159838,0.6392085522858459,0.8213533195012936,0.0025672568590859313,0.5087168470905874,0.06350769862504449,0.1454117664619836,0.8420718193786189,0.14713108021489815,1.0084287692455796,1.0,0.0,0.0,0.0,0.0,0.0,0.0,0.0,0.0,1.0
872,0.9800775015413011,0.9861840384584512,0.0176122786335296,0.11101596495506538,0.6957954476769942,0.1186372756805038,0.43788023522147496,1.0,0.13043478260868824,0.01528234802733669,0.655800072089009,0.47662051406586764,0.6953601767199339,0.28646696107057046,0.35364923783224,0.6932577036676233,0.9749164805418584,0.09808450655682333,0.28746093458669303,0.4798372160909907,0.9264730117866083,0.1434796848155208,0.6942058779338842,1.9763518849895223,0.0,1.0,0.0,0.0,0.0,1.0,0.0,0.0,0.0,0.0
532,0.3874332191845896,0.550324562952374,0.6900774280304354,0.473417000555566,0.6538390061880662,0.5188832843935329,0.7048551305565398,1.0,0.8695652173912976,0.19707784287464694,0.9630542187765954,0.5312485816949712,0.44778599058987556,0.8881199903334941,0.28160058367108787,0.21748280063429526,0.703859158058132,0.42093084926772695,0.3405889636159879,0.3901566541190912,0.7314900212076693,0.22478605331532464,0.10031735678951889,2.081043927560271,0.0,0.0,0.0,1.0,0.0,0.0,0.0,0.0,0.0,1.0
477,0.6110550124845694,0.9953879249203205,0.19095134676707187,0.9095305113053406,0.23719658385713493,0.45087175038595323,0.4235921359579931,0.3333333333333333,0.08695652173912549,0.4511305107499643,0.7543977664356998,0.8244377630712094,0.7319503312577469,0.9175177055471073,0.9256640246298857,0.08353407336581897,0.9075228309750032,0.02193971896440483,0.7042762454932268,0.14368538882953844,0.08969229639447185,0.5930535930639789,0.812566216690668,3.190948055489101,0.0,0.0,1.0,0.0,0.0,0.0,0.0,1.0,0.0,0.0
404,0.997925512164412,0.18905210646328463,0.8057382495301042,0.8784320162904677,0.4679784776441971,0.552893555912439,0.19443954352762233,1.0,1.0,0.9374092863905429,0.7090377708888767,0.8639818225063924,0.8739270225500542,0.19294791196045422,0.3417554224223215,0.05066472021074553,0.5775075027583385,0.36576903749533496,0.03327180309910331,0.46128514605819626,0.8592875305430389,0.1678100220153519,0.31372146245321936,3.166112099190968,0.0,1.0,0.0,0.0,0.0,0.0,0.0,0.0,1.0,0.0
172,0.2552753387375567,0.25721533792839224,0.5016360970227531,0.710996158564088,0.9959500440303773,0.8379686096341714,0.3921407458494971,0.0,0.0,0.5950505572116244,0.0206490784890192,0.07969904944787931,0.09484601591486308,0.8455419070355887,0.48602944829003314,0.45738991254993033,0.5202488818413525,0.7692034246338302,0.9491255586516281,0.34605716335461445,0.7983601904967442,0.9701508407955979,0.939804134247179,1.2245375960997609,1.0,0.0,0.0,0.0,0.0,0.0,0.0,0.0,0.0,1.0
125,0.4938087457065795,0.5522719355497551,0.3837333983692693,0.19260278455623406,0.15182339490009356,0.040897909664102505,0.31770867552429294,0.3333333333333333,0.08695652173912549,0.3574015718662262,0.9592076259056279,0.4832257212754599,0.44455554002523046,0.26310206923361246,0.42668024983197184,0.1216085965697804,0.2664883167377411,0.4082658516782838,0.23645654330810928,0.319672553376281,0.15974886034314276,0.780286489555867,0.5445210229123763,2.9878654129538216,0.0,0.0,1.0,0.0,0.0,0.0,0.0,1.0,0.0,0.0
394,0.011093233460870766,0.8351048923870333,0.594454023426811,0.7407166349112402,0.3588475834015108,0.4336198036736884,0.601244603003611,0.3333333333333333,0.6956521739130324,0.06016118026919093,0.7409573141132615,0.30334974964930045,0.4376527817536986,0.09735271457446892,0.22907099095913766,0.6585535885505083,0.2656028587924357,0.452704121178924,0.17912044564595414,0.1566901902609457,0.49897719186240974,0.2072645953975244,0.3246260307485859,1.4109432583651251,1.0,0.0,0.0,0.0,0.0,0.0,0.0,0.0,0.0,1.0
420,0.6564330843796534,0.7050929494614627,0.12153958389183372,0.8611875613155958,0.3043981109551688,0.3845735041889122,0.34112849633722603,0.6666666666666667,0.0,0.2808702129171021,0.051161010642133076,0.13026892186420103,0.2870969516713602,0.7210900462279797,0.04724297491249543,0.9111823870488207,0.29034100074395397,0.8354048296618146,0.6661025699743601,0.4578881733075758,0.7871443554578922,0.2781359240723093,0.6637691166422945,1.9403076585747197,0.0,0.0,0.0,1.0,0.0,0.0,0.0,0.0,1.0,0.0
552,0.18007685305455867,0.30277798214193197,0.6431667283205571,0.3438189233626804,0.0007055955550757664,0.34993423024904985,0.8402125545206771,0.0,0.43478260869564167,0.8032886395160818,0.6281917900301717,0.8609058484862848,0.3230554861645861,0.7277363125969869,0.8238806843850992,0.630784933332329,0.6361917167827802,0.5436008809944398,0.4703604327039648,0.9517291324269204,0.9589588638259906,0.304001157615631,0.04936821518463004,3.2276034177353736,0.0,1.0,0.0,0.0,0.0,0.0,0.0,0.0,0.0,1.0
903,0.48128260700603664,0.1550484376355965,0.9976712495441651,0.5303568445407628,0.8785208838559674,0.7984976445866123,0.3170377334010925,0.3333333333333333,0.6086956521739069,0.34563006274133173,0.49975083279315535,0.20058878642809563,0.3386295100369188,0.20003547140170155,0.961912533031293,0.8946775036876322,0.010340118869440834,0.18156074237117542,0.24788537903712554,0.4986215256325577,0.6703144022119121,0.15978367117829811,0.24177680278562802,1.554544382212514,0.0,0.0,0.0,1.0,0.0,0.0,1.0,0.0,0.0,0.0
90,0.15140127237981038,0.2399707402761745,0.35978511773953,0.875260377741617,0.10014639545588555,0.41206892063314265,0.06599654599267517,1.0,0.9130434782608603,0.3402574781272997,0.6613538970211079,0.9287438287309693,0.6881078949198548,0.5400714309685306,0.4744903239869305,0.5355015249653596,0.7362362570621636,0.17374690113672497,0.4383627112768856,0.25406163662716397,0.22186535247582242,0.19531042688812872,0.9895131927262568,1.2764026659314072,1.0,0.0,0.0,0.0,0.0,1.0,0.0,0.0,0.0,0.0
939,0.09937408418498617,0.04207922744804793,0.008507701474578105,0.09269023108836413,0.1871613188144573,0.8367820348458235,0.270651781184087,0.6666666666666667,0.043478260869562746,0.938611995825416,0.7055378997161288,0.5736931289208032,0.051228468305029806,0.009593101789088038,0.058176360675827626,0.12803286509227396,0.6687094490022771,0.8267898654742853,0.5012291471018848,0.5631428478203694,0.9232389379463825,0.9554153506823022,0.8712529173919241,1.825470868103206,0.0,0.0,0.0,0.0,1.0,1.0,0.0,0.0,0.0,0.0
181,0.8941165540934427,0.1185216025032052,0.9680971601972015,0.25700536834254273,0.126613376162932,0.38469157146961214,0.5278739417654552,0.3333333333333333,0.3478260869565162,0.7591597006874451,0.09609844741873197,0.3987950462289778,0.4137005884635966,0.6696695829783282,0.7305066486213044,0.014737702498714977,0.012131417181767967,0.24059864773089223,0.951362003405454,0.9744117825019387,0.48029833870736505,0.6886190133197252,0.0778791708526641,1.3611195145262958,0.0,0.0,0.0,1.0,0.0,0.0,0.0,0.0,1.0,0.0
274,0.6809307109351143,0.12767390358064867,0.8692299545079898,0.7043453108854548,0.21093196726329722,0.381647960948767,0.03500408736890473,0.3333333333333333,0.7826086956521721,0.2675536606190463,0.599748730976165,0.38455502518074686,0.29831442723373525,0.07909088177343274,0.7178465299241811,0.22028381139043507,0.09184039909757852,0.7950157992043496,0.31542940133477537,0.0909641358713032,0.5331875110397007,0.3978938292393319,0.22976082864696173,1.254883546211332,1.0,0.0,0.0,0.0,0.0,0.0,0.0,0.0,0.0,1.0
895,0.8816794961245199,0.17667645186138048,0.08601683383656422,0.6202035485593326,0.48056409142990364,0.7777811136804467,0.12359451646242421,0.3333333333333333,0.3913043478260789,0.1194343289959709,0.8251908777665994,0.9137378918621029,0.47901888822031824,0.5996131677399608,0.14948202420819942,0.18505224673959475,0.9559510126890665,0.4714301798326537,0.182756635092087,0.9836362881101208,0.3745565068253628,0.7588244454954245,0.7396241242725423,3.1044466302793494,0.0,0.0,1.0,0.0,0.0,0.0,0.0,0.0,1.0,0.0
69,0.4364131588280483,0.3999814155615954,0.503508222213878,0.4483689671289056,0.18030213592294908,0.5032123496113807,0.13617564322310777,0.0,0.3478260869565162,0.9857379694038554,0.34462323353753715,0.49646884803121566,0.8734833302863303,0.49189055004254867,0.8162289770952753,0.558613872810692,0.8946459228718344,0.08538780483768699,0.9069030951576791,0.7581710240859256,0.8367524581926254,0.38705693171857747,0.1242444561415118,3.725051577033093,0.0,1.0,0.0,0.0,0.0,0.0,0.0,0.0,1.0,0.0
291,0.05083700197319474,0.6589574331886897,0.7078252372640603,0.7207057520000724,0.06442916794214237,0.4482742471231565,0.9289461620040638,0.6666666666666667,0.2608695652173907,0.954234648435905,0.8664421481527529,0.034776068159445506,0.2928652610764793,0.06843118575319668,0.5284766124029764,0.38525628078245333,0.7832386947621668,0.09327033994585593,0.6618695486049342,0.12644750063759624,0.18537592892449908,0.637091705638578,0.48986756414834626,1.128357196065792,1.0,0.0,0.0,0.0,0.0,0.0,0.0,0.0,1.0,0.0
131,0.9258575882322432,0.5165071815942529,0.7564514827099642,0.9015749924933684,0.6266491617482338,0.1745104412022333,0.641349362437519,1.0,0.9130434782608603,0.9076301522074787,0.73375302440569,0.652418794674033,0.678543621478978,0.5243351234079374,0.8023755680618747,0.22441976430879418,0.638275201849933,0.2246587043893929,0.23053043384744554,0.01698519911102124,0.048852855364842185,0.2084248430602561,0.6048752590659385,3.155401252476484,0.0,1.0,0.0,0.0,0.0,0.0,0.0,0.0,1.0,0.0
300,0.7794221612228208,0.21425523101822186,0.949315588421012,0.9430300724590586,0.47143063646234695,0.5541647602507949,0.20418874720568247,0.0,0.6956521739130324,0.7082997866430076,0.7879022263068272,0.08311910016439655,0.03787778794881508,0.4042150425910538,0.7066291343375127,0.1584383044261788,0.061230417387865166,0.14365516743343792,0.5556034099875808,0.4728893210694898,0.2691822831502698,0.7409467759080385,0.14853872786971245,2.553844825474697,0.0,1.0,0.0,0.0,0.0,0.0,0.0,0.0,0.0,1.0
424,0.6059818457122951,0.3614767657541832,0.9005581910368068,0.1537381958462717,0.591998104012777,0.9334366976386259,0.07980201955905901,1.0,0.7391304347826093,0.3438216342129149,0.6031946372934622,0.6067263759581711,0.7234939429888438,0.16489473657086343,0.015989245004493224,0.7655059679670391,0.09928956860516908,0.14065088262621883,0.938430231189431,0.05224874523321357,0.17696783682722125,0.22285191325535314,0.9128342045384548,1.6696165615057064,0.0,0.0,0.0,1.0,0.0,0.0,0.0,0.0,0.0,1.0
326,0.8048717998730556,0.37295090898078864,0.20693879888258676,0.4063610970312378,0.05794513746831398,0.6025245912580377,0.8468838659318519,0.3333333333333333,0.6956521739130324,0.7028406738042978,0.5189851904925938,0.6974267968674557,0.7401010539365339,0.8645717427306575,0.5173720178081237,0.45659639114358397,0.3559667215093877,0.9150419651968522,0.5519153013623366,0.997368213946191,0.4155150738708592,0.5423283665242735,0.16357129517441754,3.3203597668730844,0.0,0.0,1.0,0.0,0.0,0.0,0.0,0.0,1.0,0.0
144,0.4732636006285261,0.41660419991742714,0.3067699775915887,0.8273861910920344,0.4740641510514386,0.33084102923729847,0.6122156014968254,0.6666666666666667,0.6086956521739069,0.6076785937172571,0.04585452484089175,0.9617639073543105,0.9234767535387174,0.0329835519792292,0.1628446924097869,0.4377389196526895,0.9738055835915302,0.782557891404634,0.15173499211465036,0.2821019080965559,0.5819285259244146,0.7507506236108796,0.08266154920907234,4.23460299645375,0.0,0.0,1.0,0.0,0.0,1.0,0.0,0.0,0.0,0.0
423,0.05053240423736971,0.3862463615628725,0.09454088264268717,0.4024671222235008,0.22778627239967553,0.005049215560236353,0.7831446954590195,1.0,0.7826086956521721,0.971913528605544,0.20008704449244577,0.2994098064774789,0.22675368008389551,0.40745904133836464,0.7679447357244336,0.36175573274592754,0.4025105181164006,0.48392602537940244,0.39174290636650816,0.37596009401187425,0.7420773058063116,0.36718606187300795,0.014510356358842527,1.7531035167643896,0.0,0.0,0.0,1.0,0.0,0.0,0.0,0.0,0.0,1.0
580,0.49864517852846857,0.8903568373963014,0.023387712464687543,0.7660416229391646,0.6777984655636321,0.6986997890863669,0.8210568409297752,0.0,0.3478260869565162,0.5867864120296695,0.7125784022153163,0.7175125044774449,0.8632717789739089,0.2080932003317235,0.2881838770776671,0.7873196715594841,0.8925813587410019,0.8139653547676071,0.5665168011111774,0.3753961001163688,0.8347421940795506,0.12487088554983816,0.17336894096721767,1.5955836344382628,1.0,0.0,0.0,0.0,0.0,0.0,0.0,0.0,1.0,0.0
135,0.02161681628043155,0.31815660874866525,0.5308776291014843,0.7613182627155398,0.01946594518942646,0.5000645938302826,0.24671406948846764,1.0,0.6521739130434696,0.42104543677093403,0.6948052343217135,0.3034809812403743,0.388550523096747,0.5230930939220145,0.30282292058287696,0.9418551350600217,0.8285724085431265,0.3857619562059841,0.2954705419164996,0.9111163196334271,0.9455961587516019,0.9108821470422916,0.17433031990209252,2.6190011479139392,0.0,0.0,1.0,0.0,0.0,0.0,1.0,0.0,0.0,0.0
450,0.041205187388696496,0.8009433791926207,0.6568054675974193,0.6920909659545549,0.8423364259604947,0.004808438377960356,0.2951618839270445,0.6666666666666667,0.956521739130423,0.9469598395010188,0.9428266343450487,0.06676895663164883,0.503069620272917,0.5598421344409484,0.7350997032620252,0.19510016870984792,0.1271803985945943,0.572794657291662,0.6952633757571904,0.08992820337342475,0.22993830583907962,1.0,0.10630997183647023,1.8711686986083016,0.0,0.0,0.0,1.0,0.0,0.0,0.0,1.0,0.0,0.0
164,0.5548002059323668,0.14650568320817225,0.8796223758449269,0.6009037270518629,0.6386029604928581,0.6491975031738522,0.8919605595820769,0.3333333333333333,0.5652173913043441,0.3827835821061558,0.4895327920259121,0.2406021497963277,0.07636329324647131,0.5314131469283045,0.39263480295404385,0.7306985924574172,0.9751810684594495,0.9590711891157264,0.8841397992978011,0.8394047750589069,0.12924103753556856,0.8875316124229984,0.588085418272335,3.822113788634275,0.0,1.0,0.0,0.0,0.0,0.0,0.0,1.0,0.0,0.0
28,0.15338287925158078,0.7388023127123803,0.5294903509961448,0.602517790829462,0.47968591497843516,0.5922303835076279,0.9242226602207516,0.6666666666666667,0.4782608695652186,0.967305467418254,0.019095284576822802,0.12445695991123135,0.5176750619768924,0.575650228965679,0.45866979909654015,0.8337252058829563,0.8669493974947027,0.5063525891075559,0.3223696188147994,0.4771657995841593,0.9547894245521361,0.5858520319506592,0.9669204490284404,3.04017811291138,0.0,0.0,1.0,0.0,0.0,0.0,0.0,0.0,0.0,1.0
773,0.8500113770239747,0.8826244194667504,0.046321763450180464,0.8181827524065312,0.446195500273754,0.5271088552512067,0.9775736533289925,0.6666666666666667,0.30434782608695343,0.7562881868072932,0.5431837720249872,0.6950980729743284,0.45380008332890853,0.7925688674340576,0.7377980352703098,0.6597929059445824,0.9770845867297575,0.6610168763993516,0.22339661424293816,0.36491687444703236,0.750877708204155,0.11839721849115764,0.525911801176572,1.389544753529599,1.0,0.0,0.0,0.0,0.0,1.0,0.0,0.0,0.0,0.0
193,0.8316496361777913,0.9761475744304079,0.0563281173808442,0.7001434081327963,0.8359714860228974,0.6753341361949876,0.48598939740198205,0.3333333333333333,0.30434782608695343,0.9295366531897701,0.2555880411306819,0.5880372644634164,0.5667884711998916,0.8621623593962957,0.1427674400301094,0.8628928751959744,0.8434077567922842,0.6495499088290833,0.9777694750789792,0.513325059390086,0.14502904861068946,0.34479629932363615,0.9148651641928145,1.1120223677268115,1.0,0.0,0.0,0.0,0.0,1.0,0.0,0.0,0.0,0.0
388,0.11749558432152951,0.9034613572253475,0.7478444628471046,0.43917142261861497,0.7200865497501067,0.4554629265788424,0.9767052426752454,0.3333333333333333,0.3913043478260789,0.43108882660843045,0.23671911229481557,0.7477929430405914,0.5661786090542347,0.2823301488607355,0.5548880677380399,0.6299598213379705,0.9083418183646172,0.13005647262645853,0.7472603112509288,0.13633999024773233,0.9937814591856245,0.4884043073902242,0.5886765824059561,2.2038521574950254,0.0,0.0,0.0,0.0,1.0,1.0,0.0,0.0,0.0,0.0
852,0.8595792681411066,0.5002395854040481,0.815041234804359,0.36655289361935117,0.8056358299298211,0.022694459208283668,0.709449727358075,0.6666666666666667,0.2608695652173907,0.13518257861413668,0.3580150003726778,0.4708914120768067,0.6320325821257676,0.8308119489618305,0.5965176412962978,0.8880366783435725,0.9685827253136228,0.3130032891448976,0.9500762898707877,0.9132566958603081,0.20141919885916346,0.5085810447406695,0.0819254692359083,2.3914067207509184,0.0,0.0,1.0,0.0,0.0,1.0,0.0,0.0,0.0,0.0
169,0.9536961145526398,0.09233861347650152,0.5014682648226212,0.6042371545190082,0.4591772255476416,0.33147678303050027,0.6987582456269382,0.6666666666666667,0.5652173913043441,0.39432774142426147,0.3004426616402075,0.17342427718650505,0.1387861078053279,0.37187785436846754,0.3480624799785902,0.6361938921169603,0.13928319790704446,0.20292729528706333,0.8291662435164078,0.054752165460665275,0.7053397277370808,0.08754111501495743,0.1150647223203688,0.9249224544306356,1.0,0.0,0.0,0.0,0.0,0.0,0.0,1.0,0.0,0.0
705,0.561451286663473,0.9871927902438785,0.4672480184301478,0.1526463427921402,0.29637161288240776,0.4143913123861947,0.4941860817913321,1.0,0.5652173913043441,0.4216759208594744,0.1235185618230718,0.30952600955811965,0.3092079262569924,0.9900758026421583,0.6906760734747394,0.16594531709335758,0.6850792086109015,0.2175174466749527,0.19498647673792058,0.9578552126820601,0.26006691590915054,0.6961480100144086,0.6998620022699384,2.499877931172202,0.0,0.0,1.0,0.0,0.0,0.0,0.0,0.0,0.0,1.0
140,0.4864606180447012,0.35320635997995453,0.8957687810093582,0.30306912787174,0.3900313106730662,0.621771875736977,0.1890593701302246,0.0,0.08695652173912549,0.28334396725709077,0.43344239221317765,0.49192789392664943,0.03006020160006251,0.8580326462976041,0.7768230166942927,0.525530251035963,1.0,0.005221035399776142,0.9015977964301611,0.9611609264253127,0.0,0.9931489605287287,0.6813793133627737,0.937219866515618,1.0,0.0,0.0,0.0,0.0,0.0,1.0,0.0,0.0,0.0
173,0.9368043382231231,0.7526356873880077,0.1495906871895678,0.9851578101205068,0.29449068709663706,0.04590422268224387,0.42808131782803116,0.6666666666666667,0.13043478260868824,0.5420740679680092,0.15676147227097054,0.9605128573686044,0.7177869802242216,0.053052490538925884,0.41271858473707,0.02530113101444753,0.1965662797187419,0.23629276149768197,0.6341529068253389,0.6875970690535014,0.2720392927898504,0.5545572242222263,0.6186983962035408,2.111476844150985,0.0,0.0,0.0,0.0,1.0,0.0,0.0,0.0,1.0,0.0
6,0.7615274226897192,0.9223453666155409,0.48817731709255435,0.5900706989458859,0.4949740497779972,0.7746456763925147,0.6555457420631702,0.0,0.3478260869565162,0.5479578701530756,0.11466008661997673,0.752838153392946,0.9257003590670771,0.159068888006325,0.9468015866055925,0.7114042325334577,0.5492901908317686,0.23375314291520333,0.12488185234061996,0.5620734642573261,0.7140138011319368,0.5883111255202256,0.08542928109765277,2.4659995675801234,0.0,0.0,0.0,0.0,1.0,0.0,0.0,0.0,1.0,0.0
745,0.48931035890852825,0.6357389104951928,0.78265031107649,0.7172618242412047,0.03554889938434491,0.06673175080573052,0.09808083292889393,0.6666666666666667,0.2608695652173907,0.40300763229013575,0.7926199662996447,0.3281508716775096,0.8925602764539426,0.24966977770850732,0.27876210423652403,0.16521286911557453,0.1793950255698314,0.8506232626880472,0.4150278850913433,0.8288809911536299,0.8899670007474699,0.5464582127012669,0.8668267143128137,2.623499206247959,0.0,0.0,0.0,1.0,0.0,0.0,0.0,0.0,1.0,0.0
478,0.6347470072978015,0.4862952541315019,0.3719099831998017,0.9326182272104939,0.8285744570443899,0.5732827023788951,0.24661763531451303,0.3333333333333333,0.0,0.28104349356118014,0.3189175106247566,0.06356351735840765,0.41948949803325997,0.11276137594023794,0.8835512282907767,0.24322768362148262,0.06066629936443957,0.8396527848882998,0.4274602294945337,0.7888318744696446,0.655390911334299,0.23083440119309817,0.2855645504142933,3.815401831721316,0.0,0.0,1.0,0.0,0.0,1.0,0.0,0.0,0.0,0.0
73,0.2332027562508342,0.9364458818340565,0.8556063388848532,0.723809781678812,0.1741037190098702,0.5057744016818082,0.18273626120371622,0.0,0.5217391304347814,0.45096248469670736,0.6761415872105956,0.8824641076239548,0.9153756792854122,0.8450611340514882,0.9074336265011225,0.47380972239328756,0.2553315513564128,0.6684414228359083,0.7386432657418482,0.3767525747717285,0.1357991342866692,0.37262683367377114,0.8947707193860621,1.688927413253988,1.0,0.0,0.0,0.0,0.0,1.0,0.0,0.0,0.0,0.0
910,0.7651990878291483,0.010509450350883909,0.7040250232713179,0.5112942689753288,0.11979643839966125,0.9621991763429454,0.7473460657002964,0.3333333333333333,0.8260869565217348,0.3698450729779683,0.1039876781727691,0.04523785667307534,0.21871859293257462,0.8644783705931951,0.5122510680252488,0.052276159366783315,0.7021019194832637,0.49134345358944653,0.7569482193911383,0.47299243003854785,0.6063356030080018,0.7597586425449558,0.7813478732514081,2.976774351127655,0.0,0.0,1.0,0.0,0.0,0.0,1.0,0.0,0.0,0.0
813,0.5846501011633901,0.2368030666967692,0.037363134319464975,0.061028027860306436,0.9408244704090115,0.7170373259503029,0.10549865870504181,1.0,0.6086956521739069,0.9677800713996054,0.05152113742784287,0.3774727349360955,0.8265674476396231,0.641309257855121,0.00264986594930422,0.4556821800320878,0.5999138661925167,0.22050012435800254,0.44471137387652654,0.14323667764386944,0.09921006215980935,0.9777380361216437,0.6866645859565774,3.384293915811172,0.0,1.0,0.0,0.0,0.0,0.0,0.0,1.0,0.0,0.0
238,0.016639135069326794,0.17581239218227163,0.3668538316938022,0.354999869035437,0.5367239416037882,0.43750511455938806,0.8385037700313483,0.3333333333333333,0.956521739130423,0.6716916363611013,0.7875883051585867,0.046171289992882336,0.21139204583101412,0.8426048869215971,0.9294443813327387,0.27504019331937224,0.5219759097592256,0.02777675630115284,0.11093990939482459,0.4123030795923883,0.8991066110103595,0.5497724901028901,0.6887151600360348,2.067047746409705,0.0,1.0,0.0,0.0,0.0,1.0,0.0,0.0,0.0,0.0
145,0.2663093953981439,0.32137943827257687,0.9296187361477157,0.6396410511907868,0.2545911678629039,0.8356979017340593,0.6503304963966458,0.3333333333333333,0.043478260869562746,0.5862804031437531,0.7175812363987673,0.6104745241297727,0.01582068858476282,0.3202964738217935,0.8147425756122502,0.14532030921488515,0.9737036512496324,0.33711171086982006,0.14038053868278838,0.1438656249803202,0.3321893044542693,0.8290996947538752,0.7624667321218823,3.111818135924811,0.0,1.0,0.0,0.0,0.0,0.0,0.0,0.0,0.0,1.0
792,0.31707741787854604,0.21634091028802083,0.7395771732454268,0.022676725285979055,0.27363515779494907,0.13168391865654455,0.7145674426122682,0.3333333333333333,0.4782608695652186,0.33186116701402,0.031090011601784373,0.1164769315340316,0.21566238399634224,0.1028801227176252,1.0,0.4686160592408162,0.35618411558880336,0.31049296409873794,0.9412186169582968,0.9335818627946382,0.38506985290129814,0.25368246574667525,0.40679073506035984,1.8546975802344143,0.0,0.0,0.0,0.0,1.0,0.0,1.0,0.0,0.0,0.0
234,0.9337775477592555,0.21380805731906027,0.7482894467775376,0.16381312711262772,0.06631698404914355,0.712969627756213,0.35198224173610637,0.3333333333333333,0.5217391304347814,0.8984784223056941,0.11231726012812254,0.2766520473954402,0.5341023199946611,0.9416012729567604,0.05182054374183867,0.4583604236212624,0.6596205932925585,0.03514554917820967,0.2588246210938943,0.21114030484898053,0.8331058262180041,0.8801851026894061,0.29941350531240135,0.7307937529700638,1.0,0.0,0.0,0.0,0.0,0.0,0.0,0.0,0.0,1.0
220,0.3003548841917273,0.0005493233741125092,0.35363069018492826,0.2739411045353839,0.1810227258833771,0.10153772196647443,0.44463769673904413,1.0,0.43478260869564167,0.31151118251236526,0.9785391438478459,0.1440126195048701,0.19609157968210905,0.3829926803871694,0.1848152007623172,0.19091875829067018,0.07751477327574152,0.3095566925562575,0.6955286814958828,0.7452931963044612,0.1741512706750946,0.8931227281745917,0.7666331753823461,2.7016352469561964,0.0,1.0,0.0,0.0,0.0,0.0,0.0,0.0,1.0,0.0
923,0.5422855034007484,0.3595419076281322,0.6736717562015102,0.9234400670916707,0.8799161527573086,0.3019434654326711,0.5087605837308805,0.6666666666666667,0.2608695652173907,0.34564165718364515,0.03671560831963916,0.5160929275619754,0.07918831771581575,0.3269822895900659,0.5928820572530579,0.49615322596105305,0.5402277499898077,0.3098859301196223,0.7330598186940946,0.3193159210486284,0.036957976833903394,0.7413211227888984,0.10920146245189716,1.2928733141259012,1.0,0.0,0.0,0.0,0.0,0.0,0.0,0.0,0.0,1.0
500,0.737041294570632,0.6720725971561593,0.03127426562288471,0.4138957684968648,0.017947210967566907,0.1705213681061198,0.9152480629109114,0.6666666666666667,0.43478260869564167,0.017304839979562114,0.6901945403409253,0.4776799595964197,0.6444149745211656,0.038893100199666214,0.6799473615369309,0.7511875439755875,0.48365558916294227,0.850187891387443,0.6003001069575671,0.5808842911599956,0.3211630105643506,0.7736876528035923,0.7047569624143795,2.570218034081849,0.0,0.0,0.0,0.0,1.0,0.0,1.0,0.0,0.0,0.0
132,0.5810647759671389,0.09478430553337502,0.9913911715108157,0.09779490554152953,0.4270203148940843,0.21892514949264313,0.7253507220247487,1.0,0.956521739130423,0.8044152097432591,0.4177522156489956,0.42784718115444126,0.7722911188060415,0.5419842771682819,0.9813306739283993,0.8084544775194402,0.24403138506658856,0.8775803803244182,0.7366827240672413,0.6971335896810794,0.5990649790789967,0.10514943277374697,0.9653544802186944,3.763165289211918,0.0,1.0,0.0,0.0,0.0,0.0,0.0,1.0,0.0,0.0
990,0.6228012102451642,0.08798004612371368,0.7907810655244591,0.9801883204407199,0.005959122323622057,0.10741051651336658,0.12763985418759588,0.6666666666666667,0.08695652173912549,0.8867155822507911,0.2890051763861501,0.4371649707395429,0.8062818658812724,0.3986948149406745,0.29593400104387,0.45649171533911703,0.9981963411233503,0.33505676135101925,0.6388211526158178,0.054701107487948875,0.39638903501346956,0.44366550185774667,0.09650303711757971,4.268897898578577,0.0,1.0,0.0,0.0,0.0,0.0,0.0,0.0,1.0,0.0
774,0.0035158132178758628,0.6386492764408108,0.7538840988578006,0.7927605703295184,0.005138234114043683,0.22287414678189238,0.5164366833876669,1.0,0.3478260869565162,0.6790814653820544,0.7774656231733146,0.5779735408484814,0.46634182132288515,0.48714499258683586,0.14131548439878375,0.7767548944633984,0.8145816447387277,0.30129272459733547,0.07426859724774143,0.2727629332049709,0.3054749826074098,0.5810215914869693,0.7397364070075392,1.186470198689977,1.0,0.0,0.0,0.0,0.0,0.0,1.0,0.0,0.0,0.0
185,0.6618368091404555,0.8234921135654173,0.16782797270776367,0.0800013148999848,0.8068856853192347,0.8669915273927047,0.7282719001546812,1.0,0.8260869565217348,0.9335739553052024,0.9859136640154844,0.40706957241956904,0.10217458586698394,0.023318996234214268,0.9869205842502418,0.00019382220806818395,0.01778818450359254,0.7078497677676702,0.764169775085016,0.17128873730676017,0.5916008427620619,0.2170206427534448,0.13719810346498826,2.1052460392048165,0.0,0.0,1.0,0.0,0.0,1.0,0.0,0.0,0.0,0.0
41,0.8332184991720958,0.6677035395538101,0.7874605044357685,0.9247786819490903,0.7534871222621963,0.1500162924852732,0.005187184237198217,1.0,0.043478260869562746,0.41220584419572304,0.13578593832855712,0.0914902988822634,0.7152287419813509,0.8372669220130649,0.5635191469841688,0.70386465241784,0.1039765299512937,0.774010082453467,0.9938494250409298,0.11967299498052084,0.21711302143472497,0.9406952073941579,0.7390584502630826,2.612120898933285,0.0,0.0,0.0,0.0,1.0,0.0,0.0,0.0,0.0,1.0
696,0.7426655257377689,0.18821793371477324,0.8196699855955631,0.29913814161286856,0.3997701382913005,0.12310459482525388,0.3428118110836626,0.6666666666666667,0.43478260869564167,0.14960144867393513,0.4631132280294421,0.6199401064275345,0.6542531344109178,0.7411823405983251,0.48979655994534466,0.5541515655813196,0.3256377772427771,0.593751365824904,0.08229802946716461,0.4175424162696466,0.48501664417254275,0.07272748771111717,0.23574807356011684,1.07924000358778,1.0,0.0,0.0,0.0,0.0,0.0,1.0,0.0,0.0,0.0
108,0.09536085921339466,0.9991867137469485,0.3399587121992372,0.18627956776027352,0.9155093368323709,0.510038857040193,0.3676273138302821,0.0,0.6521739130434696,0.6036862317162746,0.8111395101844454,0.9471045178519171,0.037071801414491096,0.9153471129949122,0.5944575639758294,0.32484362919665744,0.5635539658291371,0.8279661578481046,0.15511566024046342,0.624979368639194,0.31515925046258164,0.6174363275772873,0.24450960320108356,0.8411960498467391,1.0,0.0,0.0,0.0,0.0,1.0,0.0,0.0,0.0,0.0
588,0.19077598178484223,0.29610566532789273,0.44987522995886914,0.7796768776373354,0.643611853974506,0.48953442860348356,0.8642084012691407,0.6666666666666667,0.8695652173912976,0.4882558281185939,0.773115722185101,0.5098213438817316,0.580778976598108,0.09608230179855606,0.514815586633321,0.5576550061336154,0.5257101076772219,0.2587602626162525,0.32911687532542633,0.9768679598775303,0.9802932751888004,0.4751571821113645,0.23082140189623063,1.8870351502647225,0.0,0.0,0.0,1.0,0.0,0.0,0.0,1.0,0.0,0.0
56,0.4586588914394444,0.9108071711498492,0.9785846695434415,0.617466365849966,0.29246581858201737,0.5494048764153963,0.1338722136492922,0.6666666666666667,0.7391304347826093,0.5798105078430745,0.6356014064250992,0.4548422690547442,0.574644643661617,0.4546989791631957,0.5417530440566936,0.9144877770195805,0.28905442386181923,0.475988122164563,0.453627862300843,0.3968078257844645,0.6050484614461508,0.3672267683092204,0.3817568530097322,2.174488296939568,0.0,0.0,0.0,1.0,0.0,0.0,0.0,0.0,1.0,0.0
405,0.8798395525034387,0.2858420792549726,0.24537377239986075,0.812868039160475,0.5953393801843277,0.729875312392029,0.7244768234627686,0.0,0.5652173913043441,0.8296055522578285,0.6094171035322464,0.1948172602853735,0.7093986394549952,0.018637710691037493,0.8452339516372303,0.5798191365141556,0.002828806086935476,0.0242618288609307,0.09369925315363978,0.29546460306564437,0.5755324809185628,0.7574330698556496,0.7851467195640092,2.0658880680978133,0.0,0.0,0.0,0.0,1.0,0.0,0.0,1.0,0.0,0.0
442,0.7349522518470165,0.15325117962068968,0.2003626562771063,0.039838763960583945,0.8780512143672484,0.8194201499416474,0.8383162656257998,0.3333333333333333,0.5652173913043441,0.32249512994485957,0.7049323617666821,0.7450527996627552,0.32540781420241416,0.6886559644516318,0.8581319982492972,0.3860317235612243,0.42004578970837136,0.801019536163188,0.5336398840301357,0.8617955946535475,0.21536802789545148,0.3680296856812352,0.28755444942077385,2.176382759229148,0.0,0.0,0.0,0.0,1.0,0.0,1.0,0.0,0.0,0.0
757,0.9311333159449097,0.9728946085689852,0.6980368346308186,0.27784713239730374,0.989712594959182,0.4932229308689022,0.8855494541718396,0.3333333333333333,1.0,0.1660680482616632,0.5230763075848558,0.9481388109342548,0.8463803443293008,0.16643957213399604,0.2242155437693439,0.20816715865966895,0.1847302550652445,0.9972114067576954,0.9857574377086835,0.7179947089853724,0.7675901215463785,0.2004894271378464,0.3795107208901987,1.9561342201991725,0.0,0.0,0.0,1.0,0.0,1.0,0.0,0.0,0.0,0.0
997,0.0010780044261909927,0.33489545837993606,0.20807006790916055,0.45310848552831784,0.4707932794357319,0.8166433854497706,0.39131992849971653,0.6666666666666667,0.21739130434782794,0.4660238032151854,0.16195779552151796,0.13269916264245002,0.24197442888043513,0.8808417249651849,0.4557492057808489,0.8943178173802164,0.6623073619137577,0.9486047730406233,0.9714732585460746,0.5117225479120032,0.45937532773432055,0.06857229247144309,0.8355953261351288,2.090654352316718,0.0,0.0,0.0,0.0,1.0,0.0,0.0,0.0,1.0,0.0
24,0.7788079965721512,0.6602011062772394,0.45535055510104666,0.3138997415118553,0.7965053131276637,0.6353285221643103,0.8389742936203624,0.6666666666666667,0.30434782608695343,0.24548966733637537,0.7223359320015084,1.0,0.3597733912522823,0.4963693026227549,0.5992808955424835,0.38689384922753334,0.4576699581673569,0.2776063919497348,0.7294603227668108,0.8718412361467838,0.002880861980268351,0.1567431165691628,0.8469615503469721,2.7199012243590013,0.0,0.0,1.0,0.0,0.0,0.0,0.0,0.0,1.0,0.0
467,0.9413648842258452,0.228377350754568,0.5927151757211313,0.3009851142586124,0.6583988654773106,0.14064530899111954,0.7362245907227295,0.3333333333333333,0.21739130434782794,0.5053232589682226,0.6198518265517474,0.6106602366163831,0.034359562589034665,0.7443158443929049,0.6377345831336226,0.419678531824744,0.24418102445651407,0.6911823454867448,0.9192827880389169,0.4754501032137405,0.9994408044142303,0.4747584665496256,0.7382353271206941,2.525143692769006,0.0,1.0,0.0,0.0,0.0,0.0,0.0,1.0,0.0,0.0
539,0.8368523276580827,0.4482135052387076,0.50871491421859,0.30331444935812923,0.3656224177110321,0.0,0.7431175864944969,0.3333333333333333,0.6956521739130324,0.257651094292739,0.08482431163239601,0.22339973710877842,0.6246230707552157,0.2255440945331977,0.2733093974479174,0.5696910652091391,0.5633211356633753,0.5055390085132894,0.42584625065098164,0.6323640248568393,0.4111006378301857,0.9780610731189456,0.4391344985320659,2.990943657751549,0.0,1.0,0.0,0.0,0.0,0.0,0.0,0.0,1.0,0.0
531,0.7056752141385448,0.1268966388307644,0.6386238530380794,0.01586852717504049,0.3165780120553616,0.8421993861867745,0.9928586472171033,0.0,0.0,0.037169163973335084,0.6381097389486828,0.12571229747701718,0.769487133185977,0.5246903774359634,0.34881088883917255,0.6245139017061074,0.3503963940154535,0.9979872666811447,0.35726440917524116,0.12264033448577721,0.0009989732119607964,0.9943046497788222,0.8430237736786372,2.6285166938755813,0.0,0.0,0.0,0.0,1.0,0.0,0.0,0.0,0.0,1.0
618,0.12289828070050235,0.9946499951559408,0.8230907300494366,0.3203368552799337,0.4462110590607431,0.6058485606877051,0.2446899605586969,0.0,1.0,0.1781033920991551,0.5941706068613898,0.3212549000300143,0.7229573960374787,0.47780840272324043,0.5737909154288054,0.9443758936451561,0.19384298785174675,0.4089663772520473,0.4034907030603079,0.9184458430908928,0.3740790352839408,0.2983748410425886,0.12965388580567866,2.0799606338616616,0.0,0.0,0.0,0.0,1.0,0.0,0.0,0.0,0.0,1.0
694,0.909768040378225,0.6781969785226148,0.8750463112709477,0.7522359961351603,0.3995090319156156,0.7500460739559462,0.4562443032714883,0.6666666666666667,0.956521739130423,0.7967047941840778,0.5483162775516377,0.6398532124960086,0.9615787148045152,0.13192424799085212,0.6570409895356302,0.24420551158807013,0.05746664376377836,0.3862973800967444,0.7278570366778814,0.41325930201882277,0.0021939295736955744,0.2712086021867993,0.010778718919547806,1.8537786016612263,0.0,0.0,0.0,1.0,0.0,0.0,0.0,0.0,0.0,1.0
926,0.15941825745508076,0.3520799229611292,0.6835603617191282,0.5366346633849737,0.21544690964133273,0.8201193399196347,0.2603344786688645,0.6666666666666667,0.9130434782608603,0.752526116256215,0.6637154943845753,0.6618426368158166,0.26966815573426667,0.8115217551394058,0.4609937440300734,0.06851437245647674,0.058031325221504504,0.06895384480402983,0.6996557184591499,0.34830214049244335,0.6129314865930948,0.020088755310933737,0.19615572350008859,1.0230223712971216,1.0,0.0,0.0,0.0,0.0,0.0,1.0,0.0,0.0,0.0
338,0.08343773952579547,0.8785923512800663,0.5669189299598503,0.29205613911775885,0.5109630395827235,0.8301701068646865,0.15063823308279584,0.3333333333333333,0.6521739130434696,0.40178557096065626,0.5773171535530752,0.5013932409962856,0.030494061665152034,0.3570386906394408,0.0455897995481426,0.8904602791571219,0.6539675851880058,0.5063300073638718,0.4553472095233038,0.36132456053274753,0.2024921915111779,0.41404897145301867,0.19091926150471789,1.1781008787494636,1.0,0.0,0.0,0.0,0.0,0.0,0.0,0.0,0.0,1.0
51,0.006142280050513316,0.12898553513445465,0.013568191575991234,0.09702206798756985,0.6689215584216556,0.42154730305205795,0.5451077753728102,0.6666666666666667,0.21739130434782794,0.7551490106794261,0.579884858443606,0.4241188432376592,0.1509293558405424,0.8134166947015282,0.29242681371488044,0.14860642611103803,0.8224754900194202,0.7587564426296136,0.34965167159273125,0.4765438986705651,0.11265091769261407,0.46860038694561035,0.6900716512105445,2.4200334054650123,0.0,1.0,0.0,0.0,0.0,0.0,0.0,1.0,0.0,0.0
507,0.8379326988415156,0.4596949297492742,0.937465245754521,0.8102935685257713,0.18701634032067171,0.3998368402522074,0.04627157655956529,0.6666666666666667,0.8695652173912976,0.24072991037767344,0.1828813962443065,0.8287081200606878,0.6629009155366048,0.5799047566160311,0.6944610321274145,0.25141026929989385,0.5986140977599644,0.10956980941828509,0.5968504728824546,0.4709887320700532,0.586149619472301,0.5934704324613559,0.2287819730017866,3.116155687547266,0.0,1.0,0.0,0.0,0.0,0.0,1.0,0.0,0.0,0.0
516,0.3133271715475583,0.11032652442181068,0.14360138691698238,0.6095388568035196,0.43081068327660443,0.17537022133389463,0.7318890000609538,1.0,0.2608695652173907,0.9336775849140825,0.8849109871831438,0.6295276212500325,0.6923802722920275,0.07994737225320281,0.1577636567017389,0.7019595847321072,0.8694397861794563,0.8522410256925597,0.3048367246764844,0.35739941774764994,0.19967769836767638,0.47509019502926864,0.05756392379142572,1.723745469676624,1.0,0.0,0.0,0.0,0.0,0.0,0.0,0.0,1.0,0.0
920,0.09594903760428797,0.4940867911527501,1.0,0.21746320258149174,0.38921651996755,0.4657055304692808,0.7514336168549061,0.6666666666666667,0.6956521739130324,0.4118614373351924,0.20149170814499237,0.7618592501633639,0.77014662310612,0.09531508357985105,0.9776375788748541,0.43430815030478165,0.21801566353889607,0.32135579813549864,0.3634875433081921,0.40702292658112305,0.2127497408762418,0.21641429644340243,0.9048113242925109,3.074003041224131,0.0,1.0,0.0,0.0,0.0,0.0,0.0,1.0,0.0,0.0
781,0.9195176572799643,0.79692708310758,0.1009504606522264,0.8365052082739103,0.9979312372580195,0.9954471821765987,0.38407267672577616,0.3333333333333333,0.5217391304347814,0.1570295382369017,0.5152075486313248,0.3461944986905228,0.6305573103304075,0.044167930271492156,0.5070773250671481,0.28246118964512457,0.3836838403226551,0.2555880426131292,0.293901095702167,0.17231584577030093,0.712979024559659,0.732703617351365,0.22875940620435875,2.340236715409165,0.0,0.0,0.0,0.0,1.0,0.0,0.0,0.0,1.0,0.0
264,0.9216990916814586,0.57697506073889,0.5611634131647705,0.33847079225535837,0.6857718408669701,0.36821172412464304,0.45327656608964545,1.0,0.956521739130423,0.6691711325206631,0.1473287632274246,0.934100296259956,0.6125019136328219,0.7558599210109158,0.24338689959457308,0.23524652473853447,0.42785896766938414,0.9119843647901387,0.6456031749510822,0.36712934103557193,0.5257622743178831,0.12811991139441192,0.25670386926836286,2.074610757519295,0.0,0.0,0.0,0.0,1.0,1.0,0.0,0.0,0.0,0.0
817,0.5361083672130692,0.4725555546152619,0.5959961372907301,0.27952837893513727,0.500286726508616,0.20129011793373736,0.1898460776006365,0.6666666666666667,0.5217391304347814,0.7965532047997226,0.001102753200318718,0.9862910710970354,0.5696340807879053,0.17344493921714502,0.9908779669131733,0.16999335641880586,0.7700389995508482,0.5307832665483467,0.9257388782978768,0.8271385190233964,0.4626397447374516,0.0693771356514348,0.15289433592086563,2.427007213600559,0.0,0.0,0.0,0.0,1.0,0.0,0.0,0.0,1.0,0.0
710,0.995587627466962,0.7881385643893472,0.9725131257063897,0.8680261665215308,0.7936129107970088,0.7728851902112801,0.15444579902814753,1.0,0.8260869565217348,0.722401092856984,0.8132084237903814,0.47481991126021866,0.6395178790436381,0.5881550052970675,0.7454746195004928,0.7590932231408964,0.878620819784149,0.07593644606029387,0.2937823641125668,0.9567245683989927,0.9799544824792016,0.1818001944010339,0.1930932564635014,2.6281235183985574,0.0,1.0,0.0,0.0,0.0,0.0,0.0,1.0,0.0,0.0
682,0.016470773763490043,0.7496563668305717,0.1512867858464207,0.42559513986232844,0.7600663094378871,0.17262974073703358,0.5939031141413706,0.3333333333333333,0.3913043478260789,0.780855283499323,0.9585925303127876,0.9789592480694134,0.6366924882707932,0.1793978864096928,0.9770364229889237,0.7179444058457216,0.5915567751491325,0.20109787970614462,0.9645082904999516,0.6325920333529245,0.5373012466010387,0.06122488080183239,0.42476857379324046,1.9224810057435,0.0,0.0,0.0,0.0,1.0,1.0,0.0,0.0,0.0,0.0
832,0.3957757798192637,0.4505519005026145,0.4616229770349097,0.4136101590857061,0.6821899183339103,0.3325331906773655,0.25728422511645926,0.3333333333333333,0.7391304347826093,0.08968728909921553,0.7093395495218132,0.44299309351862787,0.5837841801845676,0.0869141971345069,0.36540637593103187,0.035206421693314116,0.06796303293421141,0.2869081906562154,0.7900753910567897,0.5099425083730069,0.864177951723503,0.1396003684184674,0.51364772913932,2.539564910337174,0.0,0.0,0.0,0.0,1.0,1.0,0.0,0.0,0.0,0.0
518,0.013478467702793262,0.15407333687587854,0.547723715108281,0.5433793059751734,0.7631853882915326,0.14484364319675264,0.21037635689374978,0.3333333333333333,0.43478260869564167,0.5529844692107424,0.30248981570612027,0.7734069256936682,0.46655207126873466,0.7031639874361603,0.4035973626036652,0.4269551817849817,0.2024916648950244,0.6853573413986425,0.5665652723481305,0.6441632406663114,0.49120058115512844,0.09268857490763607,0.7112138025154007,3.7229769357633145,0.0,1.0,0.0,0.0,0.0,1.0,0.0,0.0,0.0,0.0
447,0.6116122574272752,0.5372894573791972,0.4029057164698196,0.7568381274342589,0.4890254247097092,0.351748483280023,0.4686465621186387,0.0,0.3913043478260789,0.6833933575951618,0.5250826727322057,0.08529333463317823,0.1189652649446305,0.03108376799991451,0.48708255256954436,0.7554111474936289,0.8109785270312742,0.05637593192257767,0.58394370594012,0.058811402399107204,0.6836318821249886,0.8202593989874404,0.4180609545183902,1.6994929715704652,0.0,0.0,0.0,1.0,0.0,0.0,0.0,1.0,0.0,0.0
18,0.82816071045307,0.03977862636153706,0.6137146699690303,0.32592232382936615,0.08691695500567098,0.6010960260109062,0.744101279428832,0.6666666666666667,0.0,0.33208655599803083,0.7105555290743746,0.839627216130906,0.6675788670668972,0.5893353865137535,0.005001368893618796,0.0441545495054263,0.7772166185788003,0.5612435278399049,0.8210078417649223,0.3363408704411289,0.5462336268544128,0.7919243221227801,0.40189767882204097,1.6562464825665857,0.0,0.0,0.0,1.0,0.0,0.0,0.0,0.0,1.0,0.0
715,0.18433861622434933,0.7705195020851571,0.2244347700951856,0.8327511519754353,0.19310039999509387,0.19767309710434838,0.8395085145757378,0.0,0.21739130434782794,0.025823489832751567,0.4860795344810892,0.35182318705092347,0.16210301827321327,0.06259396246213345,0.9092047943541854,0.2293922488284581,0.15045085944809405,0.765089926198181,0.4801497649211834,0.16785200691515847,0.5538857666071201,0.4655964779532503,0.42626731518890526,1.455707006203369,1.0,0.0,0.0,0.0,0.0,0.0,1.0,0.0,0.0,0.0
483,0.31648142636438836,0.22769877603116873,0.33671521515163955,0.5630343727508789,0.24085469049954444,0.3658948832583036,0.7351694471155855,0.3333333333333333,0.43478260869564167,0.5531516794132576,0.637477547136208,0.25298992935425085,0.33522168697711546,0.35084576793705147,0.629047338059008,0.5834158735900119,0.2713001428884394,0.8011968195132559,0.9626105353230803,0.7941603927431363,0.316528968915913,0.9594257182462225,0.8181375153170503,3.477008187801064,0.0,0.0,1.0,0.0,0.0,0.0,0.0,1.0,0.0,0.0
568,0.36615462103138585,0.4772053045695489,0.6544596483918679,0.8375923138320716,0.553506425329059,0.1934676919958625,0.6167150142542105,0.0,0.2608695652173907,0.6977478557758214,0.07183120459698833,0.826412492257105,0.393611766695383,0.09295805831360462,0.009396181826434535,0.7599454177835412,0.42958642650841694,0.33838683993616714,0.9039842051360747,0.7383956142999655,0.2608814362569809,0.8510187023598744,0.8736047643274696,3.754546908877842,0.0,1.0,0.0,0.0,0.0,0.0,0.0,0.0,0.0,1.0
433,0.8385318303025134,0.1571769943712028,0.32082028186708605,0.24756472709657637,0.37152766497846834,0.42680196032145906,0.9170673095551265,0.6666666666666667,0.5217391304347814,0.6483999978247932,0.4526296497444045,0.724273852913538,0.06587004830446747,0.06654716821558146,0.3194101936185654,0.8325012904784281,0.6784224021502607,0.8598163862356825,0.2578189471796336,0.2076676503729983,0.9379096186143442,0.8846242376488975,0.17755151352002546,1.653335299927556,0.0,0.0,0.0,0.0,1.0,0.0,1.0,0.0,0.0,0.0
367,0.6714273711817386,0.13925765267274037,0.41725164033257506,0.6475672145342957,0.5885575699510163,0.7847042287768096,0.2054347859270308,0.3333333333333333,0.8695652173912976,0.7607971976329625,0.816590026090406,0.9437820073354408,0.10808516264060258,0.20035089788247754,0.6882542027477135,0.3481514551215099,0.8187707241092799,0.26609953846930867,0.8378747219967229,0.15339714179529573,0.9857622666745741,0.2366210445812008,0.5381354737889406,1.6847364218462864,0.0,0.0,0.0,1.0,0.0,0.0,0.0,1.0,0.0,0.0
83,0.1660933592134538,0.8437295736738709,0.17920866272567854,0.7812402521144836,0.30910032281392674,0.05063696915771515,0.08294685667385727,0.0,0.3913043478260789,0.5801166981586339,0.20417522787311038,0.6420922211706968,0.6278717598345868,0.15549687764287112,0.1091449740738811,0.6065944995042862,0.6551916278366865,0.882560598677157,0.08396776048018131,0.4322417340168496,0.06277958796216465,0.34655368859099894,0.15540179095172582,4.092793039800895,0.0,1.0,0.0,0.0,0.0,0.0,0.0,1.0,0.0,0.0
61,0.47086530133748783,0.6102110395113042,0.26397781662232644,0.441803681123746,0.7035842144922858,0.16048699027731878,0.4030886343219422,0.0,0.08695652173912549,0.2334631968007437,0.9172132389320468,0.32112381646116456,0.07582781319782803,0.21552952896340097,0.6871134615733023,0.8661714330118246,0.8885531457727192,0.931900567240662,0.8385357709573209,0.8778408897768523,0.46912374316213845,0.812275966031907,0.2588889714152613,3.568451452949088,0.0,1.0,0.0,0.0,0.0,0.0,0.0,1.0,0.0,0.0
638,0.774135237066255,0.24562625429762097,0.8229585522088743,0.8048964444362098,0.17513577675195113,0.047158437667669195,0.7941795833001263,0.6666666666666667,0.6956521739130324,0.5394885827512369,0.6093657304676404,0.8351432195920272,0.21152100494283282,0.4373163163349102,0.7239571022413477,0.6182834126462708,0.6482077084661003,0.8126538279738977,0.7371159426497949,0.5887310476906351,0.17342357679927076,0.521190935326471,0.4903517613591661,3.5914322925583098,0.0,1.0,0.0,0.0,0.0,0.0,0.0,1.0,0.0,0.0
272,0.05226009695390599,0.3974422088912334,0.7543654308040775,0.6418096958227724,0.8069743233119663,0.8259631750450547,0.5938355334727663,0.6666666666666667,0.6956521739130324,0.9800515588551616,0.9220654922814516,0.7102800633971158,0.9327225189348813,0.8251581346208996,0.9936792303968829,0.6106976933189401,0.8922046694077699,0.728604944240664,0.38248536555249535,0.8320888021993357,0.15485371601989964,0.1560040133753528,0.1313054906620476,1.4310571705757162,1.0,0.0,0.0,0.0,0.0,0.0,0.0,1.0,0.0,0.0
285,0.41591456749020705,0.9332845345791817,0.09117813114752238,0.6388765857225112,0.15553626456779135,0.11147509067952638,0.560815934554529,1.0,0.30434782608695343,0.1676711269845056,0.09859639631850464,0.3303058729846438,0.39003387236447085,0.9821100747332834,0.4830796594519533,0.6376212437018562,0.19831033979736107,0.24399822485144423,0.5522066330454138,0.04184549476126537,0.06317230928503603,0.9727306126153923,0.49003338913861033,3.8305735729971473,0.0,1.0,0.0,0.0,0.0,0.0,1.0,0.0,0.0,0.0
360,0.931986750437834,0.668545280453036,0.8307524680288982,0.317813828091692,0.24214617966214014,0.6449467255333665,0.3480921688330355,0.3333333333333333,0.3913043478260789,0.17181937031289313,0.2765215001112512,0.34477661273503507,0.6163148493793796,0.44357102916446167,0.7587076152431586,0.7724215239136054,0.8548425932711543,0.8795728233040943,0.047443591627927384,0.3769805913330678,0.434503761073585,0.9208889374910023,0.9363892573251174,1.93373591904849,0.0,0.0,0.0,1.0,0.0,0.0,0.0,1.0,0.0,0.0
354,0.46574334695597697,0.8747749959506325,0.42494657808464226,0.49546012734443634,0.8926365234572343,0.9052614759745712,0.27343536710841204,1.0,0.5652173913043441,0.5277939369840781,0.6853807170696622,0.768259863454444,0.7689839737797955,0.9768827245236174,0.11452449641837606,0.5623757155711591,0.03200072025362399,0.41831480086765593,0.9917965454094979,0.1893899020817368,0.7175542077408879,0.7507187814402337,0.6716075063793194,2.377862847930941,0.0,0.0,0.0,1.0,0.0,1.0,0.0,0.0,0.0,0.0
456,0.9808817591153752,0.22565772302651566,0.6054977347989576,0.9380799625539991,0.14823126340616777,0.1775776736242109,0.47204630754452975,1.0,0.956521739130423,0.9573170349880856,0.20138528184211002,0.7210826511788708,0.7667735005468688,0.4563623370075657,0.6158672405286411,0.8415266834919204,0.47139610007801935,0.4395448373980997,0.31010899876712933,0.7708173189756866,0.2410445392006839,0.5379826007460144,0.7255232486923253,1.055666661547099,1.0,0.0,0.0,0.0,0.0,0.0,0.0,0.0,0.0,1.0
278,0.875635522859323,0.8665763533892049,0.8604930767170891,0.3235838000046479,0.2885266540082896,0.1771167823333753,0.7501795109849505,1.0,0.4782608695652186,0.9306485872572232,0.3108898901451382,0.2945548484425899,0.6608848515279733,0.445775664776323,0.7795605167810348,0.8108776295366216,0.6014873507176592,0.7116306061288624,0.2406105231545796,0.3054184349927993,0.9663363091661706,0.6794381273813822,0.06440249800646497,1.75426823152333,0.0,0.0,0.0,1.0,0.0,0.0,0.0,0.0,1.0,0.0
12,0.6440027091670225,0.4727837943787506,0.13753655817589383,0.7623710091989001,0.9299685731093851,0.2037539159994925,0.00972939708509836,1.0,0.3478260869565162,0.680200349608219,0.8901037752118632,0.2776170401623758,0.042953644035406996,0.27633091105108054,0.4281611696111005,0.49369911024427227,0.5037772422094311,0.05955653928568316,0.7111330990034463,0.704804128326118,0.4384882841693244,0.05208880399671226,0.22795686261261272,1.6570069152141549,0.0,0.0,0.0,0.0,1.0,1.0,0.0,0.0,0.0,0.0
182,0.518729326118197,0.08555744834409051,0.8382098219247389,0.4914770464830437,0.699344688809472,0.0021603854730017358,0.8116935902749297,0.6666666666666667,0.6086956521739069,0.5117989353309662,0.39876064994794075,0.7859426508279139,0.9980292671227828,0.8711910883322858,0.9628246638771982,0.914903020663858,0.6734081088123393,0.11448293654266317,0.7463331818574055,0.9230408730020456,0.43510761493201155,0.7609620815891329,0.6247891300523429,3.067551412094513,0.0,0.0,1.0,0.0,0.0,0.0,0.0,0.0,1.0,0.0
368,0.3331136723173088,0.18816194143862952,0.3650848628974804,0.13457448222765644,0.14587372651107133,0.8289639682452172,0.553478761145873,0.0,0.8260869565217348,0.33541186713531324,0.764775254205228,0.8377686242130846,0.9143467471780407,0.9762311428251866,0.7355744505901429,0.6318918189669964,0.9610484993342228,0.23296252744261625,0.3440973258824019,0.5567914201195867,0.10258824145046289,0.35920707234801486,0.6369295348397279,3.39880786255863,0.0,1.0,0.0,0.0,0.0,0.0,0.0,0.0,0.0,1.0
881,0.601822571615963,0.6368500551435897,0.09116151630256925,0.9150855873891828,0.5966339040173091,0.22292826805103932,0.6523480231766768,1.0,0.17391304347825098,0.9423707626473867,0.11903189872220887,0.8885861447952235,0.7099126293702699,0.4378947987074071,0.4211593761123287,0.2648887691443016,0.12334235439643737,0.09760609942729398,0.8920450868070191,0.6788492569839745,0.28940062187014914,0.4789533195923368,0.7306621222605556,2.803004581388956,0.0,0.0,0.0,0.0,1.0,0.0,0.0,1.0,0.0,0.0
615,0.7340828068821975,0.2127895852856293,0.4931885264435009,0.6947473739299725,0.28619475905309144,0.2262783692475417,0.1250802451319848,1.0,0.3478260869565162,0.6368905983093902,0.4358095182385934,0.7800277367805593,0.46451297060331365,0.4736038983980265,0.307339897303621,0.38846929804125985,0.8964370490010614,0.34471195978636915,0.38980547244427227,0.6447093020851347,0.24877400292126298,0.3202030073753946,0.9605577869713429,3.107311433481096,0.0,0.0,1.0,0.0,0.0,0.0,0.0,0.0,1.0,0.0
223,0.956425786177436,0.6464811021246951,0.1879614550072441,0.6957678717160696,0.15207135461109356,0.10209993035500181,0.14564968079077117,0.6666666666666667,0.7391304347826093,0.9258010280776293,0.6866586427077402,0.7537972538642921,0.46876876183600746,0.7523233538337676,0.780915320096446,0.4638041708257101,0.08342140952550142,0.5464507180079969,0.25832803145987926,0.10366008663285253,0.7040815255713783,0.9472374386715707,0.011092955960715828,2.4041979906882047,0.0,0.0,0.0,0.0,1.0,0.0,0.0,0.0,0.0,1.0
572,0.48236608126001645,0.5522496858906488,0.7507920344438059,0.30678799792572053,0.16201986004233926,0.5012641599902079,0.6453490878611784,0.3333333333333333,0.43478260869564167,0.8066536582682216,0.41564729984761617,0.9335100392299918,0.5948037832060229,0.17409789893550567,0.9013810377936278,0.7243952353795029,0.03991759336548706,0.27009720703380713,0.9587620229303662,0.582508707313308,0.8399249695437604,0.4691783160523557,0.19339465516024862,1.7677061270380232,0.0,0.0,0.0,1.0,0.0,0.0,1.0,0.0,0.0,0.0
970,0.2524889238805452,0.31203778269951143,0.4679785591634597,0.9543847036452459,0.6264879123069854,0.3853366465478734,0.7738912848275068,0.0,0.7826086956521721,0.8705248866656967,0.7222776832479034,0.04337147031377453,0.6353767264405421,0.17976902633644845,0.800253667596736,0.39697928066266774,0.654837890844645,0.637684577875956,0.6711929027081358,0.8034600772492532,0.598201960741706,0.8953631431656024,0.2563083744775039,4.3760471407398605,0.0,1.0,0.0,0.0,0.0,1.0,0.0,0.0,0.0,0.0
653,0.2369295656338989,0.13466705942678125,0.7443416436030799,0.20275734798316536,0.12367254068288869,0.3601078733920137,0.5251498872018319,1.0,0.7826086956521721,0.11935656449339738,0.672670397796347,0.06429266609339901,0.18979673221472704,0.34366904595572945,0.13191300067581738,0.9760020506824336,0.3722331631205976,0.6557544666251025,0.13224591164132968,0.42701439683171183,0.8372369284180571,0.6745394132981752,0.9457561496620348,0.978587152826476,1.0,0.0,0.0,0.0,0.0,0.0,0.0,1.0,0.0,0.0
545,0.4479659710704579,0.3919712059645085,0.3738108853779663,0.47089062103634904,0.27428319697072245,0.28962157756409584,0.8461294280172201,0.0,0.08695652173912549,0.5065018994356378,0.27221804569565367,0.2213735889740281,0.8471996568014943,0.5547496823665433,0.30528228311650096,0.8508758263321945,0.3624089342218987,0.13843780513632248,0.3900412673686988,0.01894126243179134,0.6502952298919676,0.5778409941633101,0.05406559239167458,2.770840325502714,0.0,0.0,0.0,0.0,1.0,0.0,0.0,1.0,0.0,0.0
582,0.10396793166401319,0.4015833605054052,0.07427955578668755,0.401551737006259,0.8499619627608116,0.32398797197074297,0.7495888066258838,0.0,0.0,0.5367791125334785,0.2214490061276274,0.5292346375535755,0.031431049679258305,0.38611286740472706,0.6118542163960388,0.6000862230977426,0.11465850321468779,0.37390552136894983,0.45372769288392084,0.9736738315755546,0.32383208423683063,0.005371762714985517,0.8792166016224463,0.973324887426294,1.0,0.0,0.0,0.0,0.0,0.0,1.0,0.0,0.0,0.0
633,0.3722615750313586,0.6906407292336548,0.6295330058799422,0.41555364029405084,0.27067582360225395,0.07022928829150515,0.5795173200896031,1.0,0.5652173913043441,0.6401690939601936,0.3191094172034526,0.5643720589988672,0.32039481551602583,0.9947803838391809,0.06646152797973767,0.8619998587404973,0.43662289656023245,0.5243274912629076,0.991720714262919,0.30226225845782695,0.770598640502155,0.15928123703253133,0.280354010974652,1.1163864107139634,1.0,0.0,0.0,0.0,0.0,0.0,0.0,0.0,0.0,1.0
176,0.43478937364469605,0.46467056059878364,0.4120678976571421,0.8674331704164004,0.6115750214285202,0.19147592082644566,0.7069967940772952,0.0,0.7391304347826093,0.6284944237526623,0.48587481973467406,0.24578008427882442,0.506813406936749,0.08013676618112167,0.18547048289429088,0.19708151886413683,0.05498800718704577,0.6151632097656846,0.781382519609471,0.2938488372981707,0.462694839085519,0.5928847006649609,0.15913555946713098,2.595205003429829,0.0,0.0,0.0,1.0,0.0,0.0,0.0,0.0,0.0,1.0
665,0.7179340872484851,0.8514122345749767,0.8057826598580156,0.41968588882913127,0.40808485850254494,0.6964937104564797,0.7158557348193624,0.3333333333333333,0.08695652173912549,0.6597427791919426,0.7403100802258069,0.7592555742097493,0.4513733571893569,0.4350383682847979,0.2984198214969149,0.6345473303485889,0.6475976474469612,0.4581732871520783,0.2908575631675671,0.8006830827726605,0.13750548985552288,0.8330399112563543,0.25183735847877126,2.93965271321637,0.0,0.0,1.0,0.0,0.0,1.0,0.0,0.0,0.0,0.0
673,0.701140206773725,0.12791481578490527,0.47073497831688,0.3456345221845275,0.2806598109297487,0.5492752716981961,0.4350603593763643,0.6666666666666667,0.2608695652173907,0.18237758826737765,0.5328998031072426,0.11840796555623484,0.9668798682580926,0.5529026616561441,0.5079988850529131,0.8577118028545851,0.6078625922639439,0.4388485492631389,0.25646476380237365,0.6748830257238494,0.8584041304128806,0.3021380752391405,0.7468542044157251,2.251592720561772,0.0,0.0,0.0,1.0,0.0,0.0,0.0,0.0,0.0,1.0
585,0.6309420319934381,0.9393168856226416,0.444022359331057,0.8010586782552147,0.769067344288853,0.9515922540479218,0.25711894832741045,1.0,0.17391304347825098,0.36319188905079086,0.8543136356872222,0.960461756837619,0.91474695976717,0.6680705620640061,0.2853929012014562,0.7243859548997027,0.4037357003602775,0.12707623415339714,0.3402195150826103,0.8704387995338817,0.21270345509743663,0.7563562634350716,0.6285445788340913,3.3989545049758,0.0,1.0,0.0,0.0,0.0,0.0,1.0,0.0,0.0,0.0
873,0.37671338901863993,0.9856090029482739,0.2476624573699699,0.11938407598694417,0.5842526673352383,0.15425026653740798,0.3500392430156189,0.0,0.21739130434782794,0.7779586127929328,0.24678480426697644,0.3837958157229224,0.12555111759898718,0.8844497639063603,0.21102434429956538,0.21153029522710431,0.09263515758644802,0.5217242548601542,0.07697818322769778,0.1375654576602143,0.002461025902530445,0.1783920413105307,0.4487536492216551,1.8628007079532576,0.0,0.0,0.0,1.0,0.0,0.0,0.0,0.0,1.0,0.0
393,0.6863240280105777,0.05937071302414143,0.008254830665921475,0.027735675452101677,0.6532603580877508,0.4636610380053053,0.1330518761981116,0.0,0.30434782608695343,0.7048864077992792,0.20802575710739268,0.2800190046248034,0.3636011744009188,0.9028964358377879,0.7419564009085388,0.06969750211650716,0.449351880685134,0.6153532695833516,0.6641569912616481,0.9023247461818424,0.2644216726620463,0.9015627501182333,0.9418918967988246,0.6542054986236943,1.0,0.0,0.0,0.0,0.0,0.0,0.0,0.0,1.0,0.0
163,0.03625665987506266,0.16766600634643092,0.4238012074307957,0.7151640670462786,0.39591327943497023,0.4149519261276437,0.5706339874457764,1.0,0.8695652173912976,0.2226992590467618,0.5770639215419058,0.3921740610283893,0.66910546660938,0.7556140522798718,0.23910552109632668,0.01771598619827852,0.4224676975270619,0.7200120940610929,0.022951417364842575,0.02563620744125536,0.008196453895791378,0.8202353065893397,0.9692694229586307,2.6016463423150324,0.0,0.0,0.0,0.0,1.0,0.0,1.0,0.0,0.0,0.0
248,0.3737464374119831,0.8888215994842251,0.386729434152602,0.879866313240173,0.19508178940155596,0.1021076703287615,0.6163943941243282,0.0,1.0,0.39272760628152287,0.6230711320130351,0.054602136770175114,0.40093227289351274,0.8429866088837168,0.18079394379121802,0.21312962927900747,0.873525317012988,0.08299926989762746,0.08614620731247291,0.4067223126922066,0.6905030113825672,0.05339417845117364,0.6826467956229207,3.25066868766713,0.0,0.0,1.0,0.0,0.0,0.0,0.0,1.0,0.0,0.0
634,0.047566647421575015,0.9835472163236983,0.5199933001789463,0.5891051066725215,0.6483715353712535,0.11240815971088752,0.7927625044035362,0.0,0.3478260869565162,0.10741932444096874,0.6439024431092826,0.4143032400620044,0.5902376479850516,0.36468226738187504,0.42634127134819255,0.6759122371011657,0.8072914419089627,0.2043670872155458,0.21317002765342286,0.7119746198368793,0.9880282188181945,0.1344958815268001,0.47257093004485456,2.195486436145854,0.0,0.0,0.0,0.0,1.0,0.0,1.0,0.0,0.0,0.0
885,0.3767748222963764,0.33052077952052283,0.21984530752273385,0.038724841713309366,0.8455559764535471,0.04106739184258962,0.957484130001875,0.6666666666666667,0.6956521739130324,0.15286221312179687,0.8662473066174903,0.04654202001345353,0.019067027609871084,0.3220533355824464,0.5241124706901044,0.7307446390660144,0.3759076659294187,0.9476072813519494,0.13832040428633274,0.36245429515341177,0.957178715751618,0.6944652137499491,0.6742408558109498,1.8287295107438248,0.0,0.0,0.0,0.0,1.0,0.0,0.0,0.0,1.0,0.0
669,0.40757634641524587,0.8678566908596431,0.466112299256963,0.5758895911023653,0.2731051010050719,0.8330312128136954,0.8451104174834685,0.3333333333333333,0.6086956521739069,0.8939655100131396,0.8710366827929812,0.5237300438686747,0.5019349624396983,0.4399099748570925,0.009258382069021187,0.9861073174414354,0.24177860665405104,0.4487436668194672,0.5585765809906444,0.6384158104005596,0.4827773088922379,0.15856722968117515,0.22500096716428186,2.855149326099395,0.0,0.0,0.0,0.0,1.0,0.0,0.0,0.0,0.0,1.0
375,0.1468628830093368,0.08030461674664657,0.1477242405988068,0.42421734569698044,0.16897549804030143,0.682211234801622,0.20424141166460863,0.3333333333333333,0.6956521739130324,0.5791165809277556,0.21419703292279996,0.015038084408120045,0.13106496080073665,0.5090525074281602,0.7172665914194319,0.7172860950954592,0.5015324449427145,0.026365323257734496,0.578316174687032,0.8244689315783363,0.39713036816875347,0.8834551184230937,0.09550786117193952,1.1976750515343535,0.0,0.0,0.0,1.0,0.0,0.0,0.0,0.0,0.0,1.0
412,0.08939793295703857,0.8425600606660325,0.4155838532445599,0.5111611138326918,0.7424624962314353,0.3308622368989141,0.4339778219314068,0.6666666666666667,0.17391304347825098,0.6400404071372874,0.2437558202964917,0.6080776658742855,0.9715141719661355,0.47288744309492403,0.6343215666692633,0.20591234021497984,0.3887317253188689,0.2578304223568899,0.11543747837614535,0.2654936288355718,0.3027718719271354,0.0,0.9998845060774233,3.081224870666894,0.0,0.0,1.0,0.0,0.0,0.0,1.0,0.0,0.0,0.0
74,0.057191401469184,0.854402770794661,0.3884708451203212,0.8695220164156848,0.028179640186304478,0.9853909011825461,0.8111862006175559,1.0,0.3478260869565162,0.9900308687545258,0.7409189613126363,0.6747828120507042,0.45379927475887805,0.8560303875813621,0.8711171088291567,0.069516860583696,0.14313956502889802,0.787452862937756,0.949926487759396,0.11575038510130489,0.6982349785928168,0.26402408570089014,0.4685767805005043,3.541331326702049,0.0,0.0,1.0,0.0,0.0,0.0,0.0,1.0,0.0,0.0
113,0.5792192773748602,0.9334058303769216,0.6124337332571221,0.6566162706339473,0.4999951296230499,0.9370199078901038,0.9524894079462434,1.0,0.30434782608695343,0.7314128129872479,0.4727420865551772,0.6408406152656221,0.8858542906087461,0.01508441994865281,0.09651093498852789,0.12239062383293842,0.9865289280275156,0.07010800200179912,0.4997637919560291,0.9350614404986173,0.2556353775794882,0.9759599334863907,0.1705457105435402,1.323199838790856,1.0,0.0,0.0,0.0,0.0,0.0,1.0,0.0,0.0,0.0
598,0.9826643209872593,0.8123604827073813,0.9429252522447309,0.9518115876762867,0.33093862653742423,0.5746571897840482,0.09301292942378149,0.3333333333333333,0.08695652173912549,0.4286051802568616,0.7266519803703444,0.1713627267912261,0.8167532127481244,0.10753455607092641,0.8884450619716278,0.9655083766388777,0.8328206111919363,0.7475395948531824,0.30874720894095564,0.03516107886844541,0.5440389247746265,0.018799650223388864,0.886180706583322,1.148997246527791,1.0,0.0,0.0,0.0,0.0,0.0,1.0,0.0,0.0,0.0
961,0.43425425943863993,0.41719245695710894,0.9703051664307794,0.12924521144578507,0.15833743521203558,0.15487818704617623,0.1754477694335791,0.6666666666666667,0.3913043478260789,0.376587027479108,0.44856422992293926,0.03196920654706886,0.782253912414476,0.022180299550438126,0.937706782281784,0.023887274515035806,0.14737856760488055,0.7727190099193122,0.7559964488241371,0.91143184901212,0.5127657211565695,0.5747296207172433,0.9452107198602295,3.920299839252674,0.0,1.0,0.0,0.0,0.0,0.0,0.0,1.0,0.0,0.0
390,0.6371969882436849,0.936382414796547,0.591387323233207,0.13781467542600703,0.20033269605984583,0.5620401071600378,0.13635761231343685,0.3333333333333333,0.30434782608695343,0.6723505543021495,0.6285209139375716,0.76512201855842,0.3424729965881499,0.7399335959901493,0.5486821858216718,0.2632192455175435,0.655617779833611,0.3235433471013339,0.4084931959026164,0.9988144245844941,0.009391803806301224,0.5137511098592822,0.0701298976669007,1.5218862161939557,0.0,0.0,0.0,1.0,0.0,0.0,0.0,1.0,0.0,0.0
104,0.7791761870958719,0.1379616471054782,0.6058345235271763,0.6410940799596534,0.9075884014582104,0.8262018067570804,0.42959830493964385,0.6666666666666667,0.6956521739130324,0.7026525427599845,0.7298350282257049,0.7316426375180443,0.3263375205952379,0.35702758590244765,0.914692698931675,0.1131926208724825,0.4534280138006568,0.15631061879512276,0.6063705908287846,0.34593213398383804,0.46871389308425493,0.801926041810754,0.09119351737155404,0.9692996850422576,1.0,0.0,0.0,0.0,0.0,0.0,0.0,0.0,1.0,0.0
114,0.17591412409351037,0.981378811939129,0.011455460279575558,0.45121313113355266,0.7678613453095439,0.11590211681079093,0.4115387997680255,1.0,0.5652173913043441,0.12659612647864354,0.4316680857470556,0.9207640404001898,0.05325870157075108,0.34167977407444616,0.11472768816279064,0.94450133566207,0.7967300879054142,0.7272985217922652,0.8226499519845525,0.2774469087132303,0.24058961926715863,0.798810274897941,0.27790965543702445,2.4853451908158464,0.0,0.0,1.0,0.0,0.0,0.0,0.0,1.0,0.0,0.0
417,0.7771889944164508,0.543573060840553,0.5266761967806068,0.7871152191631553,0.013062434635053966,0.9609665417776021,0.20265702740143293,0.0,0.3478260869565162,0.8613234762575215,0.7364039622809762,0.039083380030255466,0.10024475701512103,0.07470868120597268,0.5789621842867118,0.08826357968483789,0.03647828767385419,0.2526827241006261,0.23660440840146046,0.163262198555671,0.7326725499178641,0.29694954603977647,0.6788513444504392,1.9716919136800155,0.0,0.0,0.0,0.0,1.0,1.0,0.0,0.0,0.0,0.0
525,0.36446199470619056,0.1748536092385614,0.1487793942948652,0.4322160781061557,0.5576360115482936,0.9161731257011418,0.9999712682893818,0.6666666666666667,0.2608695652173907,0.8383519304435266,0.572482484621303,0.4045593121292795,0.1843459072674194,0.18849267611280304,0.3530392525443682,0.9577192281525577,0.12921317201087024,0.2930127252121336,0.40394993625227266,0.6846573077897882,0.1866904127923489,0.03598900232390656,0.8805529650015951,1.8137435186322528,0.0,0.0,0.0,1.0,0.0,0.0,1.0,0.0,0.0,0.0
457,0.45830300090637077,0.4378030191590473,0.098813882159493,0.9027743635389551,0.5838444208289039,0.6462918626822369,0.7240336149757454,0.0,0.6086956521739069,0.8973578487234207,0.17565923934702632,0.006600872177901285,0.5811916818766537,0.7910772947123688,0.18740146908295138,0.38981989818985374,0.575597099914132,0.5816372861032247,0.7303290933502078,0.005726049067610636,0.733617427481395,0.19953362899082966,0.12318253875166735,4.428710181478959,0.0,1.0,0.0,0.0,0.0,1.0,0.0,0.0,0.0,0.0
409,0.9999999999999999,0.708101821055228,0.9323298547950878,0.10029277303303594,0.16270025300915758,0.8188299657161546,0.21160773901369284,0.6666666666666667,0.43478260869564167,0.6843690102928932,0.6451055768328685,0.4732327110164352,0.37319069254988724,0.8822243390823133,0.8823525163695807,0.01861870643855923,0.622456330702678,0.5922246177382828,0.8834468178962598,0.3200922348505685,0.8702725353685389,0.41635376161911597,0.4622985872343573,0.96360626986028,1.0,0.0,0.0,0.0,0.0,1.0,0.0,0.0,0.0,0.0
92,0.44587217710135263,0.2891185072175847,0.5711379520040092,0.8506692784750338,0.8360075931215253,0.34335713965893594,0.6163991417796276,0.0,0.4782608695652186,0.26517644195319534,0.1279490482167382,0.6588122152811373,0.42230991175446353,0.826532399431317,0.3245786921144298,0.022794332650202254,0.6167482618954089,0.552761562822851,0.3855205618786426,0.7648259443417574,0.6070156094823377,0.4626517354955674,0.5750932335709076,2.824396333870974,0.0,0.0,0.0,0.0,1.0,0.0,0.0,1.0,0.0,0.0
930,0.2954285704895333,0.6441972353210922,0.5935561207591089,0.5314413366910791,0.7577081924244015,0.9935532332722803,0.24127803062811454,0.3333333333333333,0.13043478260868824,0.6134064575095234,0.07134223492154956,0.858195739084199,0.3243621953389292,0.06493094754943998,0.6389978276106761,0.7107971441315573,0.4231437000814239,0.9700396209687132,0.6506611300185345,0.45835068775180743,0.40723947453850406,0.38527873223357434,0.15456497506240904,3.884797513777908,0.0,1.0,0.0,0.0,0.0,0.0,0.0,0.0,0.0,1.0
89,0.5008777467468121,0.45643408319951917,0.4653456513500452,0.919579013079771,0.17742294155401284,0.2900449819523196,0.7294797232189724,1.0,0.5652173913043441,0.10161075853821028,0.42245457243096207,0.21819967446339722,0.2896104417969325,0.4261694509372005,0.18125635913753643,0.558980664100778,0.6956107205457344,0.01403347218627693,0.04384555327920159,0.7881569302928322,0.7571007221670005,0.6948600212954762,0.6429979432590907,3.2343174811983024,0.0,1.0,0.0,0.0,0.0,0.0,0.0,1.0,0.0,0.0
336,0.09406288276497077,0.18729598137610726,0.8684098881593203,0.5246723252106256,0.0173259524156546,0.6955140224059781,0.4273911750388045,0.3333333333333333,0.43478260869564167,0.8323561964745263,0.41866940932383107,0.21079699113753447,0.8009950201540385,0.36430524327225644,0.8245521172160222,0.048839301195891416,0.9082573651872401,0.6682664575346356,0.8234481949253021,0.40888980118298757,0.2643109320587854,0.610248608500154,0.2932168591730753,1.25084334840381,1.0,0.0,0.0,0.0,0.0,0.0,1.0,0.0,0.0,0.0
988,0.34189828737737005,0.987877414257332,0.1581554905375494,0.9910221804897762,0.9195846697802869,0.951037133908198,0.004769119448873108,0.0,0.5217391304347814,0.031006482320544537,0.3370176424716169,0.255141419970157,0.6430936357797584,0.4050655045381165,0.828793442326841,0.25336679582672517,0.9585474968062646,0.8515503201445336,0.3249847190799998,0.43101737540185103,0.25348496593884484,0.10696891995489943,0.499571611878685,1.418630140324185,1.0,0.0,0.0,0.0,0.0,0.0,0.0,1.0,0.0,0.0
921,0.846365241549394,0.3000823087383767,0.004791617362155748,0.8672694300198248,0.1602153786356597,0.008300533329443971,0.7912953908750648,0.3333333333333333,0.13043478260868824,0.7510126575635976,0.5326057880442708,0.12815911833926874,0.14550756541436405,0.8973625355202419,0.10123738139468494,0.8121714903678092,0.35142052155852554,0.582365992163081,0.2936727028004949,0.9883630544641135,0.48387977806073446,0.2865175815606719,0.015532866025800215,2.0389945368647635,0.0,0.0,0.0,0.0,1.0,0.0,0.0,1.0,0.0,0.0
933,0.7604002935383175,0.8108903844014445,0.8821261651591261,0.035426297162995224,0.25028668330741655,0.24882131612484565,0.6970796725172305,0.0,0.5217391304347814,0.9667264715680461,0.20173614296766781,0.8548318838274034,0.3771824941903781,0.32530733178209603,0.2694365234575362,0.04602556239248434,0.3972632891447446,0.14502565461164552,0.61624070015648,0.8138903142005292,0.9898622914771321,0.994059987529835,0.5891766844396171,1.0642810664031364,0.0,0.0,0.0,1.0,0.0,1.0,0.0,0.0,0.0,0.0
605,0.7824373948010949,0.275991336231996,0.14192065973198476,0.003365009072115288,0.3212922300000205,0.5567062646275884,0.10528250258584583,1.0,0.3478260869565162,0.4205731862158414,0.9444382575930963,0.5571109786198312,0.8487572316661475,0.13808730966775307,0.07589537580234704,0.20614615522028057,0.24090639978626882,0.048619244332514466,0.9647542422751529,0.9637893649678513,0.5834452852439849,0.34370571000809436,0.937956465756629,1.4907722255539824,0.0,0.0,0.0,0.0,1.0,0.0,0.0,1.0,0.0,0.0
593,0.5985179740250669,0.4028026723875354,0.1221081768326196,0.08626453645923064,0.20204037037516365,0.008401906746613286,0.8036549469882414,0.6666666666666667,0.21739130434782794,0.4583935483808982,0.6363720671633175,0.584624144526753,0.08345112812956745,0.4931547129166082,0.07951593210419369,0.44576090190487916,0.663527809817767,0.5721768063054128,0.291232073700582,0.8812710860998314,0.2296155765748821,0.9077527162228796,0.45618772052249174,0.9975836181814842,1.0,0.0,0.0,0.0,0.0,0.0,0.0,0.0,0.0,1.0
611,0.6542618333914801,0.7761236217786892,0.8192698241901017,0.32727342655975444,0.30308614261501843,0.7113725764181058,0.25643031032211977,0.3333333333333333,0.6956521739130324,0.7329306698746509,0.6942864600037767,0.3646257678574822,0.9335060344333574,0.008334787103123423,0.6379735505318034,0.7589883086066571,0.5241587898228088,0.26630392160153094,0.07914111370885854,0.8295615622020682,0.06151043643810983,0.6830233699774308,0.443909473048978,1.1534274256734247,1.0,0.0,0.0,0.0,0.0,0.0,0.0,1.0,0.0,0.0
94,0.3009194832128492,0.5860854689514111,0.9003707477713141,0.46543174689161027,0.2186104373230896,0.9959228162148894,0.97291973442969,0.3333333333333333,0.2608695652173907,0.043795590414262786,0.21943011862164025,0.28049783311534243,0.024707963976338315,0.6142299548647475,0.802817624429693,0.2662474189648676,0.1172943039161421,0.4757989432536398,0.40672657093705356,0.08823069369835332,0.3393609038435891,0.8384582168799749,0.6221523932541981,3.238650268292229,0.0,0.0,1.0,0.0,0.0,0.0,1.0,0.0,0.0,0.0
11,0.9275059670013922,0.599834532024138,0.28483134435822294,0.8897569539975316,0.17164903069426551,0.5318759481844992,0.703454749860942,0.3333333333333333,0.7391304347826093,0.7233169090137641,0.6834570859856455,0.8935580998175319,0.1441999121880665,0.08516560287956165,0.34087306623087776,0.22828446120194235,0.2930375095256115,0.3935827028047163,0.48899181987029045,0.9505939123713774,0.9481616184437763,0.18646124500087358,0.9904608595355489,0.830830312493653,1.0,0.0,0.0,0.0,0.0,0.0,0.0,0.0,1.0,0.0
396,0.8259242898111071,0.5349661784071723,0.2557585609654537,0.0742307851679996,0.17963357382809164,0.31180172391349165,0.7934946556345307,0.3333333333333333,0.21739130434782794,0.5498060382291634,0.5637190609232294,0.26163038439189085,0.13003569165165296,0.6294321124411584,0.4489591099490251,0.10334137570228119,0.6177912213161167,0.9574360900193886,0.059863845686753486,0.0745442043344958,0.5177042583098591,0.46695261177074665,0.13112784417728085,1.943039506776593,0.0,0.0,0.0,0.0,1.0,0.0,0.0,0.0,0.0,1.0
533,0.6410198752114465,0.7052830314310207,0.013820773704499772,0.16393862056370564,0.4811371008281031,0.3464490023729539,0.05029491778996632,0.3333333333333333,0.7391304347826093,0.9372737904220012,0.4921283435639488,0.2793745531908243,0.13765322114619738,0.8424535358385452,0.07753235543643036,0.24226162522693295,0.07158819502015401,0.6674802265719643,0.47478467235478866,0.9941043285602156,0.3055001198766837,0.47689462490061496,0.8731999302111391,1.7316014173273495,0.0,0.0,0.0,1.0,0.0,0.0,0.0,0.0,1.0,0.0
43,0.31179718681208024,0.6631183013676903,0.9295388594426615,0.44729345114608,0.924844335871373,0.3977579193879433,0.9971463630930333,1.0,0.3478260869565162,0.459675883968025,0.606239158982953,0.07214839857387306,0.013428883213676884,0.3026616003645527,0.09844727820116114,0.18295394815260435,0.6298762512027105,0.4028290525926327,0.5051604744768758,0.5791317517287995,0.16245901799138204,0.03705145388511491,0.6106139029851263,1.3398560220254097,1.0,0.0,0.0,0.0,0.0,0.0,1.0,0.0,0.0,0.0
42,0.7005229850024454,0.6557182088205705,0.6317434198391862,0.7650254812787757,0.1345187583884042,0.3158631358639942,0.7795368486164326,0.6666666666666667,0.5217391304347814,0.8446584696376486,0.3624831302057574,0.5883285155133158,0.5340610788592296,0.8451486756655404,0.15826623028977818,0.9016477556364269,0.4604061149450138,0.22630613343960848,0.22603288887873424,0.6384151874378301,0.47845822880903766,0.01983637255584142,0.5027692634508225,1.6881578317808563,0.0,0.0,0.0,1.0,0.0,0.0,0.0,1.0,0.0,0.0
329,0.28753452060268814,0.1602453310975761,0.4969394832380642,0.22266845874625077,0.920551277516448,0.34349657380878623,0.24963212778323135,1.0,0.13043478260868824,0.4776618467656795,0.6000416880057663,0.48473192097110834,0.9846762263294044,0.1145851706643645,0.999926051003214,0.48898059002224237,0.38790236504806597,0.9810104578509815,0.09890787254583885,0.8243405130952771,0.07244907952336993,0.25791847215736113,0.33607336119739906,3.755580103423138,0.0,0.0,1.0,0.0,0.0,0.0,0.0,1.0,0.0,0.0
167,0.808739676115204,0.5390142317418313,0.4246724303042299,0.18814983486044565,0.4037174339121745,0.746843338302354,0.46020121801687136,0.0,0.7826086956521721,0.9813976117624094,0.12100641786500077,0.8075252776353661,0.7443770301523797,0.24678112947521322,0.8313618720029556,0.720259089908236,0.46570838872749865,0.12306968845005062,0.2639823377874317,0.8101947245884148,0.7456908924731586,0.9458800361694193,0.6486432245112257,2.4198153998903846,0.0,0.0,1.0,0.0,0.0,0.0,1.0,0.0,0.0,0.0
497,0.6261119926422584,0.6312390637677735,0.20972955176326125,0.758592871759583,0.49358148980038763,0.30586839373577773,0.47204498283176305,1.0,0.2608695652173907,0.9192046306365327,0.1043060849420871,0.44455563717097907,0.9954255476665488,0.7885103865408557,0.05294855034767301,0.5818382261154738,0.15437270865177533,0.6482372610076794,0.22048784011973555,0.6895840591676814,0.09480706742402975,0.5005088645779987,0.24907684148157083,2.9033720462819503,0.0,0.0,0.0,1.0,0.0,0.0,0.0,0.0,1.0,0.0
876,0.3942358905143549,0.2689067028247668,0.2727678052852185,0.0012889939906984213,0.22124252081987772,0.6076462543025094,0.02565859759440202,0.0,0.043478260869562746,0.8843135708768111,0.8284571738924922,0.46873743121929606,0.8011762837635993,0.7343532096334261,0.4069829137815174,0.10156868964477939,0.44796497000223523,0.7554793365648103,0.04675067302482416,0.6353016340109663,0.5566508391780518,0.5538499042530508,0.8745063891035898,3.578062290542297,0.0,1.0,0.0,0.0,0.0,0.0,0.0,0.0,0.0,1.0
597,0.6338858300777338,0.17513559725595618,0.4054936844336991,0.8832946362139211,0.18110871515020943,0.4135631728276474,0.2672057382053516,1.0,0.3913043478260789,0.652583408838141,0.3434659602032016,0.8500324483070534,0.8273964045943517,0.42086900726442633,0.5673881448978639,0.5652407495697909,0.7052728047999888,0.9239328000042173,0.5566199943206407,0.743690907963941,0.9231193206037877,0.3188426889707458,0.04349897921818878,3.2097544208537747,0.0,0.0,0.0,0.0,1.0,0.0,0.0,0.0,1.0,0.0
756,0.33020546641614557,0.1406628397018671,0.8698625624485214,0.26133493677631103,0.4146968077397598,0.1421246955561643,0.7990299958568633,0.3333333333333333,0.0,0.2706542225967083,0.7492115313671208,0.2924689904416626,0.8836030431429491,0.11944774985754172,0.6098675701811158,0.7327345313352063,0.41880723736254655,0.5350143106917168,0.08950906389603872,0.9494789126031782,0.15034346694561598,0.8028627083316577,0.45615850295074184,2.638362364352763,0.0,0.0,0.0,0.0,1.0,0.0,1.0,0.0,0.0,0.0
100,0.9092828840892105,0.006995962049920146,0.7468811810203504,0.953737790314877,0.29447071308556894,0.5634213888912718,0.552942044658794,1.0,0.30434782608695343,0.19925167759851406,0.31157729126838074,0.3622195908788531,0.5038846975183418,0.0009486945807359731,0.6757918249917358,0.1945440746941105,0.9314235450936112,0.09602010386057869,6.927058427844135e-05,0.6733512285029138,0.9321937300252902,0.03516936074831259,0.15307086665039907,2.222657337011179,0.0,0.0,0.0,0.0,1.0,0.0,0.0,0.0,1.0,0.0
426,0.2378259306630992,0.08933247406445588,0.06613296215270892,0.08582322330402943,0.18604545955587293,0.951652880125786,0.11413836859973915,1.0,0.2608695652173907,0.7941028488922515,0.13457913694283402,0.21583929278506225,0.2249032909510842,0.6137058736059376,0.4660650146137385,0.5712432410567119,0.2951276136523796,0.06264947573461888,0.9568344721496542,0.9665590284898984,0.10840412977964278,0.12803046926599915,0.0458696585613257,2.043004983458382,0.0,0.0,1.0,0.0,0.0,1.0,0.0,0.0,0.0,0.0
178,0.8923434068043105,0.2189105810873314,0.2548599186524487,0.0037259132754687493,0.653853076264712,0.5042477178923159,0.3714192910791785,1.0,0.30434782608695343,0.5419274075128776,0.773167398803194,0.5612580297582792,0.16410619011019134,0.8675713167271212,0.7249256692170504,0.6192416146920321,0.28636443333891637,0.7576543696762692,0.6035197566126691,0.6229953273237214,0.3916702155664259,0.7265275946552157,0.6968208384725405,2.244184017357714,0.0,1.0,0.0,0.0,0.0,0.0,0.0,0.0,0.0,1.0
444,0.2701005524650959,0.19481918141208143,0.4802612640982515,0.8794112154071744,0.1088410734042734,0.9615558595139753,0.2253948737564117,0.0,0.2608695652173907,0.8682657420941433,0.7103170963068747,0.9696493999853504,0.3474663157705977,0.29186631216224845,0.6936910516395829,0.6549959615777459,0.25790956413882205,0.07124322609149786,0.6910169892916174,0.937188077781864,0.37494981217916334,0.8956768144905696,0.8148403540888185,3.159523202896327,0.0,1.0,0.0,0.0,0.0,0.0,0.0,0.0,1.0,0.0
416,0.1420912299717476,0.5457555536761415,0.23477352029682458,0.6201541236581396,0.5344379516897574,0.0302907195059387,0.44976177379983334,1.0,0.5652173913043441,0.9482096650438057,0.39949118816945905,0.3898743714641772,0.8429110500109313,0.18778405112706628,0.6565381960181792,0.43824814618535646,0.863178372299672,0.717627489585181,0.5767242604186318,0.8128183884499213,0.8723902009504817,0.5239080537226753,0.7250088000473429,1.537260384578832,1.0,0.0,0.0,0.0,0.0,0.0,0.0,0.0,0.0,1.0
870,0.7439506766553151,0.30301569066623724,0.6208105085151043,0.3704428539877781,0.43301814445914655,0.6374335672713043,0.6811615815599672,0.3333333333333333,0.043478260869562746,0.5519460899249987,0.039958265694328754,0.9606296955521139,0.6148017010776876,0.5188982676475055,0.6142536165022154,0.8429445222706651,0.16505539949770232,0.9647863985194429,0.9676573005513684,0.602390578119603,0.7276439026084529,0.1971866624324526,0.810013860115077,1.3070552205440475,1.0,0.0,0.0,0.0,0.0,0.0,1.0,0.0,0.0,0.0
882,0.9361407253521205,0.40825206359558164,0.5487865808264751,0.7131235388389523,0.6024680466517062,0.7858519366146286,0.3977152734004822,0.6666666666666667,0.7391304347826093,0.6373680304969953,0.6455587350217487,0.7164113097925544,0.4248820776791138,0.5283345299973785,0.9104110608782277,0.6917181283284468,0.27083741378015486,0.13823019277845539,0.9734339658855939,0.558785561112904,0.7276573598812175,0.48575849511781444,0.3325385728418819,2.432710376028314,0.0,0.0,1.0,0.0,0.0,0.0,0.0,0.0,0.0,1.0
680,0.06607423424546788,0.7450694018048042,0.8005253763665481,0.7381252653545112,0.9443328372672256,0.868405676352014,0.6607088990819885,0.0,0.956521739130423,0.13555889288736273,0.572040908986012,0.7984573660394114,0.9548507237788153,0.08771826714855466,0.5403348967099733,0.4122875276088158,0.47697155247201517,0.5257065130298566,0.16486957278078362,0.6050426334204612,0.5831919957555275,0.5260304136080457,0.5405951136028029,3.677279786808485,0.0,1.0,0.0,0.0,0.0,0.0,0.0,0.0,1.0,0.0
177,0.9932564811343499,0.36778899988228886,0.8239382860761661,0.3644855352331907,0.9861215390148966,0.0032378331643949654,0.3590902850695687,0.0,0.6086956521739069,0.5743047221507124,0.49369481687687056,0.07120239960772717,0.9491414363111927,0.573538534183948,0.5875364328045879,0.14731964680042964,0.7879252198753908,0.11911037936335905,0.5873477034691983,0.8827707971229186,0.48655064859664765,0.9434967765447386,0.10265159305795021,2.5818124905664432,0.0,0.0,1.0,0.0,0.0,0.0,0.0,0.0,0.0,1.0
395,0.45405127119707156,0.15540938525285897,0.9918274814432433,0.9274319332923597,0.4387028358677083,0.41148131836323704,0.7592507299790376,1.0,0.8260869565217348,0.5425114249397439,0.6687685433810009,0.8760426847936731,0.20418926525025705,0.21321364576077786,0.19848719293630748,0.2917009351188695,0.033854937548409236,0.3824955673990814,0.8618479417575229,0.9701228355700315,0.9206726338007397,0.775901432638757,0.48684121767128424,2.087917874282622,0.0,0.0,0.0,1.0,0.0,0.0,1.0,0.0,0.0,0.0
911,0.8773450162589046,0.1782809763356651,0.1469644260660909,0.4744729901838357,0.4652459350516118,0.103970336573254,0.6029095493546902,0.6666666666666667,0.6956521739130324,0.5028946679000623,0.633048691420451,0.3271170326418032,0.2604425718619766,0.7203363880560248,0.9070831220422566,0.916969520548264,0.696957645813828,0.7682911905730134,0.12367926499559073,0.9346437843108679,0.5838712145807684,0.076507446192452,0.3219406117144086,2.6935148979603074,0.0,0.0,1.0,0.0,0.0,0.0,0.0,0.0,0.0,1.0
793,0.07703929576980206,0.6891385795608774,0.989020957228727,0.15306816819025962,0.9556136030664651,0.11337737468345593,0.5819109677268304,0.3333333333333333,0.6086956521739069,0.7481061957207515,0.04093905749760002,0.015662181360020955,0.6999511842461764,0.1643448777211516,0.967525881677854,0.7833171095646847,0.7615410573688846,0.6160838562811877,0.45218103853665265,0.3282436916614291,0.874297393962126,0.8292835535411985,0.3077490982220278,0.9676463538556233,1.0,0.0,0.0,0.0,0.0,0.0,1.0,0.0,0.0,0.0
960,0.5364767517233385,0.6148924355311493,0.7971994181312003,0.315283305794532,0.15801386865747313,0.01341180540230602,0.35669609647943296,0.6666666666666667,0.6956521739130324,0.24426308267831412,0.4577945087132465,0.9895540399718552,0.3464766963026019,0.6385684335087692,0.9474516944165905,0.8820605061075142,0.20215438775828265,0.1424790894236755,0.23588885895054557,0.5645496135514635,0.8383337078633264,0.09826956839799397,0.5578014796990667,2.4505655569203157,0.0,0.0,1.0,0.0,0.0,1.0,0.0,0.0,0.0,0.0
684,0.6346579653204426,0.11745398437420762,0.2835453069525505,0.1840562915174142,0.9971911713375085,0.42042433221284375,0.2224740632397274,0.6666666666666667,0.7391304347826093,0.24674547058756793,0.1373746806797121,0.39785890329085033,0.5603218730034822,0.8591533448831171,0.6044776848153054,0.8683849379807937,0.3656375522356531,0.6424743316493748,0.25272306532100974,0.46675314205589036,0.08344828081081615,0.932028007867004,0.3455580597961422,2.5824213446041004,0.0,0.0,0.0,0.0,1.0,0.0,0.0,0.0,0.0,1.0
383,0.47915630532831377,0.9941146322857072,0.005929653524991391,0.5568769526268422,0.47124747360742214,0.1883005869725733,0.7533694131241003,0.3333333333333333,0.43478260869564167,0.31357958581383916,0.9285548445341115,0.4277697545255334,0.9839303660478451,0.4361892698482579,0.03447580126464048,0.16157237410748193,0.7352553881844915,0.5734948782514344,0.9497052348776795,0.3764675295565,0.17360301561979594,0.19048724928776978,0.6782756273834232,3.004409209798795,0.0,0.0,0.0,0.0,1.0,0.0,0.0,0.0,1.0,0.0
956,0.7777810270940398,0.5504084687725911,0.15483183758378471,0.989656251900013,0.858787224646358,0.5461802543388672,0.28805037116375365,0.3333333333333333,0.3913043478260789,0.6764661534955299,0.7442052752803503,0.2591901331577576,0.5790606879965523,0.9684928240575355,0.8288641030611665,0.7600298205139184,0.8189299329418351,0.41409094105876953,0.9216125421858836,0.3321683192398093,0.4334369796145745,0.4596115461087933,0.18083161408195025,2.492553071178019,0.0,0.0,0.0,0.0,1.0,1.0,0.0,0.0,0.0,0.0
751,0.3219425791613407,0.20123695495039196,0.7237056818903429,0.5115197302793639,0.52951588329127,0.38222195680367116,0.2708099703343901,0.0,0.08695652173912549,0.4155207660621318,0.8921255350800471,0.36469633731969614,0.9241631046732777,0.9267456174907038,0.6041511252448519,0.6894184435898145,0.8834359280779556,0.7768379078798471,0.9055493176625731,0.11382429578455433,0.6798739675294303,0.2729183001777581,0.6236228204138121,4.488857557173024,0.0,1.0,0.0,0.0,0.0,0.0,0.0,0.0,0.0,1.0
257,0.10426693199404924,0.8201897268233723,0.7935979030356879,0.308486665566044,0.46480502682893765,0.42276731837667175,0.1104224718295453,1.0,0.043478260869562746,0.25003176529764726,0.9004372738146851,0.20235153581679044,0.16122531109714483,0.42421437238790904,0.5122506378877525,0.24109926354146038,0.8804055208837174,0.8779342600416851,0.5196329091194043,0.5260233427753764,0.705256988646452,0.465811949448127,0.9744491145121184,1.2307023392925074,1.0,0.0,0.0,0.0,0.0,0.0,1.0,0.0,0.0,0.0
538,0.16502503343029273,0.8154487647512453,0.0097221910534602,0.15399227051220885,0.14067557538256126,0.3691357406010359,0.505693493448373,0.6666666666666667,0.956521739130423,0.11182173359400421,0.7069060603613175,0.46801694518377795,0.6389685039771748,0.036455775872763524,0.09765134908336723,0.49392983435696003,0.055983949498184304,0.0396118708977643,0.32833215298399643,0.015435489140048844,0.6317240928989754,0.266356072374524,0.5697139813066487,2.5842866615493065,0.0,1.0,0.0,0.0,0.0,1.0,0.0,0.0,0.0,0.0
335,0.6144544411026988,0.85606233661962,0.6893412832900201,0.3511404686279327,0.06946917676719666,0.776228401984757,0.37897077540924073,0.0,0.3478260869565162,0.6883140991915929,0.8283293897982558,0.40605474273717895,0.34353638369440714,0.4851128090048008,0.7946327324087452,0.15942291890564064,0.24026243732422636,0.6881066907372261,0.15580542236793649,0.03262260462318797,0.9298422111509627,0.25322620145802016,0.1782009676215242,1.90524237740236,0.0,0.0,0.0,1.0,0.0,0.0,1.0,0.0,0.0,0.0
15,0.22648770030155863,0.17691079902947426,0.5208971002311482,0.7091768987281505,0.5480015050311827,0.2908396310165193,0.05830261821460771,0.0,0.8695652173912976,0.24141830856520535,0.8446796034206157,0.0018653210889425509,0.40534468722278916,0.38826515844697507,0.16492546704677621,0.8060525835906631,0.04794879402093388,0.6380797283181636,0.41451069639607224,0.5943305460152956,0.03508027255001431,0.3071042945224229,0.6957256083746097,3.5279327963551417,0.0,1.0,0.0,0.0,0.0,1.0,0.0,0.0,0.0,0.0
324,0.849134666777314,0.3305598922204517,0.2608877492758617,0.6044104668605416,0.20086889402950814,0.1445327467925595,0.597695556814803,0.0,0.9130434782608603,0.8715010664100896,0.46799880344026623,0.914687414216035,0.9396067032764868,0.7526419507408599,0.2200662055252018,0.8809873481092954,0.7984323128024367,0.6798546798555852,0.8953563023739723,0.9794193942133251,0.853091850449208,0.13890172398971568,0.5419194672081207,3.3776058455883837,0.0,0.0,1.0,0.0,0.0,1.0,0.0,0.0,0.0,0.0
758,0.04743718942508024,0.9033647855262802,0.673680551779358,0.9283506056310454,0.06436752870214002,0.2391503944861872,0.41361511383531546,0.3333333333333333,0.5217391304347814,0.39400147779180306,0.07263980196307263,0.8540713646210316,0.6758335788722822,0.03183754839184133,0.8474106142300719,0.9424715210332746,0.8456047278206089,0.7758749796227311,0.2877778270199632,0.08426738979884771,0.34924530439649204,0.3946945585764122,0.18299275099814186,3.2164814431458755,0.0,0.0,1.0,0.0,0.0,0.0,0.0,1.0,0.0,0.0
222,0.6630423244731815,0.8949743927387953,0.414830497533546,0.7602217348945002,0.33394127373457505,0.09792444345199364,0.5651404814126826,0.6666666666666667,0.043478260869562746,0.3290082568836234,0.33110433098920117,0.48333550147015863,0.8481332652538628,0.7889180088059249,0.02448121388983404,0.10772292212794898,0.961520414140294,0.11526809336332766,0.010139118722900561,0.8118406359151685,0.044899922748459054,0.11360757542343186,0.955195838405904,1.38867311196933,1.0,0.0,0.0,0.0,0.0,0.0,0.0,0.0,0.0,1.0
179,0.7489690116878379,0.20808883637598619,0.9702829638598764,0.5072174648817022,0.8989796798385946,0.5284039995877436,0.43076718428186794,0.3333333333333333,0.43478260869564167,0.3933766205517886,0.032129648972825164,0.7951620393570253,0.639837708442489,0.43201826968498214,0.7002856688902774,0.14518710190883466,0.974849502783377,0.8490457409466654,0.48894359111618585,0.77075950636099,0.39558836419021837,0.7157846828724276,0.6391622525002982,3.478320234905333,0.0,0.0,1.0,0.0,0.0,0.0,0.0,0.0,1.0,0.0
983,0.4685234078814363,0.24144567987358923,0.6055521057225364,0.23387182494791378,0.15989033615413906,0.33621807686428823,0.7667217990273026,1.0,0.956521739130423,0.8308832646425011,0.5972438037652561,0.8141063084647215,0.909898946802437,0.1992565431138171,0.5659220502144342,0.6394304747187869,0.27253294252483873,0.4165857208964614,0.006813306445497824,0.4926937895774991,0.37516465946803446,0.4439921914123911,0.2203302194338218,1.2792150540177278,1.0,0.0,0.0,0.0,0.0,0.0,0.0,0.0,1.0,0.0
22,0.9715327060669608,0.9923774465905176,0.011106925925691236,0.4741851273775892,0.3143331093065468,0.8799625707624832,0.13262834131862072,1.0,0.6956521739130324,0.9525013204716375,0.909090250574661,0.5935288654208315,0.6236215025934936,0.9795037759940151,0.9978800944017054,0.2024440433093746,0.6786435350096038,0.8484631353267815,0.9847015025127468,0.9151691653502583,0.10149228032272317,0.43633928150668666,0.9073899600106881,3.4277605837349645,0.0,1.0,0.0,0.0,0.0,1.0,0.0,0.0,0.0,0.0
356,0.7643170479547788,0.5205096127321628,0.48780920662269706,0.5606486632685592,0.9524282527975593,0.5958727831959949,0.32805588653843104,1.0,0.17391304347825098,0.6779797345932611,0.9838962368076871,0.17744626660935742,0.6312691400579691,0.8719170473291143,0.4326934784505153,0.3024367046999026,0.3786691719292158,0.7180186820429929,0.2804348696334775,0.8799650928024471,0.3875769398396737,0.7214918432445457,0.6595296351971587,3.973936083220454,0.0,0.0,1.0,0.0,0.0,0.0,1.0,0.0,0.0,0.0
666,0.8079180613581739,0.8487929957111872,0.895427188442657,0.21083873466079414,0.8109549193455204,0.25664452552341926,0.8065285771785039,0.3333333333333333,0.3913043478260789,0.45876463381302623,0.9665572741486594,0.10328667554489585,0.4741176164151061,0.10376861162952847,0.05032779580026289,0.7453287609544303,0.3472831759683712,0.32555719364379576,0.3976305836134082,0.5108610369045229,0.9631235435009732,0.44227174916544976,0.669590532865785,2.2212406977704733,0.0,0.0,1.0,0.0,0.0,0.0,1.0,0.0,0.0,0.0
861,0.7314597032616029,0.9940941361638401,0.5243151676552544,0.027611283635863126,0.8863658222846168,0.029679125392680417,0.9061545727480359,1.0,0.30434782608695343,0.3888545779294459,0.4989561512543822,0.14460552936997578,0.7055712924196165,0.8867063215722383,0.9924233144692938,0.649033696016343,0.8393667555928839,0.9709119319050352,0.6981964149415258,0.48299202484245174,0.6972380581806004,0.7408283743624288,0.5017590899150288,3.54871025964689,0.0,1.0,0.0,0.0,0.0,0.0,1.0,0.0,0.0,0.0
340,0.1364653110193671,0.10069787071301384,0.16816967312512943,0.3399158948813251,0.12665397468597273,0.33936492497194076,0.8733990138853231,0.0,0.5217391304347814,0.16367384344236774,0.049857062323725665,0.9241461645614373,0.5264821187560524,0.10738412484502571,0.9762415987004505,0.89223658521834,0.6679905898704872,0.7646359762152755,0.9335639605982313,0.4722036752135784,0.7280477874319607,0.3804510064768749,0.6025654434270467,1.7225180513764438,0.0,0.0,0.0,1.0,0.0,1.0,0.0,0.0,0.0,0.0
431,0.7725195146251739,0.6123739375602381,0.7180251492050302,0.5576440735318036,0.9021212829680699,0.4428187667586489,0.4416027850104161,0.0,0.043478260869562746,0.0242184698883528,0.2029763362105769,0.5047042987993471,0.8884138040218554,0.9304537366589605,0.6090005787573232,0.9816030782862648,0.465188534200348,0.5451073694977374,0.27888950019259867,0.23881290754737175,0.28979478907809453,0.543471046681727,0.32325200945498317,2.213776826305175,0.0,0.0,0.0,1.0,0.0,0.0,0.0,1.0,0.0,0.0
551,0.14975864742857226,0.43878423151315393,0.49822571615869776,0.5532386804278248,0.6831780110249933,0.0634340540550305,0.24008343506019103,1.0,0.43478260869564167,0.652795923295402,0.11139467578275447,0.3066191832758232,0.10930448066474038,0.3051576919623765,0.6092695568135034,0.18249175341371204,0.4975684316931007,0.9065741825546854,0.07860043415491028,0.7313481659415892,0.8011202387241421,0.7993208719005458,0.690194009954318,3.2557762521434706,0.0,1.0,0.0,0.0,0.0,0.0,0.0,0.0,1.0,0.0
833,0.6778303491360568,0.18056373476985121,0.8264447896649283,0.4701198050748586,0.7401165723582276,0.6537246363094722,0.9742164831894677,0.0,0.9130434782608603,0.5706143249215072,0.7102131246996275,0.31785297341763913,0.7170778154429559,0.9990047766917274,0.6571801415419111,0.33409141849758495,0.821804537977703,0.04323239657517208,0.6268260466789704,0.002075394598593433,0.8164769817823044,0.9718859350258706,0.40211266253123235,3.2888949705779016,0.0,1.0,0.0,0.0,0.0,0.0,0.0,1.0,0.0,0.0
203,0.14296872495705348,0.7107936508894769,0.18387711018292602,0.6495514560864636,0.6142453963249171,0.45911695123693813,0.18575441074268267,0.3333333333333333,1.0,0.5958857649134485,0.3498608565527409,0.0009337068243024937,0.717149496871576,0.14320243506067046,0.004438560798174951,0.17881250302273077,0.5775058235562455,0.31769333687707824,0.255304006541994,0.1567417018069551,0.6212099311497298,0.3296413758221509,0.2490607014062401,3.9023145479144303,0.0,1.0,0.0,0.0,0.0,0.0,0.0,1.0,0.0,0.0
630,0.9254382445727892,0.47942417983243446,0.07998604847371904,0.105876965665748,0.2723374903473256,0.4211314103154206,0.6774466203515147,0.6666666666666667,0.5652173913043441,0.5108848250931229,0.7888745212137818,0.6562485544308763,0.739438623055057,0.8519533067347103,0.008084851682308242,0.5697585762840469,0.5007419483247418,0.06338022053854275,0.34621492330557607,0.7080332535708327,0.42343928021193256,0.9691150497123506,0.5299743125500498,2.27336992709706,0.0,1.0,0.0,0.0,0.0,1.0,0.0,0.0,0.0,0.0
93,0.3805982029333569,0.2575721797033105,0.21182622542893292,0.9651292702468318,0.18575418226939633,0.3640916911318664,0.6071004835596501,0.3333333333333333,0.5217391304347814,0.99559674436063,0.2195316459955334,0.3617039070974701,0.793064820442529,0.19706114700427482,0.36389803903541884,0.10316030862690972,0.3723737292920918,0.8882251598793469,0.4782153800371332,0.44288547471555373,0.9327240864495797,0.45023516956663623,0.5495280352823593,1.7482912518504328,1.0,0.0,0.0,0.0,0.0,1.0,0.0,0.0,0.0,0.0
558,0.5864602927327317,0.6431851471183517,0.46254683186027584,0.6228172098953213,0.023585903295268884,0.67076166072859,0.875808505463168,0.3333333333333333,0.5217391304347814,0.3008278576422444,0.520004894378976,0.6888814916953621,0.5018020904304712,0.17957419430729968,0.7441248518544968,0.31965175823284,0.6680521574254676,0.5799800652508811,0.2014818619416992,0.3418407271442322,0.04150307209285922,0.43367813059075533,0.5364153317165135,2.970640922982809,0.0,0.0,0.0,0.0,1.0,0.0,0.0,0.0,1.0,0.0
68,0.029647872573077327,0.022733773378046496,0.25698082992035576,0.7318874057836272,0.9102661324115323,0.2757899917371191,0.28864358470691737,0.6666666666666667,0.2608695652173907,0.12533297555919193,0.6748210380903197,0.8291553259840263,0.10556252488120135,0.5308477117426161,0.8746943290150802,0.1749392272929411,0.4730691768716755,0.5623479741256776,0.8634165353132757,0.29169494992431677,0.5301768136574073,0.5462733263991096,0.4900921133490352,1.0969854494843576,1.0,0.0,0.0,0.0,0.0,0.0,0.0,0.0,1.0,0.0
622,0.9864065075552134,0.8103107694445802,0.22637991381882144,0.45082900618096555,0.6384384017322308,0.6419806566448292,0.002456602202282193,0.6666666666666667,0.8695652173912976,0.19631275031123205,0.9504101865113346,0.9682692423630188,0.8209403586172469,0.0866038094425623,0.1441084230035247,0.30509010069764475,0.0326597172220881,0.6101595391504653,0.26782469310932644,0.02516809555380317,0.43285361566603975,0.2097994634704376,0.3992945753715083,3.12204084309087,0.0,0.0,1.0,0.0,0.0,0.0,0.0,1.0,0.0,0.0
284,0.5712153251076989,0.9272677069444056,0.20232342632424793,0.19031958967713936,0.8967670195517959,0.19910166844496063,0.8389671357630393,0.0,0.043478260869562746,0.10529934180356659,0.4862306672186555,0.3682122762402365,0.9426927123182693,0.010479173358575053,0.9169221506205023,0.6179628325695532,0.426376158417508,0.6634445184754534,0.807968157432541,0.6379347819822335,0.3251032226264857,0.9940960189370058,0.14687665093483115,3.3448617658258915,0.0,0.0,1.0,0.0,0.0,0.0,0.0,0.0,0.0,1.0
844,0.09303691402228731,0.16702945922561518,0.20740802940633213,0.9596431374027877,0.3943924961157663,0.46222198309581436,0.601341706124846,0.0,0.8695652173912976,0.782781920153929,0.20691223113149598,0.4023619598746117,0.22110856745850266,0.7934486219776471,0.6698563166408753,0.16521662945779392,0.26709059604029456,0.8932557157394443,0.013252130332035386,0.2580488050111771,0.5041090874717665,0.2678946421234239,0.9656381030018868,1.9711455994173137,0.0,0.0,0.0,1.0,0.0,0.0,0.0,1.0,0.0,0.0
434,0.03900124463362098,0.20552647746919728,0.6968780980779545,0.07539905776794524,0.575604716325871,0.7322026790059166,0.5992676364646278,1.0,0.21739130434782794,0.7669608933744183,0.7716864120648909,0.9699088951517085,0.5244756901190274,0.6308104241883127,0.654435592214139,0.4499054815737775,0.872031309585493,0.64778812518929,0.9846934234561688,0.5460295756283905,0.9145649240500381,0.16811349232266043,0.7740793935786618,2.696204889418885,0.0,0.0,1.0,0.0,0.0,0.0,1.0,0.0,0.0,0.0
153,0.5539821389617899,0.153174785345635,0.7991666733702125,0.12329709938560363,0.47363205581007517,0.21674809734736672,0.2828698164520527,0.0,0.9130434782608603,0.8903396806256628,0.9731533954515621,0.08936681535348939,0.8780819734632965,0.1448634356097663,0.43827265899139567,0.9637022322874049,0.25250682818489356,0.4057937946421768,0.15828649534749062,0.21374652806627606,0.12806066225187682,0.9649716587154644,0.5822425763131156,2.3045335051724187,0.0,0.0,0.0,0.0,1.0,0.0,1.0,0.0,0.0,0.0
75,0.2807483552290454,0.3220501655317095,0.5297734013986135,0.9072839742825655,0.40616400542447406,0.22275185400977787,0.5235204133947217,0.6666666666666667,0.8260869565217348,0.49078209090357294,0.12294588121417582,0.6595468534564801,0.22180400808437095,0.9977043892415296,0.39737697567384844,0.6596958603543541,0.976182966978399,0.3406272976881779,0.3129687197574847,0.969358198197892,0.6973508514238552,0.7017629361193581,0.8317368453985603,1.7870662964691353,0.0,0.0,0.0,1.0,0.0,0.0,0.0,0.0,1.0,0.0
730,0.3120009280877075,0.9456667838766563,0.0,0.9367916075566055,0.3159166915672804,0.275053098155621,0.8064754454045084,0.0,0.7391304347826093,0.22371456810559748,0.29574199806400076,0.8524366685958786,0.05450117225790169,0.2832984120587573,0.5706984300651176,0.8514127214655769,0.3093987767137034,0.6335694047503967,0.9430242402458104,0.3603630861388354,0.5902485936145778,0.2364452669810066,0.5461596163174824,3.0567628337313173,0.0,0.0,1.0,0.0,0.0,0.0,1.0,0.0,0.0,0.0
446,0.9810597432692415,0.912931387174598,0.046521095555444925,0.6792697029394617,0.3808841429334088,0.8273842670972169,0.6903000491341091,1.0,0.5652173913043441,0.4356632184331202,0.5412593230115976,0.5160710573206886,0.6074793580690541,0.26225334870545314,0.585172103487186,0.8283667117092408,0.0703840606069272,0.43996755261905707,0.735971858402336,0.531435511355463,0.5169100562326208,0.17402900909548225,0.04763080643586412,1.0776468879685135,1.0,0.0,0.0,0.0,0.0,0.0,0.0,1.0,0.0,0.0
188,0.7471467251490925,0.13684260737816767,0.26160986263921754,0.14283270230991968,0.06876819092827591,0.8958012201064627,0.6230177124618133,1.0,0.21739130434782794,0.6269402389122368,0.7538898723168432,0.14020002417857408,0.34775166834181653,0.6786532315691158,0.15407449770569867,0.7441763047741956,0.657048021972498,0.5079490797371364,0.7436973448763204,0.11995089374926302,0.6214930303166781,0.10150687709533188,0.8266186437429695,2.4174801673013784,0.0,0.0,1.0,0.0,0.0,0.0,1.0,0.0,0.0,0.0
271,0.1737782662755093,0.38063110654893106,0.6117614132713229,0.594853879649319,0.47816553492464386,0.876082546240476,0.22107307474321447,0.6666666666666667,0.0,0.15689217464311575,0.7565379977218909,0.23826681623528895,0.2693485373596414,0.9450953935742319,0.0767766715923636,0.8580994539336873,0.7413986688743736,0.7600898363155164,0.04960170474071973,0.8693459767166966,0.09481581630430341,0.6846391534900933,0.4952036209454545,1.253292985410919,1.0,0.0,0.0,0.0,0.0,0.0,1.0,0.0,0.0,0.0
236,0.46714277397540094,0.20669312371539672,0.13420848173168043,0.9546434118501969,0.3838454873949927,0.18348461867122673,0.42070901400825134,1.0,0.17391304347825098,0.930341522063687,0.35828128471967513,0.04775703931591302,0.6347567332387989,0.8017081396432929,0.8587557266237784,0.08387183658597941,0.6212254424216893,0.5960606977927015,0.039319138361633144,0.2563304145015164,0.4056255173613075,0.3172177927164825,0.7480069070292426,4.208569638097278,0.0,0.0,1.0,0.0,0.0,1.0,0.0,0.0,0.0,0.0
487,0.2248383363268034,0.4690007512585451,0.8026603170827875,0.7464118602298139,0.11130794807807731,0.14243449680334413,0.6592348406056643,1.0,0.9130434782608603,0.06273994218968076,0.509412199038369,0.5084152142305112,0.215773251103979,0.9164416643243738,0.27347329831765377,0.11769737071568365,0.26818390494816735,0.7157041978390959,0.23949824581086365,0.3478751892907116,0.4595835221130269,0.10244424770377925,0.7154261360197474,2.444666089794709,0.0,0.0,0.0,0.0,1.0,1.0,0.0,0.0,0.0,0.0
117,0.7197617855066122,0.7910869215075759,0.03697559152065655,0.6735167045984392,0.8653054541928561,0.767307323880901,0.1315133586065002,0.6666666666666667,0.8695652173912976,0.3344420742604439,0.5663648996317785,0.759911864554933,0.7469278917444546,0.508533796702089,0.5118825986163367,0.7290981761777067,0.699044888920757,0.12541550062935097,0.17288995543367158,0.9034163912456583,0.01582966818504211,0.919152081136944,0.1801130968267938,3.289143383291281,0.0,1.0,0.0,0.0,0.0,1.0,0.0,0.0,0.0,0.0
943,0.41321432608669595,0.17634165485014075,0.1664898945945147,0.6084088515539499,0.9840863736986495,0.8168283243381809,0.5966998563191559,1.0,0.13043478260868824,0.7689190892677216,0.5717737143409496,0.7423666930421235,0.7282315465407563,0.030280323839350295,0.14507869560480288,0.10905123248104243,0.5503899077003434,0.21800213032282512,0.013632498536671186,0.16739949972402698,0.15491804483871438,0.7448750786965319,0.6373371511437078,2.783195414581852,0.0,0.0,0.0,0.0,1.0,0.0,0.0,0.0,0.0,1.0
512,0.054450743657170286,0.6269939474882286,0.11712970927721517,0.9885158392099013,0.8775639267657608,0.4680445835557718,0.17911446444427753,0.3333333333333333,0.6086956521739069,0.5028058760878821,0.2473385393819076,0.23920795486728036,0.7610924568503643,0.08635004575401534,0.27466562510560943,0.018433122252884182,0.6610870440582365,0.14378055525297373,0.8855792857429483,0.9235271931656992,0.22549804224289907,0.4980668647445142,0.0167448985706955,2.726635781283396,0.0,0.0,1.0,0.0,0.0,0.0,0.0,1.0,0.0,0.0
825,0.01696358554504529,0.07140991621180082,0.7388181904975588,0.5450128428989269,0.401729589657599,0.15770244500383496,0.5584138760781681,0.0,0.3913043478260789,0.8804707993775365,0.04241126703557585,0.15716373474516088,0.30521181803352215,0.27428022301781363,0.39363244180722645,0.12874064160116871,0.055499513705346115,0.07597675691890121,0.2606228867622801,0.4600648376681685,0.18065570385181992,0.21109133160539723,0.2415002233929,2.505121407961946,0.0,1.0,0.0,0.0,0.0,0.0,0.0,0.0,1.0,0.0
591,0.44792760441599844,0.057489657037038566,0.8933866076485091,0.32783318119677585,0.4964129569947422,0.7917917565593975,0.6931813293346107,1.0,0.7391304347826093,0.042708848132443133,0.09374475466489085,0.3721936371424854,0.9687865545788421,0.1408329101039275,0.39417083802594277,0.6176872112047374,0.9382561972833943,0.1911110315764507,0.05680003376176468,0.876611400311795,0.4616689875569182,0.5369518862924089,0.4982072274449542,3.233797421001381,0.0,0.0,1.0,0.0,0.0,1.0,0.0,0.0,0.0,0.0
126,0.32932907143454715,0.5007966962295941,0.33741976832151194,0.5417644685091357,0.5184724792143199,0.43937903895410263,0.2447839555517839,0.0,0.043478260869562746,0.4210166576660363,0.25428501608605936,0.9156360083795969,0.5902657546882196,0.9385611993385514,0.5187461360800812,0.8384175159488656,0.5850465350232396,0.34823478739753566,0.6123362133087369,0.8281849408805723,0.09509501114687272,0.5597232204466634,0.3746760696048332,1.9870134081086688,0.0,0.0,0.0,1.0,0.0,0.0,1.0,0.0,0.0,0.0
116,0.7589016620440708,0.13762973027936198,0.26273857029455205,0.1590469330988889,0.5892940093813465,0.6017155231547333,0.3866359576067935,1.0,0.6086956521739069,0.5850774212035401,0.15183375916450237,0.8811632392930728,0.7454668066874324,0.9274314419403409,0.8826729910449653,0.6342099446641676,0.49392413035726956,0.7914541837659537,0.046906279350129365,0.10510995333074438,0.5004059476802928,0.5479009950088932,0.46015826108520835,1.8519172736357288,0.0,0.0,0.0,1.0,0.0,0.0,0.0,1.0,0.0,0.0
473,0.13314492396819178,0.4976748253376174,0.5187672600531494,0.4093649349971167,0.039620836164358186,0.20712624327600698,0.5685314944015393,0.3333333333333333,0.7391304347826093,0.02462761779804601,0.07859492450830591,0.10386611158989062,0.9622526019028272,0.28294558795816027,0.5149553706248812,0.06388643182702669,0.29312798561945563,0.44003368262529796,0.5421543222912706,0.20458474761247106,0.0053680095313202725,0.009708861021347909,0.20594356061523333,3.48718459788727,0.0,1.0,0.0,0.0,0.0,0.0,0.0,0.0,0.0,1.0
693,0.3248009522773664,0.7368126353800192,0.9875131227561462,0.5425709626057613,0.8546359439424057,0.8564036829406976,0.8184682362648565,0.3333333333333333,0.5217391304347814,0.03445913926594313,0.054093292032492135,0.1676376170314524,0.8377276904162694,0.18862163929364797,0.6703398133307064,0.3179397290203121,0.7741969331171296,0.12769179325041152,0.466810212498093,0.40317607277407697,0.754992323951898,0.6364270844694081,0.5585106482732287,3.8056856863167954,0.0,1.0,0.0,0.0,0.0,0.0,0.0,1.0,0.0,0.0
57,0.5687185553627813,0.20222547172192995,0.47374107429638795,0.1512079016260701,0.953649254987902,0.5497695734070425,0.570578908059382,0.6666666666666667,0.3913043478260789,0.3055192781439474,0.9958418126791495,0.5739001225148324,0.9664189287294342,0.5614897116786017,0.5665593371085806,0.46510121458942777,0.2236021496014292,0.6372923825193846,0.8830802654943748,0.6744798118367721,0.46868834874149923,0.028234002732805075,0.9639976827262242,2.2074739022585037,0.0,0.0,0.0,1.0,0.0,0.0,0.0,0.0,1.0,0.0
863,0.5699137217623523,0.526832335310292,0.10188090573072683,0.34349142817513445,0.775204183588941,0.7349697036628988,0.32463150783359457,0.6666666666666667,0.5652173913043441,0.5987567091370134,0.9264188675746284,0.4847560919416862,0.47128879841632654,0.32706420891665344,0.6070867630171681,0.021969887124512866,0.4775022666749962,0.7691431390447385,0.3366198999574581,0.9502338720192789,0.6632215921102562,0.8811035880017071,0.3900617381707687,1.9954389508407429,0.0,0.0,0.0,1.0,0.0,0.0,0.0,0.0,0.0,1.0
912,0.9023292473000849,0.9043773973595165,0.5324464081667954,0.8658574817616894,0.38693550085170414,0.5291017114463648,0.6667871631025354,0.6666666666666667,0.3913043478260789,0.6236018206801555,0.8905073801050487,0.7769300938191532,0.29992056918417453,0.8667530483819588,0.17782507541676093,0.9860899542018058,0.4694521904859619,0.6357906626123697,0.6019269949606729,0.7854559378530543,0.017363104754458236,0.05204908511350645,0.9135470637246816,3.115854441758846,0.0,1.0,0.0,0.0,0.0,1.0,0.0,0.0,0.0,0.0
369,0.899046955287936,0.34399964472784983,0.5204624338086772,0.4409434260340984,0.4315626829957704,0.31532617144523895,0.7022693499379664,0.0,0.0,0.11671511475192003,0.7706019668715975,0.5653060914665546,0.20271575297787403,0.9542697864721468,0.006668710050202031,0.6786423093177301,0.34158926569473136,0.7281859182658105,0.5844311644070113,0.0,0.8231866448317119,0.6927588881687042,0.5474774207301085,1.0724341057230595,1.0,0.0,0.0,0.0,0.0,0.0,1.0,0.0,0.0,0.0
268,0.11450069665447193,0.49866775893281556,0.7231228647405739,0.952074157067344,0.7931139897795129,0.9178876396092088,0.03695104779119984,0.0,0.3478260869565162,0.7348924787954019,0.9079171367734808,0.40592292976058125,0.8510184498550779,0.46072136655556317,0.6577081886281407,0.48216069618592305,0.9909086787623844,0.9643539900247682,0.17184382380601582,0.9844535254117497,0.5715610162667132,0.9171099567852068,0.17467715272058612,2.480274005256612,0.0,0.0,0.0,1.0,0.0,0.0,0.0,1.0,0.0,0.0
46,0.3870691281444888,0.1975077364800828,0.44370235328607827,0.4609069936915585,0.24085523690439326,0.2290953066334787,0.3926879268664759,1.0,0.956521739130423,0.7188085149891337,0.2619361017476141,0.539242962499221,0.38041234120116074,0.06802788428312986,0.9076533036138035,0.42906656299656243,0.1330627314933488,0.3602897147210512,0.3917784149851312,0.24378690851278187,0.9134612409120323,0.5296427927183105,0.6452087938347784,2.047222455375246,0.0,0.0,0.0,1.0,0.0,0.0,0.0,1.0,0.0,0.0
349,0.09401623281284976,0.11800977625900488,0.021119290476587754,0.39255191988545024,0.8324014484590522,0.2031679272129006,0.6890109452795997,0.3333333333333333,0.4782608695652186,0.0499810607864099,0.018611694394400635,0.02190499026730608,0.6779768872757391,0.045445576620549405,0.08584071746483049,0.19305247939397496,0.38871625357098294,0.6827087542234984,0.9985548366671964,0.5053647078810763,0.9373744441276225,0.26088867524774334,0.9491727429762427,2.006729249679013,0.0,0.0,0.0,1.0,0.0,1.0,0.0,0.0,0.0,0.0
195,0.1784149719466248,0.19199251897274683,0.8159004771700653,0.3878896582944419,0.5188431291109402,0.9752758694807373,0.4155507805335429,0.3333333333333333,0.6956521739130324,0.5214426278368496,0.14264646144225984,0.980600688747032,0.7457871952711481,0.5639802468036356,0.37979902984490443,0.7861455615902178,0.8993335987516475,0.4224344432720972,0.9068937041489964,0.6331897440307406,0.0354098622389204,0.46748154791555596,0.43184175680807163,3.171496505708898,0.0,1.0,0.0,0.0,0.0,0.0,0.0,0.0,0.0,1.0
999,0.28025980938342887,0.5201236578976746,0.09568997977200516,0.17993334381851714,0.6150489253010706,0.8195625147493939,0.742300020666247,0.0,0.956521739130423,0.6453772452376648,0.47915740968127496,0.522953816790859,0.16056898613638304,0.04606523856181613,0.9753386722912643,0.07799221723589911,0.31464200842877,0.35729363976140516,0.05103216601294483,0.89158446552006,0.008627523249748525,0.4690840490025914,0.014201423231253882,2.13060661478218,0.0,0.0,0.0,0.0,1.0,0.0,0.0,1.0,0.0,0.0
834,0.7260819156064832,0.21663499146828047,0.6834044252137781,0.290024663137314,0.331688431542143,0.5496031525140805,0.40066320943051736,0.0,0.5217391304347814,0.39156033116590794,0.8497169112269145,0.04262828701086052,0.7747015419390678,0.9234095158302482,0.06525904537908897,0.35135173868013814,0.7017689275317861,0.609147521865831,0.439836110912693,0.04821878979325345,0.6351771461417771,0.4262834973394357,0.9233357527775932,2.596706314348383,0.0,0.0,0.0,0.0,1.0,0.0,1.0,0.0,0.0,0.0
736,0.20622639726120806,0.8861583961853129,0.17941098321456417,0.2546892872467936,0.6816993191313111,0.613014555378782,0.014343421962303343,0.3333333333333333,0.8695652173912976,0.5398885490030912,0.020145141920423715,0.19680430523807646,0.43554839637900644,0.1995768411256267,0.004593210140292403,0.20881415436475104,0.10994818279426316,0.5947048490190673,0.06189547794268899,0.7607232332372971,0.9516272558859206,0.422996891825398,0.9469098257498321,2.200289021667952,0.0,0.0,0.0,0.0,1.0,1.0,0.0,0.0,0.0,0.0
263,0.1429431008403168,0.9491678349937215,0.09037798566355526,0.4770289196713188,0.8170115674170156,0.8865262198349297,0.7046454567202102,0.6666666666666667,0.6956521739130324,0.9446954580859372,0.8503515347868325,0.17730877511280174,0.7792714815777655,0.12256376343172917,0.9483824642732586,0.9867575768397097,0.685721072993303,0.5625790115890953,0.4421606271630589,0.8761216754269567,0.7259862549157851,0.9461096318265203,0.6785045611392542,3.255652825033865,0.0,0.0,1.0,0.0,0.0,0.0,0.0,0.0,0.0,1.0
443,0.19221753108660944,0.06287870209438684,0.5385168731722549,0.36416843021955914,0.912166407571874,0.7393046587053869,0.813115808477295,0.0,0.8695652173912976,0.4143534826648015,0.29610727094242684,0.4518765919914594,0.08388801934596424,0.35561941293405963,0.880998780938159,0.9371836200264352,0.015337575104294121,0.064132979842424,0.256781931456396,0.30192622179085127,0.8485873996504346,0.7095793380187115,0.2948081866426094,1.4238082736263111,0.0,0.0,0.0,0.0,1.0,0.0,0.0,0.0,0.0,1.0
675,0.39197027330036505,0.939022667668136,0.49993433812059335,0.8787562661143217,0.1415282987793388,0.9046932563657304,0.13690394165260833,0.3333333333333333,0.7391304347826093,0.7326374928938812,0.1055868408657692,0.8663448558417834,0.46336464155044677,0.28005944071098254,0.205279997595163,0.4896888695341577,0.6074777710077656,0.42283643356710954,0.8594976419660669,0.6782075919384102,0.1510975312761619,0.6612064522252898,0.8259482364664061,3.6868284015539103,0.0,0.0,1.0,0.0,0.0,0.0,1.0,0.0,0.0,0.0
304,0.8581655428290763,0.8271784159475196,0.4348717216086195,0.7189340855136263,0.011303047063773386,0.011229088895608363,0.722761528350333,0.0,0.43478260869564167,0.7561668035398484,0.009193706119682454,0.910332583176144,0.3737985331592989,0.3460168508129645,0.7598089193315314,0.9640946476443495,0.6789331128677135,0.2257708847164982,0.7986336039499249,0.5422102137021587,0.6874964195118958,0.41958144496799454,0.1592708857571525,1.8385667297062585,0.0,0.0,0.0,0.0,1.0,0.0,0.0,0.0,0.0,1.0
341,0.9596897217782548,0.811334057617855,0.06665198924592586,0.8221447712036198,0.12383414215477606,0.04137686962293757,0.905990042279868,0.6666666666666667,1.0,0.5691273638125142,0.0,0.5630862651550825,0.11062040084753622,0.4425783206233408,0.9584107145958531,0.5919528151827991,0.4922536158514973,0.4642426946763114,0.731717236358572,0.6968981170677203,0.2850363119441839,0.07151583441455558,0.9407744598782115,2.5217012360456565,0.0,1.0,0.0,0.0,0.0,0.0,0.0,1.0,0.0,0.0
966,0.9540028973236842,0.7300627812460588,0.3188051642256389,0.497939402738921,0.3699716146820152,0.7734151003093814,0.5379129740596166,0.0,0.3913043478260789,0.50768690232243,0.3711328470169325,0.03212124393254373,0.7064482864415853,0.8054572835629374,0.5239982146219089,0.04882306672028758,0.6505726309521684,0.920745602484554,0.7887118812859404,0.6467156223695125,0.1273743317823969,0.8732436071569876,0.025362617362390233,3.279601121837166,0.0,1.0,0.0,0.0,0.0,0.0,0.0,1.0,0.0,0.0
149,0.02042248319369222,0.893492288933076,0.0908650525776104,0.18337593806121907,0.41525506643392573,0.27634834437258043,0.7334469211887602,1.0,0.0,0.09223018267039162,0.1091784868331907,0.14473066546162566,0.3142203239223064,0.7855804772563,0.10002048227783009,0.5240096391000497,0.9470082894092138,0.5052102525176988,0.8959472081385889,0.8380740375339281,0.16319354603572958,0.41572625046276324,0.01811780331778244,2.7262635764772267,0.0,1.0,0.0,0.0,0.0,0.0,0.0,0.0,0.0,1.0
124,0.04046723907137606,0.4234410955031708,0.3771647988453806,0.19001155710007078,0.9967865162212234,0.5526900118715579,0.0659551816785247,0.0,0.08695652173912549,0.9493140152637837,0.8601243441731081,0.5716049817125857,0.9827719170685207,0.24268047759085212,0.10908212345128618,0.8211970170404941,0.6936743177127647,0.9953461028673698,0.5363253703443451,0.9804064117697671,0.9640212397402125,0.23554432813839138,0.3798304398764558,1.6787249100503547,0.0,0.0,0.0,1.0,0.0,0.0,0.0,0.0,1.0,0.0
786,0.8136580177350566,0.3300445558331214,0.6864193077264764,0.9607686920909622,0.3183580250715665,0.8800752197088764,0.4530163715435271,0.0,0.6956521739130324,0.6189813759072762,0.21131534419586048,0.07225397788511473,0.023321024478159813,0.8175662764809581,0.3781575116620587,0.925400704786767,0.9024544964943799,0.7077291208877772,0.12498003798579418,0.247171056114132,0.26397721189848455,0.2760492184507793,0.8732702979615734,2.048180033287688,0.0,0.0,0.0,0.0,1.0,0.0,0.0,1.0,0.0,0.0
50,0.19909888850627244,0.66806316970996,0.9882183286438906,0.8870096284047937,0.9498274200159914,0.2249574892377762,0.4318192062369146,0.0,0.08695652173912549,0.39469765126856654,0.08541076653911667,0.31964646215181775,0.27994683860745123,0.37052468303476094,0.14935262676901398,0.14196238079084944,0.324557531490995,0.501089512527756,0.08798382823112941,0.6740793315752768,0.16026463743482147,0.7671530525056239,0.721320785777438,3.4139076717756027,0.0,1.0,0.0,0.0,0.0,1.0,0.0,0.0,0.0,0.0
353,0.5724157422851134,0.3036108852718299,0.5473818395619954,0.328706766573585,0.05108827799296456,0.651299032796655,0.4331629685206965,0.0,0.2608695652173907,0.19981758138327338,0.7264117303150115,0.5649512228081046,0.204735281880996,0.35193598051767705,0.9960147401292809,0.9688667153158383,0.7783047650308041,0.02383779816120485,0.625822729532185,0.6793066309820374,0.3538083578407172,0.3846050949807114,0.5384127517218051,1.952970090115623,0.0,0.0,1.0,0.0,0.0,0.0,0.0,1.0,0.0,0.0
927,0.8525145292681106,0.711671189371411,0.5873875783412192,0.8290280494435126,0.48462114361950004,0.8179874462697911,0.9125402853394204,1.0,0.7391304347826093,0.9680013070946478,0.02949161903952885,0.5230654725080697,0.5771049938302479,0.7596291072255792,0.5834164710497208,0.8635462978221318,0.26276062752420654,0.8357376003881414,0.0924870705238626,0.4605912801665418,0.32223385246821135,0.7199427144259694,0.2664521428531147,1.877437590020942,0.0,0.0,0.0,1.0,0.0,0.0,0.0,0.0,1.0,0.0
142,0.9385910258135827,0.8325144620675956,0.7667116588380796,0.9966026394840767,0.03259694550070946,0.3186059438881517,0.09554850043246209,1.0,0.13043478260868824,0.2841322736973062,0.2247291617459392,0.0382863870113031,0.9853026938263945,0.419168573998847,0.13844618171646658,0.02994028284815764,0.9986858087846588,0.7459935004814356,0.5803588287265058,0.04750971130650547,0.4924885641183703,0.1259734855750928,0.9789745179181515,3.721729467672509,0.0,1.0,0.0,0.0,0.0,0.0,0.0,1.0,0.0,0.0
470,0.4036604517005523,0.9371788782395268,0.4450189809867175,0.4391114660932497,0.9057884317084625,0.6328865503955485,0.4014640043229608,0.6666666666666667,0.5217391304347814,0.4499481835267666,0.6695984128203527,0.8825019536266316,0.06691799711852137,0.9262844666440304,0.9908966126744723,0.6254905866973131,0.9890415467385982,0.7522324666764602,0.6721087604041349,0.7433682959278035,0.4699290567982978,0.05712227099659051,0.1773075677207423,3.9554335207493208,0.0,1.0,0.0,0.0,0.0,1.0,0.0,0.0,0.0,0.0
399,0.44202183378618154,0.39715016548565296,0.5543873806450783,0.6481204499025193,0.778319231600845,0.039869760360914774,0.813993076227057,0.6666666666666667,0.5652173913043441,0.7998567785942372,0.6671731093964389,0.9786294112807361,0.24719742613080314,0.552173107848169,0.2247871528838409,0.11831626990999,0.24607896330983392,0.9133799632963029,0.6792672335311813,0.41246454119885434,0.4602948202906493,0.2906302610882972,0.5724997617232099,4.25560367697037,0.0,1.0,0.0,0.0,0.0,1.0,0.0,0.0,0.0,0.0
625,0.4112181484419518,0.7473768054588882,0.421184980712148,0.5607020948326675,0.6226790826933463,0.6079569815941133,0.9101934549220079,0.3333333333333333,0.6956521739130324,0.04851068812170578,0.7001037340333212,0.19761930847792153,0.7821677247265132,0.5026433909240582,0.5133782240406197,0.8735428845182476,0.02068861411700676,0.8158245038801342,0.4733257951110544,0.34144433335578483,0.11152270833335645,0.22414568887923414,0.9385425923179611,4.136463957968775,0.0,1.0,0.0,0.0,0.0,1.0,0.0,0.0,0.0,0.0
320,0.9170667796340471,0.4964432545817089,0.029984635719101593,0.011837956817207472,0.8243112910926759,0.08561719310718491,0.23069144953385795,1.0,0.7826086956521721,0.03568183350239562,0.739957969035559,0.9120170760254236,0.3263999868919047,0.5444013465377119,0.3778592028525821,0.2936953432602909,0.20517320884655277,0.6142602195724666,0.9120764502680361,0.3432349551497291,0.774718676929053,0.03672116935811534,0.3209103231608907,2.4457525082582907,0.0,1.0,0.0,0.0,0.0,0.0,0.0,0.0,0.0,1.0
19,0.6317759656384546,0.4496070890221687,0.3722455559980347,0.2343189656921428,0.7212176181206603,0.4373374622041148,0.9492086434115339,0.6666666666666667,0.6086956521739069,0.6285726911243631,0.8161841513210633,0.5352299906487001,0.42606246291640015,0.27662388872465116,0.5846176784602557,0.565872236144914,0.7587484719098307,0.6106026622390472,0.5383906441963369,0.3667092728372474,0.8359915001143784,0.5746219410871662,0.40791543037046474,1.7131678124501646,0.0,0.0,0.0,1.0,0.0,1.0,0.0,0.0,0.0,0.0
809,0.9926541109634902,0.08628738249362478,0.163588334468814,0.798510853666406,0.5787910670195847,0.755532429769042,0.7883645980852698,0.6666666666666667,0.956521739130423,0.8850847161004829,0.7674958278151051,0.918087901504703,0.12719761777744926,0.012766782577748312,0.8019276504547068,0.14293572720386605,0.6878885723988679,0.6779215902124669,0.20158830564537433,0.44812466061729417,0.13417103724933507,0.7482411314282184,0.7896706688206498,2.3537483894197977,0.0,0.0,1.0,0.0,0.0,0.0,0.0,1.0,0.0,0.0
790,0.21558146164504022,0.765345118280388,0.8359286712459255,0.2211890054082247,0.4907501436565026,0.820711058927911,0.3747230074724055,1.0,0.7826086956521721,0.8900586379464274,0.2337807821416907,0.21106353478884315,0.3354792014231081,0.0561602524084851,0.16306419029147326,0.09920467986603132,0.05516777233721615,0.9771944698606794,0.7803885771926304,0.4301832793056042,0.7110545353069834,0.7589996805354993,0.4813548499695925,2.5002924510056324,0.0,0.0,0.0,0.0,1.0,0.0,0.0,0.0,1.0,0.0
808,0.50713899924979,0.40896495493245044,0.18170360415073705,0.9361960195646699,0.4358483379848086,0.061632967046144904,0.4243297629752623,0.0,0.5217391304347814,0.9143136414410803,0.4388078796636082,0.9275005098962585,0.055303884945314324,0.6226689629861913,0.9663102325522124,0.15642804586088754,0.8827115691986771,0.45838262905845084,0.9617110941466422,0.6596881950341891,0.474509002256026,0.8977479325277593,0.6769492663889716,2.305376113358603,0.0,0.0,0.0,0.0,1.0,0.0,1.0,0.0,0.0,0.0
407,0.8374458800453447,0.09387026951387378,0.2956855444940359,0.25137838269493096,0.37513424888270974,0.16271614080408264,0.20852599666351146,1.0,0.6521739130434696,0.7161341829528598,0.12307127439531218,0.44607364287395374,0.8181592459514104,0.827300208036972,0.2798640449197143,0.8397448162091328,0.7927464223389302,0.7199994585317058,0.17265270897488777,0.6163511247377574,0.9426342184628166,0.9144100620718805,0.3175199840071299,1.2120586284648718,1.0,0.0,0.0,0.0,0.0,0.0,1.0,0.0,0.0,0.0
537,0.16286487227185498,0.7482921377498887,0.3758212536140559,0.592265128146036,0.8658096454640362,0.6069377855382021,0.5871762544102518,1.0,1.0,0.9540225499140381,0.2328030758519093,0.6882346184660815,0.3418471060625522,0.9407350961092831,0.25109090589203353,0.9180394709300033,0.0898715696413473,0.8373481117831527,0.7697887497926457,0.08561861000298734,0.40360735861711516,0.22886047368641155,0.9041316069223879,3.052892014691619,0.0,1.0,0.0,0.0,0.0,0.0,0.0,0.0,1.0,0.0
620,0.7777654080530204,0.20770715000248086,0.8776811841884009,0.6219361633286874,0.214691106567809,0.4428135236385132,0.8088095624593103,0.0,0.7826086956521721,0.9411157589642589,0.16457266900981976,0.8341654175529911,0.4066999711413757,0.4010524342977668,0.7923701241621391,0.46706397982771497,0.9617139019964032,0.593219402719258,0.3613041153618991,0.7246766976572064,0.4788683994146915,0.9091566665430566,0.9498572874698028,1.3651812391599394,1.0,0.0,0.0,0.0,0.0,0.0,1.0,0.0,0.0,0.0
38,0.22615762505795012,0.4400139867833074,0.6006580142215452,0.18389450989021536,0.3783747588131382,0.8853758017656461,0.21988228752044126,0.0,0.6086956521739069,0.08294748091998266,0.35810853350867194,0.30305951381938473,0.593953012572277,0.47228777586659654,0.7368676560350986,0.8166114803498905,0.6536273034251392,0.16186676518580323,0.7657312503626972,0.6977494712523962,0.3561004844712473,0.40515101420058586,0.4960445598797317,0.8996231890521439,1.0,0.0,0.0,0.0,0.0,0.0,1.0,0.0,0.0,0.0
175,0.04377071549652389,0.7505704957283149,0.5649570421931822,0.03958809602765853,0.5553049771164943,0.04754532776955406,0.9910986626056595,0.3333333333333333,1.0,0.8981138570553416,0.9984758389218527,0.11400111652970307,0.1992039368428472,0.6740289037922728,0.9253204849899461,0.6443049077710761,0.6700331879414312,0.6989477044099892,0.8866125463599945,0.12686858227314476,0.22595528027918857,0.610470404760127,0.05909790363982209,0.8589262011243698,1.0,0.0,0.0,0.0,0.0,1.0,0.0,0.0,0.0,0.0
245,0.8683540369810493,0.26457863224449885,0.1948987944679329,0.5562622307956615,0.2627344906453295,0.6534232829752618,0.0908342610741039,1.0,0.08695652173912549,0.16772336947532793,0.5926421609899075,0.34736121769725853,0.14453014604273717,0.37739038112029843,0.7141798273140192,0.9476475005883818,0.20507676479644849,0.5205973519779206,0.47486373920075625,0.533116626435965,0.6816203344797914,0.06639457235693011,0.7949259791563725,1.93568451731068,0.0,0.0,0.0,0.0,1.0,0.0,1.0,0.0,0.0,0.0
828,0.8745166972962254,0.9221777168139559,0.8125043361497384,0.9361190717305793,0.7868432533264297,0.5254701986178778,0.620111123759839,0.6666666666666667,0.956521739130423,0.17869695714228745,0.45318287028009385,0.9444630906557383,0.00959201043884056,0.311444786349519,0.7055447393729554,0.7784459201156233,0.2234913164363272,0.11377721537886015,0.7198144837490628,0.9124915097064328,0.20824628336518322,0.18228547178490623,0.5829643372482898,1.4345107891522035,0.0,0.0,0.0,0.0,1.0,0.0,1.0,0.0,0.0,0.0
667,0.9996378688572128,0.22739181392043173,0.0676315081204058,0.12810420637517458,0.3398299781823866,0.8927649799973463,0.4770083386616815,0.6666666666666667,0.6956521739130324,0.6922171043884726,0.9966922727947571,0.3952644355628396,0.6928792727138784,0.5448056457407173,0.39616549815154734,0.1358986990519888,0.4550723544132431,0.10021452742837722,0.30214975884476614,0.5667123992357055,0.5088680189853831,0.49775867778175675,0.9943611624198121,1.9656770919189253,0.0,0.0,1.0,0.0,0.0,1.0,0.0,0.0,0.0,0.0
754,0.6834799674587525,0.34942813227135294,0.8822972249040455,0.46453322870274194,0.9243181278246467,0.08504065624780305,0.4383136385792447,1.0,0.043478260869562746,0.1370920031016859,0.6028647159658322,0.4189075898327083,0.9602401286140985,0.17700752282974594,0.787113985886314,0.037365337000455856,0.96437855267383,0.6191874852514065,0.6341941808824791,0.8252143773761672,0.16432408572487664,0.9098226470879158,0.22410930551138986,4.047142350726011,0.0,1.0,0.0,0.0,0.0,0.0,0.0,0.0,1.0,0.0
858,0.37862547325039364,0.250188758338303,0.7475622908825499,0.7064731566529421,0.022361418785622922,0.5545960719927672,0.21479783323102486,1.0,0.21739130434782794,0.2537714962274632,0.5169659797215329,0.10370699146279116,0.25871289201327446,0.8541199301880549,0.6935632479090804,0.3239555599000563,0.6554162700080836,0.7517806725346257,0.6527029333136476,0.6320874049246783,0.7004467310973586,0.1611849693811505,0.9616642591700519,3.496549924850011,0.0,0.0,1.0,0.0,0.0,1.0,0.0,0.0,0.0,0.0
154,0.10757162676311949,0.5339068768262748,0.601698957557562,0.1857255202330431,0.5806485555593118,0.061844916600315936,0.42247988043241796,0.3333333333333333,0.6521739130434696,0.6268927475551969,0.46821060238896917,0.6470660022285051,0.4885596789754586,0.7144168527790107,0.9252644085283137,0.019923181669516676,0.876288857477658,0.3750450849762228,0.6700422957386007,0.8801728568219469,0.4801435654591645,0.5411094247969901,0.4215132315032527,2.731272471789129,0.0,1.0,0.0,0.0,0.0,0.0,1.0,0.0,0.0,0.0
287,0.3731753169303539,0.32910468895432665,0.7640375697232145,0.4209317774210263,0.2157244994743951,0.5549724034081565,0.9690088456639616,0.0,0.6956521739130324,0.9198200142642534,0.5592004112160128,0.2430341040215896,0.40772320558101716,0.4719237295294354,0.985239716877975,0.4643020927305965,0.7505646314142791,0.7398803678926852,0.47420172819923506,0.7026861928283648,0.5701091804391472,0.1351721728487057,0.3767672786656291,1.3519808522902093,1.0,0.0,0.0,0.0,0.0,1.0,0.0,0.0,0.0,0.0
602,0.9040188617582824,0.6779334513862681,0.4555494903764818,0.5011849805239706,0.9868593081216727,0.8981721274186425,0.2715228769565937,1.0,0.6521739130434696,0.29981259651626324,0.6896997134349574,0.638209602522845,0.8624007057935477,0.629880874859637,0.24191481313006521,0.32313902593295696,0.0888413645957527,0.8912272368028766,0.9790498252256516,0.6900552292107902,0.38349740959084744,0.5148099556782904,0.9465769166785503,3.652230886151531,0.0,0.0,1.0,0.0,0.0,0.0,0.0,0.0,1.0,0.0
569,0.539442485474085,0.4943379965564555,0.9961525000012754,0.30650982244481195,0.5756484092031954,0.8800876085604581,0.8987331767199843,1.0,0.3913043478260789,0.7981296811203205,0.6313477157040942,0.32224601313612916,0.17047841066098274,0.5095787521296081,0.34396685756095213,0.6973470802752479,0.5415325160052089,0.044760694721469374,0.7673726233618499,0.7576682321387567,0.2915325661349676,0.9786265865808597,0.28414964914491647,1.3751129175075498,0.0,0.0,0.0,1.0,0.0,0.0,1.0,0.0,0.0,0.0
743,0.0,0.9590484676797074,0.7646412232160251,0.5107441237739887,0.28534446720892315,0.897830513688413,0.008051839233455788,1.0,0.043478260869562746,0.72810987590524,0.6424791900834037,0.669141167722072,0.4274282304304754,0.3804059105029658,0.49758919845213445,0.543709912960253,0.9252220389725365,0.5289101957981478,0.23873377241702542,0.6587271844163772,0.11581149036315438,0.8592722901602352,0.2905242562910088,3.054546482153489,0.0,0.0,1.0,0.0,0.0,1.0,0.0,0.0,0.0,0.0
17,0.06271767763490577,0.8464171970990831,0.029433955112090737,0.09102980485777079,0.4523936026970784,0.4867094602877006,0.8236155157006287,0.0,0.6086956521739069,0.7134118951976487,0.3897130300867486,0.9536712632536786,0.6341497369716844,0.1632348359316382,0.20691044318472776,0.05803306677282771,0.3878789304712884,0.9110816620523772,0.34559049198710295,0.014133794088166118,0.42838877106790363,0.5958110715149477,0.9396378037126794,1.7124628290873392,0.0,0.0,0.0,1.0,0.0,0.0,0.0,0.0,0.0,1.0
127,0.14359674791322763,0.686397035701957,0.32629902109337056,0.12839345867796348,0.4789273790675458,0.21322684257862018,0.005007383585120803,0.0,0.43478260869564167,0.701980777864941,0.6091299451249621,0.507891925547707,0.3273520364565217,0.22905469775439322,0.8057870149916146,0.6559857425157443,0.5836770224972138,0.8666655657534694,0.8357673001757862,0.7131927586386481,0.7408348613537696,0.4422231944907288,0.30729070368036654,1.6707483626974853,0.0,0.0,0.0,1.0,0.0,0.0,0.0,1.0,0.0,0.0
322,0.3278258647835762,0.004959804756081598,0.40189950522839274,0.707911729354142,0.6183631256128918,0.8646409686356198,0.8656014415627814,0.3333333333333333,0.17391304347825098,0.06268295286290426,0.13209832735223476,0.24044208726663524,0.8628846486827512,0.45450551546276496,0.014132615378901758,0.1237943986000829,0.7132354383808635,0.1744773821680463,0.5166353766272689,0.4153420698506529,0.25016786373071176,0.1658736298167564,0.7419535777597934,2.5655770528070785,0.0,0.0,0.0,0.0,1.0,0.0,1.0,0.0,0.0,0.0
255,0.7463697403618975,0.8527989534547998,0.5210011247342905,0.8043509255501673,0.06980916578748009,0.8766586144774107,0.9201875692320385,0.3333333333333333,0.9130434782608603,0.20070540790377786,0.206170470670023,0.8538602097679759,0.32577800824860703,0.03969395873225809,0.5662411595426953,0.2196541694346026,0.4344504231946391,0.36654117167443656,0.514936433932254,0.4562395800723368,0.8901369232334378,0.970217478921197,0.3328871159577704,1.2946525651418,1.0,0.0,0.0,0.0,0.0,0.0,0.0,1.0,0.0,0.0
657,0.29834556703561577,0.8470814148366413,0.5646316597245127,0.41692480570945534,0.10656882504855203,0.8001424566781352,0.9592366409836535,0.3333333333333333,0.8260869565217348,0.4930897633115141,0.04409472918321172,0.6352083180241073,0.538346229210188,0.4782653295604836,0.6034466427448536,0.01836258150513581,0.19962087989288624,0.7581481418578575,0.01202844126471668,0.424422127444946,0.7179469026804058,0.064402157157743,0.514760331746476,2.5374210006447147,0.0,0.0,0.0,0.0,1.0,1.0,0.0,0.0,0.0,0.0
964,0.9530450496462796,0.7400630093680444,0.2552900580223615,0.34464858151119127,0.23501651392231104,0.6948321731612104,0.0955671242714493,0.0,0.43478260869564167,0.3699655317400857,0.01132472568165871,0.5382771355204585,0.252337387306989,0.2348048205079938,0.8494060130701042,0.8453616319124393,0.3177259447476575,1.0,0.6901643352049436,0.7796718552318914,0.9023642403251776,0.09549974865768554,0.7842983933112857,2.2606135763822546,0.0,0.0,1.0,0.0,0.0,0.0,1.0,0.0,0.0,0.0
190,0.9375755601242194,0.4487029160722541,0.11285314026913923,0.1946272129283438,0.07994248326195408,0.6086797802710486,0.8401258176854689,0.0,0.956521739130423,0.67173109396207,0.46222820175841883,0.3293628895793062,0.7960788197966532,0.9474599171168905,0.8827947916152739,0.7663076720353366,0.1278998446299337,0.49704622452293445,0.334751048571821,0.7649779129137424,0.6057932877860774,0.5984850790474561,0.3911520632722247,2.742401912933632,0.0,1.0,0.0,0.0,0.0,1.0,0.0,0.0,0.0,0.0
115,0.8572056398065385,0.06919779098071266,0.9280396564138134,0.6325841465579201,0.2672732315626277,0.9273431157477283,0.7629396769546539,0.0,0.30434782608695343,0.9427367601461232,0.8457751321202216,0.7485463494734865,0.19829364479903672,0.2741251686367058,0.7138628529140191,0.16242967480809112,0.6373833676000831,0.8030199619670091,0.4927402820856453,0.27765690120298536,0.1773394372697454,0.5369358389965686,0.0336763457725511,3.614143508267234,0.0,1.0,0.0,0.0,0.0,1.0,0.0,0.0,0.0,0.0
616,0.7503474639703124,0.0037911898114281195,0.19542304276712463,0.36531156187910196,0.1352651792045655,0.4403517189925878,0.41187920954102547,1.0,0.30434782608695343,0.5737498126539542,0.005975910280108576,0.307369740854814,0.8430460257374364,0.463798369894152,0.2674746189488031,0.3937552578131158,0.9499526733577537,0.6290151587075854,0.9907911339804096,0.13301581431154544,0.6773532101779949,0.6708455890858223,0.35710643419448035,1.312495054456711,1.0,0.0,0.0,0.0,0.0,0.0,0.0,1.0,0.0,0.0
606,0.8674145218668471,0.9650586520236503,0.6135267435810461,0.14273047471525202,0.8572708629094937,0.05662640040705186,0.8663558746052941,1.0,0.6956521739130324,0.22271729801390555,0.5051828435123376,0.7439556569893111,0.7513719997531875,0.47815706974820626,0.35233404494436193,0.5391812791432082,0.3464455103496218,0.9654727493553328,0.49222727475577105,0.09700045314191971,0.5160797899690599,0.7064362991574659,0.5839148687720697,1.7506259947555476,0.0,0.0,0.0,1.0,0.0,0.0,0.0,0.0,1.0,0.0
180,0.8914567443157403,0.751796663254865,0.7846175095355707,0.9375290251430617,0.7257031400298605,0.6582619335975108,0.03632792245825321,0.3333333333333333,0.0,0.25523001573913795,0.42499126946441973,0.6707575400951484,0.937767505978572,0.3643665176723968,0.16193571228180134,0.9251373396655467,0.998239236637114,0.5908464463050589,0.7761821662391606,0.8785906821098849,0.5925594195185049,0.4907707832944156,0.7561028102960818,2.153461204389212,0.0,0.0,0.0,1.0,0.0,0.0,1.0,0.0,0.0,0.0
301,0.13360349850745712,0.5627709332327923,0.7563046158283819,0.3189250232743812,0.7137991716254733,0.613632971126927,0.49960751204560067,0.6666666666666667,0.8260869565217348,0.3945835336258523,0.3660713066500868,0.251436964745862,0.5159844231823145,0.8226041751411873,0.1861963740718023,0.34947519725787046,0.7653702582150315,0.7787240449764488,0.42731317448451295,0.41568231325819405,0.2761362602333708,0.08126417017068868,0.47303181247932474,2.025839309416576,0.0,0.0,0.0,1.0,0.0,0.0,0.0,1.0,0.0,0.0
759,0.4605166751211994,0.922390472433383,0.5241246052868651,0.16463936100513724,0.9323166154250487,0.052222020871425745,0.24315688806270203,0.3333333333333333,0.956521739130423,0.19319570079269932,0.2417102881918448,0.1514517825494373,0.4165753447100835,0.4896670543055124,0.4107953997811702,0.602508757572056,0.5479807053976229,0.9715495588404657,0.8007264078837397,0.46697946735414797,0.34874738127809823,0.5160904361678588,0.9706843035929038,1.944834043375548,0.0,0.0,0.0,1.0,0.0,0.0,0.0,0.0,1.0,0.0
712,0.8151402697572935,0.980535281082135,0.2477850670905976,0.9928294379098094,0.6117094511508531,0.9840795554142803,0.3112502736051297,1.0,0.30434782608695343,0.7910247552627053,0.859713129425475,0.33910278119084364,0.9488812424956863,0.8920126308057069,0.3064712057692319,0.34068170387415586,0.22350323557862362,0.8405665270133891,0.9761498014806769,0.8002387354870055,0.1617731808152574,0.01882804074089922,0.4473412980109572,3.8487701835241146,0.0,0.0,1.0,0.0,0.0,1.0,0.0,0.0,0.0,0.0
723,0.9605859055750815,0.563622693868299,0.4089908047192829,0.43124919257290784,0.6122610132313325,0.8896866105826251,0.1290082887678246,1.0,0.0,0.754510072789943,0.36892062901929457,0.029311032763243206,0.4050578850754394,0.1796825349240563,0.4948950699345397,0.7223964403361056,0.4860468727449908,0.6052002633114594,0.5260158365208314,0.3785626538277648,0.8387053453651269,0.5730308052289849,0.6995862392737067,2.527080777799317,0.0,0.0,1.0,0.0,0.0,0.0,0.0,0.0,1.0,0.0
685,0.34278896861105423,0.23808092066905318,0.738916208557018,0.09402902031790031,0.34736530318218706,0.01416874261045259,0.35270953702760405,1.0,0.043478260869562746,0.12716446022991607,0.0012690263432634796,0.9552655296549128,0.888952041486142,0.05538777392671615,0.9704218935067743,0.2816002140412017,0.21933575354017598,0.4540011384183623,0.6950575222107924,0.30381770100455796,0.0005413543387666753,0.7276825483424572,0.44161551681216465,2.0315077945672937,0.0,0.0,0.0,1.0,0.0,1.0,0.0,0.0,0.0,0.0
979,0.1864026087475359,0.21496078050856193,0.8752961884290518,0.6519773520838077,0.9141859115870464,0.6663022232271321,0.7053795100982073,0.0,0.8695652173912976,0.6280966900245359,0.12226892954651941,0.10542643590715606,0.7473463178765202,0.4760143087935391,0.33799501683560274,0.9423679355651644,0.6918286787352592,0.5382951189863097,0.3007308932321167,0.6721849806291879,0.08753127555799264,1.900838812238237e-05,0.11201483555128319,2.622889609491871,0.0,0.0,0.0,0.0,1.0,1.0,0.0,0.0,0.0,0.0
517,0.7430409420554543,0.9565771225692142,0.22473688378130868,0.17174018059713272,0.2979770684339619,0.19210594849475277,0.651410504019472,0.6666666666666667,0.3478260869565162,0.1627760027513865,0.35821232186235763,0.9976908986214621,0.6154862394978942,0.7512726512706391,0.36374684883032105,0.4363695893770543,0.5595602886477493,0.04679520512939289,0.07693347738778603,0.40683191051942036,0.33416590250810585,0.5462532164662951,0.9104097776155584,1.559883879286909,0.0,0.0,0.0,1.0,0.0,1.0,0.0,0.0,0.0,0.0
984,0.1519674969067789,0.6188206118402101,0.06385736010274667,0.37189479479046716,0.30664645415673475,0.6674848371275259,0.3167228414958163,0.3333333333333333,0.2608695652173907,0.5996907202214234,0.6064969852594126,0.46455081356229383,0.43685294412790443,0.34094495183468165,0.18522880783595783,0.6111977447649162,0.5769142508660782,0.3019213646769632,0.08781475799482683,0.5608120344031263,0.01625671833745085,0.1998548154256083,0.4559651253384635,1.5754382197956536,0.0,0.0,0.0,1.0,0.0,0.0,0.0,1.0,0.0,0.0
45,0.8052451239804382,0.32638609017420295,0.039770769397093564,0.9759657551221678,0.25918607950289885,0.9999999999999998,0.3881906865078584,0.3333333333333333,0.4782608695652186,0.2095832090670364,0.061620067110809196,0.08100246857961924,0.17374667538306193,0.766279142902625,0.8489615210273618,0.3785249643517119,0.22134078385691053,0.7840601780560084,0.441377168957748,0.24761881976565495,0.0852466303184195,0.8450860200310993,0.04659932635459518,2.427394901938301,0.0,0.0,0.0,0.0,1.0,0.0,0.0,0.0,1.0,0.0
909,0.2941669720536807,0.8935137777196777,0.5669849351753944,0.8202545022333682,0.21604789491921816,0.13291570524514357,0.3702433352316142,1.0,0.8695652173912976,0.2350596661756531,0.8592035853895645,0.46718858094241283,0.6706655753055752,0.13524973740414567,0.9933086957229214,0.0770109294911081,0.048947927513843636,0.08199512717451407,0.8295542001430161,0.44302645106151817,0.7572969305635189,0.6113526759867524,0.03157461351278777,1.949315491411753,0.0,0.0,0.0,1.0,0.0,0.0,0.0,1.0,0.0,0.0
157,0.659593405957729,0.0,0.2741259090172824,0.056340387440547396,0.07024637653544741,0.5897527378308172,0.0427625014158647,0.0,0.0,0.21504463021091758,0.10385393513986907,0.6947522075123613,0.4874114539905886,0.9985018400331946,0.5950042547925776,0.9893339332830666,0.5055576013224625,0.9354490441914907,0.5860284926962103,0.02815753913113779,0.4734750934600114,0.3099081043588546,0.9553527608154115,1.5921111096454956,0.0,0.0,0.0,1.0,0.0,0.0,0.0,1.0,0.0,0.0
851,0.19873189785268908,0.9062671342077032,0.4300375443629018,0.27739776314825604,0.7313310292566527,0.864415601337142,0.3708523277837002,0.0,0.17391304347825098,0.14982301510028814,0.6975695203910577,0.3452758887835073,0.941136514736588,0.6784950416016144,0.17057196117720055,0.5531069533708131,0.12128107810639327,0.9289844507686273,0.8761736851991047,0.628120678264935,0.47827238661491633,0.7181528103632461,0.37868500705470265,2.675382695624334,0.0,0.0,0.0,0.0,1.0,0.0,0.0,0.0,1.0,0.0
171,0.5149199874258813,0.7380883730581654,0.25551263538864166,0.6721712754312702,0.7067691452481347,0.6259832067219231,0.42472252007357875,1.0,0.3913043478260789,0.6934195582840801,0.6763672383874823,0.39126563117692664,0.5345477451431188,0.2609142364548641,0.569140067868271,0.5194021409249086,0.28940013590457303,0.9022896206367779,0.2971398673030755,0.6618707303841546,0.8833341170791603,0.5251799642374441,0.6748415444443663,4.290476851779135,0.0,1.0,0.0,0.0,0.0,0.0,1.0,0.0,0.0,0.0
16,0.554531952624609,0.6783193210469539,0.27785075226744876,0.9486754565483858,0.24998556410322115,0.5065872489149714,0.1561355709032468,0.3333333333333333,0.7391304347826093,0.7678144237338642,0.6497661571853945,0.3080397791321429,0.8874439806931358,0.18215545518950568,0.9495884235413454,0.6508845628656466,0.01767186943854973,0.19073052924842204,0.5164477548209732,0.44133868399177023,0.1995801466754529,0.6736571512046563,0.41112053845582963,3.569971421495959,0.0,0.0,1.0,0.0,0.0,0.0,0.0,0.0,0.0,1.0
511,0.8425533818836645,0.19828240243287898,0.41844617863673256,0.7074975025710755,0.5154283897862034,0.5372959687684213,0.1481593015220315,0.0,0.9130434782608603,0.5311717103847348,0.434277095103713,0.14624372607853292,0.16491115920272265,0.6345876496594601,0.053036494751641766,0.5835422195462083,0.4160404166253937,0.6409723255043124,0.08865727236809864,0.6508068014296077,0.6832835252222688,0.9958242321399904,0.2821524837294154,2.007535657505236,0.0,0.0,0.0,0.0,1.0,0.0,0.0,1.0,0.0,0.0
48,0.6827154867060369,0.8610560936405364,0.14451535122532255,0.9191559784107244,0.3662416784956861,0.15840800295071472,0.2659839696408064,0.6666666666666667,0.30434782608695343,0.5521068038172758,0.9931752338411592,0.2878245628726955,0.8007312127726061,0.9167447266788102,0.817477635795598,0.2089013602766432,0.07124499909821558,0.9300288231741256,0.7272947499322513,0.059634555186406035,0.5144891751881666,0.03239126904216108,0.5337670588240178,1.4500213475042316,1.0,0.0,0.0,0.0,0.0,1.0,0.0,0.0,0.0,0.0
971,0.028882988839761925,0.9700037735921622,0.6502620648543402,0.14451847545060223,0.06995910340281475,0.04585202907023739,0.36147791171649163,1.0,0.17391304347825098,0.3916321133287757,0.09030122333514523,0.651593214989834,0.8596432909186045,0.9718956569323516,0.3666002712172791,0.595895007895427,0.3957713041667924,0.3713299621232584,0.988604570808181,0.0656456588277862,0.2670143814937167,0.03145592572170616,0.0034103271492602963,2.6865159827736083,0.0,0.0,1.0,0.0,0.0,0.0,1.0,0.0,0.0,0.0
940,0.2638683480983878,0.223316518070379,0.9871933984759522,0.07248837665353644,0.8584563755121338,0.6931871056314856,0.7084388130730852,0.3333333333333333,0.3913043478260789,0.13813024718961248,0.9035881396813819,0.3451886487250094,0.576767849842969,0.5761408438770195,0.640023731139108,0.6959936986422317,0.7741646552924522,0.6149347869439704,0.20383048771231643,0.9535091194466416,0.3377713834511221,0.5481154298453927,0.5380493285959596,1.000416947506824,1.0,0.0,0.0,0.0,0.0,0.0,0.0,0.0,1.0,0.0
515,0.17212772763698647,0.2723664943380749,0.8367090350349371,0.7556612537271526,0.2997566443262253,0.9821818922015866,0.469450155117672,1.0,0.0,0.5648031681736776,0.9335791624724041,0.9216364890845867,0.23061889546977343,0.5880955415849031,0.23607943276644996,0.6242478284766086,0.445419772443138,0.9826827147445292,0.2852941449573326,0.3109502502243071,0.4767407110275065,0.9723156054956155,0.5216321180617232,2.47506523659965,0.0,0.0,0.0,0.0,1.0,0.0,0.0,1.0,0.0,0.0
952,0.24408292855492897,0.7633378081912489,0.14572303750418486,0.9448923251591179,0.23727117598981817,0.4578982919764892,0.1188826199855244,0.0,0.8260869565217348,0.33070692446194716,0.8143105581476899,0.426296133520172,0.33693847846558084,0.18389372916999883,0.7357372093550553,0.9926830597565144,0.5105270189579674,0.043513041113945106,0.5280332505044649,0.8485275485499766,0.42967403967993467,0.7226404750664939,0.47777074263620783,2.818712941260739,0.0,1.0,0.0,0.0,0.0,0.0,0.0,0.0,1.0,0.0
480,0.40841929879521743,0.4217098646636016,0.5041184014780193,0.44205147046116555,0.4588257442442356,0.02492811081459756,0.7576369187989174,1.0,0.5652173913043441,0.01824319691675136,0.9669510160938868,0.09808160503089514,0.8127914420983694,0.7092301435691033,0.10094807945961617,0.6203021720577366,0.8346567546004737,0.3104332722695008,0.9046126555802352,0.38580254868968544,0.7196129240420968,0.8543022605652105,0.06302483620219693,3.542652927348386,0.0,0.0,1.0,0.0,0.0,1.0,0.0,0.0,0.0,0.0
283,0.24868379500846938,0.6333250910682274,0.7034037780162437,0.09370313215721471,0.12898731996340396,0.3781409870353852,0.08629984227056649,0.6666666666666667,0.9130434782608603,0.5063775357474457,0.17410312247307752,0.7985139129436545,0.11604878911329114,0.11013880225223624,0.9144886120651494,0.7013113690723678,0.6868729445670456,0.38935791333220426,0.009418690839658683,0.7217997731093608,0.7001098491981289,0.32643199189477073,0.4956218136623111,2.4762044097814027,0.0,0.0,1.0,0.0,0.0,1.0,0.0,0.0,0.0,0.0
718,0.6530790330813273,0.6586844923942804,0.00946502497884849,0.9351943726244253,0.5062982897018079,0.0974979311635194,0.6253599504748147,0.3333333333333333,0.043478260869562746,0.5337168522072038,0.8463427390849163,0.6743982858740543,0.6831081332737069,0.9099872894830947,0.9267362806430923,0.03222360328185925,0.41176139884434737,0.8915417567556556,0.3113477646741188,0.848651619502657,0.5771597821409024,0.4163045408964583,0.7569744086749501,3.976921002841385,0.0,1.0,0.0,0.0,0.0,0.0,0.0,0.0,0.0,1.0
877,0.3185774647123848,0.320683066293746,0.39992571013380834,0.9534624668542577,0.6803290067269027,0.17572995346892212,0.32811882660323827,0.0,0.21739130434782794,0.6938276372565197,0.8621850940644649,0.39886660101483357,0.5764580868510606,0.6714359722483602,0.6028177132420771,0.46532392875344275,0.9271080807633194,0.6568026109737802,0.46328237791448706,0.13771159458495327,0.7270904970232229,0.5044844147130135,0.4167524469977801,3.81188279956154,0.0,0.0,1.0,0.0,0.0,0.0,1.0,0.0,0.0,0.0
225,0.9255452343747513,0.8907221928822521,0.25143439454706706,0.808188408061084,0.8728814342917094,0.4421857010775156,0.11311626412147298,0.6666666666666667,0.6956521739130324,0.13735398504383867,0.8258103458099855,0.08224163560166936,0.06945294685331338,0.2943569951838855,0.5600096354637205,0.041211595013903146,0.14501733833957742,0.9221996767780247,0.029992111353416423,0.7840218369889199,0.12076857170251651,0.38293185026805066,0.13444085405870948,1.7520403173110677,0.0,0.0,0.0,1.0,0.0,1.0,0.0,0.0,0.0,0.0
26,0.46648076717686526,0.9480567172342901,0.8102831830837487,0.26662018879631144,0.6518257669567892,0.4347714725004123,0.15140478385087908,0.3333333333333333,0.6956521739130324,0.38844627662078773,0.760634437324206,0.11684707560350033,0.909867634376248,0.23090716706309974,0.3550663568314484,0.4968861101081594,0.5488549240949341,0.42506756599059325,0.5649732861367427,0.5359886730552652,0.00018877820901416764,0.8190869305348016,0.44511957119055057,1.6066392137637848,1.0,0.0,0.0,0.0,0.0,0.0,0.0,1.0,0.0,0.0
954,0.9407882580859542,0.9063776212973217,0.5168859352252531,0.06838098765982761,0.2271362042447156,0.4301037601881608,0.717154212059312,0.3333333333333333,0.5217391304347814,0.47674553140286635,0.6796267297393146,0.4624353730568527,0.13949996367741901,0.554039595368596,0.2953668444572938,0.721164793614288,0.20523970046695666,0.778435493394628,0.42101891171497546,0.12621139678814736,0.6144710959392408,0.6340596501458188,0.4975929042339929,1.6477043602923036,0.0,0.0,0.0,0.0,1.0,0.0,0.0,0.0,1.0,0.0
437,0.5043713974852303,0.5158026825274705,0.6638397085086518,0.3220937325323723,0.23564942648917742,0.20357647855221467,0.31406285136769113,0.3333333333333333,0.7826086956521721,0.8027319083095301,0.754062852813046,0.5332683806906069,0.05793337269903864,0.6679430824711482,0.9965453679616083,0.804997261671101,0.7996016944387074,0.4014057678581736,0.5609636618773082,0.8151147305881706,0.6582283058896643,0.3420291700182725,0.7979439348616371,3.0805766952748805,0.0,1.0,0.0,0.0,0.0,0.0,0.0,0.0,1.0,0.0
951,0.2477005303281885,0.011545782668077154,0.7765574278309566,0.9595675901673734,0.7417933081909233,0.4556732054799651,0.9675249004782562,0.6666666666666667,0.9130434782608603,0.5033232183558084,0.995259704508515,0.3588520994019359,0.4149816129454389,0.5650802572875387,0.23844944686978534,0.6796112898602549,0.44247269847532067,0.8997112640002018,0.17213198747508662,0.13815338072504424,0.9104364969124191,0.06908273611570173,0.6998024158964988,1.5776484282010053,1.0,0.0,0.0,0.0,0.0,0.0,0.0,0.0,1.0,0.0
364,0.6580307304139307,0.46171487803004585,0.6647116982753776,0.31444544012347864,0.7446791843943005,0.8853589260447634,0.8695724715101845,0.3333333333333333,0.5652173913043441,0.556176335396194,0.7627477369430253,0.9145441500544835,0.2567646813437926,0.4469226370602104,0.7477574974043207,0.04971900193170775,0.269092855876412,0.13376804248060897,0.6519893165554203,0.20263042654169186,0.14064071983227652,0.30394674280678824,0.1193431246984066,0.9281497726630792,1.0,0.0,0.0,0.0,0.0,0.0,0.0,0.0,0.0,1.0
229,0.10488757682896377,0.05903269714255244,0.6531899849927141,0.4834656333306525,0.2551636150687384,0.23534873463065226,0.4337222750364211,1.0,0.3913043478260789,0.6587407325491019,0.38809282261910705,0.09705740635741733,0.1455261017622741,0.2756522462655133,0.7425918220587017,0.5404801285488383,0.9985463879128547,0.3467899747913036,0.8310287393689284,0.2275026429703005,0.25122032654213744,0.09317967986155082,0.5235319326300714,2.717362030968972,0.0,0.0,1.0,0.0,0.0,0.0,0.0,1.0,0.0,0.0
37,0.47548385122798875,0.40808552652993335,0.019626653217216128,0.004348024353537754,0.8469335213082644,0.18945309817139017,0.284401774595814,0.0,0.3478260869565162,0.49420565635231306,0.5593346403619228,0.5045202406909339,0.6403759977175884,0.39450022164550336,0.8022034031159064,0.6935895351938757,0.7937230415265883,0.28144870877663797,0.6412947135438385,0.6176767346765564,0.2800467284074417,0.96670259347834,0.20102799190267906,2.776520624832947,0.0,0.0,1.0,0.0,0.0,0.0,1.0,0.0,0.0,0.0
965,0.48182317677807085,0.07458036553670866,0.5420324823898139,0.08982736412429745,0.008322895841874733,0.24012026454118557,0.5649331998524001,0.6666666666666667,0.956521739130423,0.16740536531288308,0.005877384066942382,0.37185024590116816,0.8668466319655932,0.4473654498004608,0.6157038937391663,0.4907679915060843,0.8959888277458581,0.6610498114154267,0.7040117608960765,0.43855650190165174,0.7935620934078439,0.3883387122488914,0.3273336251575416,4.269354314955084,0.0,1.0,0.0,0.0,0.0,0.0,0.0,0.0,0.0,1.0
374,0.1567121215420606,0.9749677576465813,0.36354594131532786,0.5072319376329751,0.5903263379774656,0.6505657994618244,0.28413715189054656,0.6666666666666667,0.3478260869565162,0.6387317121522907,0.5723819300285539,0.6068772380774607,0.41904243798285623,0.8489188053960554,0.7540403801459727,0.21554784542116545,0.06663040758898275,0.3937143555023843,0.5856974502606205,0.8158324237177782,0.651917983288331,0.6447338206009725,0.5031847304513031,1.8813149765872432,0.0,0.0,0.0,1.0,0.0,0.0,0.0,1.0,0.0,0.0
469,0.5082012970371032,0.1685391570835123,0.3370020853760585,0.9673147249449802,0.23483350708696538,0.09578044476156305,0.8666039122762603,0.6666666666666667,0.8260869565217348,0.36209113437310547,0.2227765306213192,0.6923287085044183,0.35441457844192065,0.21161637519803664,0.7367380590790644,0.014321378220132797,0.8416024292927979,0.29189401649611457,0.28132453010347525,0.9357906115307857,0.6200797815446145,0.9133926906977321,0.6434581638269445,3.723173080967094,0.0,1.0,0.0,0.0,0.0,0.0,0.0,0.0,0.0,1.0
967,0.16269007369425614,0.8493913205385372,0.2816927181201751,0.1577200884887234,0.31770927504733837,0.2860431833364057,0.1729356054147379,1.0,1.0,0.32035424805671575,0.619350291137868,0.6733036764192075,0.6339395644143644,0.21244774015305654,0.3086443549999772,0.6660714864895163,0.03922246868413726,0.7611322957836257,0.5180263168625465,0.3279021489769004,0.5503107550443135,0.48835717054756755,0.49406447164253625,1.2711857865191736,1.0,0.0,0.0,0.0,0.0,0.0,0.0,0.0,1.0,0.0
850,0.17758666269359624,0.23041310630813483,0.3787848293355108,0.4238976205889228,0.2010053754494634,0.9959611292115851,0.9960758895468462,0.3333333333333333,0.043478260869562746,0.3924159830638213,0.2511562488367224,0.5244141672288571,0.9817572157077195,0.057483351822747025,0.8408833212861102,0.12459720359609872,0.600699380130643,0.06123972087890489,0.9461602878648123,0.09975531558215431,0.854922017208225,0.8545403173697967,0.0789502905815529,1.860051854351445,0.0,0.0,0.0,1.0,0.0,0.0,0.0,1.0,0.0,0.0
704,0.28261537008469506,0.473933820646825,0.7092037272313096,0.06026188950906053,0.133124210097874,0.5364175385848655,0.45848017878889397,0.6666666666666667,0.17391304347825098,0.4799555184903807,0.30437214924727546,0.6906022861999974,0.08561772194357581,0.12210098245097967,0.5781517505786617,0.8175629235755895,0.8664490370148172,0.4104829598206272,0.012609668210754654,0.3380444676879244,0.9153942698756566,0.02189288086607366,0.40489517224891436,2.1726545559862984,0.0,0.0,1.0,0.0,0.0,0.0,0.0,0.0,1.0,0.0
841,0.796490690452666,0.5700894534606739,0.43172306930289156,0.6428759201975951,0.42456985813722414,0.3324912116837065,0.9910717940804141,0.0,0.6521739130434696,0.13719528623491478,0.208987782815181,0.4997511981780495,0.3806429185601843,0.045978391965688786,0.7224852691045179,0.16082291380697988,0.7093573730995992,0.240467311402414,0.167335131811787,0.5983419371571662,0.6946031535768699,0.49186269636961266,0.9573854329575506,2.663737501764348,0.0,0.0,1.0,0.0,0.0,0.0,0.0,0.0,1.0,0.0
194,0.15237555989847562,0.8732980784552836,0.597129579963158,0.6480344488199313,0.27920787406005987,0.8812066893621002,0.04376757057584911,0.3333333333333333,0.5217391304347814,0.9087309251860703,0.48495594096942357,0.8449553625734074,0.5646581408794745,0.5431302159091147,0.3965088753896462,0.7863647046178865,0.050387704695216584,0.703884424200082,0.44160548110804415,0.1662424578722351,0.12682196256333347,0.8141532474318119,0.7344497475871881,2.4064938140049867,0.0,0.0,0.0,1.0,0.0,0.0,0.0,0.0,1.0,0.0
854,0.21136419820605135,0.8501439147865782,0.7578428821531238,0.60396717725618,0.08592373717030644,0.042381867275879836,0.1392174170333731,0.6666666666666667,0.7391304347826093,0.549579822881978,0.10206914693220598,0.4721471164015159,0.5636898588611243,0.5711188762807408,0.713920401584841,0.13238138114043219,0.4090788307070683,0.5349058482010359,0.26678453531619706,0.4967200208829117,0.23820819016538494,0.9291581084237415,0.31653255490282434,1.1588376855625029,1.0,0.0,0.0,0.0,0.0,0.0,0.0,1.0,0.0,0.0
864,0.10360253488705096,0.6392095734941295,0.4135164640316567,0.9497819508654736,0.6620887803155123,0.6734291835913009,0.5285080041463707,0.6666666666666667,0.7826086956521721,0.0668957614504051,0.05408103701392769,0.4802964925455104,0.0626980119213596,0.3030045700212056,0.35947775377492586,0.8352446204801112,0.9963519416540045,0.7279880870264442,0.5567607624005675,0.8289927439094453,0.5938878550391092,0.8227040718014998,0.4071620846893714,2.792804468717134,0.0,0.0,1.0,0.0,0.0,1.0,0.0,0.0,0.0,0.0
503,0.5034714170180815,0.4250292102373797,0.8291938493208182,0.6450263725166493,0.46002669029790877,0.6263500863223803,0.8778346124908657,0.6666666666666667,0.2608695652173907,0.6015526912192775,0.20352960737131773,0.15287270217881554,0.8970186077306632,0.8436845427764268,0.38630060571191127,0.11620947660438707,0.5154851338768581,0.2043383324373867,0.5204147309079481,0.823155149272138,0.5007727972442843,0.7558131648447198,0.25212689057927895,2.71040768510895,0.0,0.0,0.0,0.0,1.0,0.0,0.0,0.0,1.0,0.0
969,0.2069245950847316,0.5098708660729147,0.181212011412076,0.14287613873427388,0.6210593331199826,0.7998925145213769,0.5674520867044157,0.3333333333333333,0.7826086956521721,0.5367400189001614,0.531715179639174,0.6696194953548675,0.016968139240151475,0.3411111430856659,0.9731350173511515,0.051469196367406767,0.28345559054001446,0.4211193007475399,0.5917964744083015,0.10205034759956999,0.480670284637586,0.6256567585430779,0.5055840152174786,0.8696710391022608,1.0,0.0,0.0,0.0,0.0,0.0,0.0,0.0,0.0,1.0
830,0.6108371349676601,0.4683154552836336,0.2199764800393516,0.47585704271384655,0.5934058507870549,0.6713376762588572,0.4939481531748801,0.3333333333333333,0.7826086956521721,0.0635118374108547,0.7940309460186806,0.19008002662910556,0.3636331912896144,0.7435674707923875,0.9908837129488852,0.4641244579677579,0.9479209594353928,0.5247517542270704,0.5672072065555307,0.5786667925507707,0.6504463622177976,0.9700934735141757,0.6156617545316334,3.6005333150974552,0.0,1.0,0.0,0.0,0.0,0.0,1.0,0.0,0.0,0.0
579,0.34008153951558695,0.8733511943275333,0.9265485037273506,0.07315999936831975,0.07449478794847575,0.7527124777244583,0.9603115750931819,0.0,0.21739130434782794,0.15674066193377714,0.06971759209167727,0.9024886411389266,0.2679206563049175,0.8444604032536971,0.8357842410857668,0.09664132457936336,0.8081486856969253,0.1874215952673589,0.9100140724287367,0.3327681160484577,0.23032763638065554,0.315006026902876,0.6295627375477668,1.3584961990552993,0.0,0.0,0.0,1.0,0.0,1.0,0.0,0.0,0.0,0.0
968,0.5543633588251232,0.47246815297772315,0.5730389343968405,0.4319809157724144,0.030266364400711177,0.6211536902435926,0.5977585214340291,0.3333333333333333,0.6086956521739069,0.9177956652953684,0.17633835119713148,0.4132485956546002,0.1677321389432403,0.9954278783883657,0.1870560780461515,0.8968928322247152,0.6270186876430938,0.8573951295622062,0.8658816374430036,0.20200484940137117,0.3780206205011398,0.8321639687687419,0.2928694643877409,2.9634730169452395,0.0,0.0,1.0,0.0,0.0,0.0,0.0,0.0,1.0,0.0
162,0.22946931527834147,0.8235118298001592,0.39132585910796086,0.14210424692346735,0.8601222192448726,0.12487110879322288,0.3409916080694851,0.3333333333333333,0.6956521739130324,0.23293316722146115,0.6779221550227498,0.9910301846740175,0.07364365561517289,0.5172087642276474,0.27926304224823595,0.17030912591784508,0.807702776009088,0.45321120051194363,0.3337227432813367,0.22467657077735873,0.29419616728520015,0.10249039841974852,0.9185248436226334,1.787236996288362,0.0,0.0,0.0,0.0,1.0,0.0,0.0,1.0,0.0,0.0
908,0.25173901224256623,0.8031143899714667,0.923219627706436,0.5470486424377624,0.6823897276964702,0.2918135745650206,0.9878110979796348,0.6666666666666667,0.6086956521739069,0.44468194715285164,0.3162754642188299,0.5414462519707637,0.17963021056645417,0.3038207524880191,0.5548804744022479,0.5150703445731128,0.9164289830378713,0.7938511710076921,0.5434141898320233,0.46300101387548653,0.6491114894280098,0.6594802491416096,0.5954820728890351,1.3454362758861969,1.0,0.0,0.0,0.0,0.0,0.0,0.0,0.0,0.0,1.0
152,0.13931252980713993,0.09568143554793951,0.7700340613722159,0.35365252297535366,0.43763075727479095,0.4739060795079662,0.35836082564850763,1.0,0.5217391304347814,0.5767902614934861,0.5205692293074499,0.1665224459672316,0.9210315360460151,0.5435201699135465,0.6498927677955558,0.9582449162007882,0.6241420970128259,0.7655262695221743,0.06791451088169417,0.08386574895106177,0.7539422451801199,0.27080040661042737,0.6522226476803323,2.489704395145391,0.0,0.0,0.0,0.0,1.0,0.0,0.0,1.0,0.0,0.0
801,0.316593925612884,0.6237117343006561,0.4913856861833647,0.20624189663489012,0.20805278181688103,0.6055005260081088,0.6641738704524129,0.6666666666666667,0.3478260869565162,0.2808371414997637,0.6064490643336409,0.08093803968387009,0.43250795931114283,0.775739821633743,0.4356266678229701,0.148293817520599,0.6798831431797694,0.29023180241737767,0.7908844098012282,0.10341479061440037,0.2925212388525359,0.5191160540616592,0.9386085537877493,2.648145217978244,0.0,0.0,1.0,0.0,0.0,0.0,0.0,0.0,0.0,1.0
993,0.21117099055325528,0.07080339283612613,0.5480653216705524,0.3233299216625245,0.354863594164574,0.9088567898288278,0.5186819532698416,0.3333333333333333,0.13043478260868824,0.3667200793439706,0.13648290051682055,0.8437639482350316,0.6953200156541963,0.8307171152721717,0.6855541424284046,0.45213477870419316,0.08705056461319172,0.7228561524809015,0.6011020757396319,0.9611761996928359,0.7681457619860801,0.4877094301115027,0.13817291163981504,3.9401255116373504,0.0,1.0,0.0,0.0,0.0,1.0,0.0,0.0,0.0,0.0
755,0.2275040170396766,0.5787253187980176,0.7974552786622133,0.34359745086852655,0.5446252275273397,0.6097542421095723,0.08113999240597254,1.0,0.7826086956521721,0.2384879653628577,0.43644654802882,0.4300457744081004,0.9664760760039897,0.5127499732122559,0.7774801729381392,0.4930381450917265,0.4893637437658741,0.5277365051503289,0.49448399418854466,0.2026309996730352,0.9078318119406642,0.1758886329274733,0.9912507815441147,1.3214992317247314,1.0,0.0,0.0,0.0,0.0,1.0,0.0,0.0,0.0,0.0
111,0.20155928737212603,0.4227452701647664,0.532308329126548,0.2548585455964866,0.8278172614790743,0.6124209920396009,0.3825824545929997,0.3333333333333333,0.956521739130423,0.260774416863402,0.3624333242653842,0.28130692245180405,0.3403789254729883,0.9568649257539028,0.4035079937375693,0.2438587098642815,0.7966926529103322,0.18046711249798425,0.7582823161802799,0.270701343381634,0.8070427147687705,0.8324539665777585,0.719891651264333,1.5942561995131983,0.0,0.0,0.0,1.0,0.0,0.0,1.0,0.0,0.0,0.0
226,0.02367682101105628,0.4699526566162703,0.7049034677802861,0.6773691103334912,0.6030089513299065,0.13687852820283603,0.4855619182681952,0.0,0.3913043478260789,0.7015603884447511,0.9982286902962438,0.8509474283144316,0.2560049784082372,0.34914325525154977,0.8375316152592271,0.5215884043361707,0.9652771322605769,0.5873088110869866,0.38257595565369656,0.6247340365173696,0.2301055041757246,0.9664726955407801,0.8833410734573772,2.169877700086215,0.0,0.0,0.0,1.0,0.0,1.0,0.0,0.0,0.0,0.0
688,0.752331269807479,0.5827648019462935,0.25325749756413424,0.6152521249159556,0.856686737084218,0.7699413866586993,0.5580376337620412,0.3333333333333333,0.6956521739130324,0.031038963126480745,0.09155368966933641,0.5642313597552626,0.542918323260788,0.30239909594541625,0.8132353104197534,0.25506989577458583,0.26293079911276185,0.751326720239097,0.15552914981864369,0.44566377333976004,0.7651866856087731,0.6361702798548807,0.6406135385125413,4.049094430998712,0.0,1.0,0.0,0.0,0.0,1.0,0.0,0.0,0.0,0.0
103,0.9700078135421671,0.8395759983596794,0.9373092916690855,0.7611353043984301,0.30528090691014576,0.6146792461804125,0.8354955278775121,0.0,0.6956521739130324,0.729363700822095,0.7161169174865138,0.2643489440781753,0.9738538599466848,0.14188126211188862,0.9701674534024867,0.39724881541977863,0.24548634887440773,0.21878294039863466,0.0,0.75196369267407,0.6031463317735712,0.219452488324149,1.0,3.0977492343736173,0.0,0.0,1.0,0.0,0.0,0.0,0.0,1.0,0.0,0.0
421,0.03500414843335009,0.482949361040251,0.19592339711478945,0.34204864596980644,0.17960288427543203,0.48943531440274063,0.5278778660785446,0.6666666666666667,0.43478260869564167,0.8472450952714712,0.030215918131658304,0.7033179600426127,0.6958314934938985,0.459066155259083,0.3351727764504304,0.431959139358705,0.14553387207112783,0.9520760540446023,0.6170309150787685,0.7441929372579028,0.6388248072640427,0.5259258622988896,0.9438013011501027,2.8201778714665178,0.0,0.0,0.0,0.0,1.0,0.0,0.0,0.0,1.0,0.0
419,0.9113448089732784,0.972351583673419,0.931845809179878,0.8506906047978625,0.5103526926003449,0.35311788818464923,0.691107435993623,0.6666666666666667,0.6521739130434696,0.09304226978878355,0.9766710704646384,0.12272656094198658,0.20033423131488748,0.8617393086294743,0.6177424659644575,0.11563875071154106,0.06675879687032715,0.2792334992226946,0.7881688318384072,0.7587745570501143,0.012900362031395524,0.8083269012763572,0.018441110626439994,1.449845393262172,0.0,0.0,0.0,1.0,0.0,0.0,0.0,1.0,0.0,0.0
750,0.25966814092683843,0.6406231257666212,0.22333090668947447,0.08432013848515009,0.19598410641672703,0.035824824643734654,0.016423982094855932,0.6666666666666667,0.956521739130423,0.7263187750088751,0.9573999136054765,0.3961438711757927,0.1467434290695051,0.1606785774510219,0.1562031807540026,0.7207543290978013,0.27038023502857705,0.6915786203749198,0.7320158505424099,0.04121057123517821,0.8198931717551554,0.8275128121803556,0.22157202981052349,2.75684073167723,0.0,1.0,0.0,0.0,0.0,0.0,0.0,1.0,0.0,0.0
586,0.17664948869127883,0.34450000198544284,0.33275578289023283,0.3902855764626606,0.5054443939772469,0.5688367737957507,0.0030808332799050625,1.0,0.8260869565217348,0.13997532405485102,0.32354555875308905,0.8451492777691063,0.7605510598661822,0.5889814742264853,0.294277302197798,0.18389871969683336,0.15376641539212654,0.7348092024163021,0.8878978488562337,0.6558614834076244,0.785332287031337,0.43329416981258406,0.6580838730593803,3.6889328129386887,0.0,0.0,1.0,0.0,0.0,1.0,0.0,0.0,0.0,0.0
780,0.2535701026154408,0.1693811440901275,0.1146201817397185,0.0844365916868075,0.30806237817983984,0.9966273439410795,0.3805880859285415,1.0,0.043478260869562746,0.5987578977482546,0.17772918790142933,0.9802194591530811,0.9229983618929494,0.5325955957932694,0.45524628107670717,0.9337994515051711,0.11209749289276516,0.6784623168350321,0.5862692976499229,0.6150523173470712,0.2418766940064989,0.4883977263843302,0.4286567929560513,3.282841487509596,0.0,0.0,1.0,0.0,0.0,1.0,0.0,0.0,0.0,0.0
672,0.9984720548139873,0.7602820434456844,0.3972553373451783,0.2959774838889606,0.034030905218191854,0.3614135088099923,0.5100577087476449,0.0,0.2608695652173907,0.990836289868386,0.9284675874802102,0.12209623608609854,0.7398369784565905,0.20922692410284097,0.40031418724833234,0.9908386240759399,0.3030607499363447,0.27609903036875694,0.7375883430777848,0.4702212648745392,0.8276321276160163,0.8288405537145158,0.559367544049336,0.6938532037873204,1.0,0.0,0.0,0.0,0.0,0.0,0.0,0.0,1.0,0.0
119,0.6274111173724285,0.885301344789393,0.23833227929746797,0.27252980532790383,0.4832091655401759,0.5061897675042588,0.0,0.3333333333333333,0.9130434782608603,0.7290466794181378,0.8513941022311193,0.9553776718544875,0.6706703917287755,0.3575659599334672,0.5267592982221347,0.6885134864024343,0.662301983640604,0.032733997408233406,0.6473428588008672,0.5396735066354317,0.856815926826692,0.7453744334335409,0.27544126016956455,2.888281244336681,0.0,1.0,0.0,0.0,0.0,0.0,0.0,0.0,1.0,0.0
53,0.6650332055576261,0.1382874305535179,0.8427429261945707,0.783161786117854,0.44821460376525046,0.1194918957318642,0.22502764215394666,0.6666666666666667,0.7826086956521721,0.7065516591863077,0.7865333907106851,0.14996198130031574,0.1959818748805604,0.8241239241690218,0.18647597559354914,0.43626822633031237,0.5031003996671708,0.7071467698062998,0.976546147420811,0.8304299394380538,0.10261133243832427,0.4571703086915727,0.31493151362095256,1.3436126176304977,1.0,0.0,0.0,0.0,0.0,0.0,0.0,0.0,0.0,1.0
151,0.8968364751304291,0.8795147179675006,0.03157688526972663,0.5986245158383803,0.5375554093032703,0.08709994876681221,0.7211934604538371,0.3333333333333333,1.0,0.5228641464200194,0.34769539739289723,0.8055714704863639,0.45689751718873695,0.09804537447948669,0.49535417159219786,0.03387615529829757,0.5581889052633068,0.1581268988953371,0.07815574251189686,0.17096711880098062,0.10456353339158811,0.6840880543763284,0.8270450080791742,2.276151058681648,0.0,0.0,0.0,0.0,1.0,0.0,1.0,0.0,0.0,0.0
403,0.10958858938996396,0.31047598182074043,0.8927958366460407,0.9076745757730348,0.27253721812560383,0.1458019940989524,0.5246888333426319,0.3333333333333333,0.5217391304347814,0.8386528100633969,0.46208306666111526,0.9050609090267325,0.6670366349837058,0.009691033136167954,0.7607057613566589,0.2923226365392573,0.02786851312517724,0.4550854296719985,0.08874854798849532,0.9566355235685866,0.5298582750950349,0.8433580884162116,0.6967123957564343,3.713086642592524,0.0,1.0,0.0,0.0,0.0,0.0,0.0,0.0,0.0,1.0
945,0.24454638642021598,0.9261837953199935,0.4169531781295766,0.8821651629546657,0.8007155845186301,0.2637094147724454,0.7741744413767809,0.3333333333333333,0.5217391304347814,0.698821953057139,0.03139038435566205,0.6032338868507119,0.4610457380029006,0.9726427344384474,0.9488361124983942,0.41813279972801976,0.18286310682124662,0.09516548906124928,0.5192277883545828,0.19303733540282805,0.05171108143705935,0.45759411054660126,0.7272130536334238,2.298321621082435,0.0,0.0,0.0,0.0,1.0,0.0,1.0,0.0,0.0,0.0
207,0.6778683400063065,0.4862066198660365,0.44141301313510667,0.062005288123899535,0.06077150147184884,0.9308435880398083,0.2897501406865662,0.0,0.5652173913043441,0.33613744795289763,0.4143198083921356,0.6823008301665121,0.5203924714827172,0.4084519265793718,0.9202502391427438,0.27550833191631474,0.9257325765452733,0.10407857456228237,0.4309370226757066,0.15621786944252267,0.9183732834375634,0.6152882563626221,0.665854258269613,0.7721822447774264,1.0,0.0,0.0,0.0,0.0,0.0,1.0,0.0,0.0,0.0
658,0.5903436356442165,0.3991143210250453,0.1035786783561316,0.8799098135707547,0.574066522563705,0.13249541812614368,0.7883356782020886,0.6666666666666667,0.5652173913043441,0.5664131766719536,0.9317574134976636,0.05761500443487316,0.3900938201445283,0.040848090908941065,0.3149984355969958,0.42675381455160855,0.6705715891831466,0.23940699323055276,0.23341535328245977,0.6442586061466494,0.9960216518975572,0.5460843223501566,0.9021961095619939,1.4428283513140374,1.0,0.0,0.0,0.0,0.0,0.0,0.0,1.0,0.0,0.0
843,0.40759586719122176,0.9415903097513217,0.24345659452033636,0.6082367986320454,0.4286682360862851,0.5675808171956631,0.3391390269354466,0.0,0.3913043478260789,0.6018949470677416,0.6385169200018539,0.31319270001030536,0.03272446368306148,0.18767828302331893,0.904631464221997,0.6585759089540777,0.7170496807305519,0.8943999041498969,0.15627413051029343,0.24121977160387462,0.1809330564213996,0.06448034200181971,0.33367070769856777,2.65845748120324,0.0,0.0,0.0,0.0,1.0,0.0,0.0,0.0,0.0,1.0
762,0.04623937022662883,0.21148538385924198,0.09814028233249117,0.08785629176247413,0.9221551931767876,0.745203947990684,0.9102707311114988,0.6666666666666667,0.43478260869564167,0.2705841834579851,0.7362475599314351,0.16229017107418614,0.486224685307734,0.9941025025412424,0.1032680492735226,0.7619339648965671,0.31781113659140103,0.2910423024770712,0.6663388760292781,0.8543770966866784,0.6760302410839321,0.6895828723645973,0.5414170842823123,1.125264432415437,0.0,0.0,0.0,1.0,0.0,0.0,0.0,0.0,1.0,0.0
8,0.12715119011518772,0.7264581889433807,0.15048204479673571,0.0789606477429401,0.16084734489839048,0.702347115282109,0.7831225128300019,0.0,1.0,0.8444761110315762,0.6953742008822871,0.4195778572509144,0.9126064788444241,0.9114132461826683,0.28081416851912244,0.2890326786026063,0.9592754651859048,0.5861469822363148,0.7283344280604209,0.8290930376772422,0.18442835609482675,0.12509995753009773,0.08660609233988315,2.8378985415235576,0.0,0.0,1.0,0.0,0.0,1.0,0.0,0.0,0.0,0.0
807,0.17207711115879876,0.4468101752608987,0.7307466594468073,0.6297197955112702,0.594496652626601,0.8310903754852794,0.9504905460645312,0.6666666666666667,0.6521739130434696,0.7925792169787083,0.05269654936752577,0.8766304230366475,0.693054401417498,0.8430499485995931,0.5758448949318417,0.16828190282788658,0.08829605963807369,0.1315207953715034,0.14225492268261952,0.24381078603893094,0.29246016566019073,0.7636033112808814,0.5790956809058536,2.592849047076367,0.0,0.0,0.0,0.0,1.0,0.0,1.0,0.0,0.0,0.0
36,0.12896291873517896,0.34221904694268834,0.9428245497657668,0.6179057442326022,0.312778158680764,0.8966159361179566,0.9127413905449439,0.6666666666666667,0.9130434782608603,0.43115180115021806,0.9010746513575343,0.3406827270909856,0.7138914171151157,0.7851784534296068,0.30195639732687496,0.6932382094312786,0.6258007991950036,0.7710256651190119,0.5232061603378497,0.6337648348115401,0.17546591700409356,0.0802768159943939,0.2948047184312785,3.812084909734236,0.0,0.0,1.0,0.0,0.0,0.0,0.0,1.0,0.0,0.0
452,0.7098560319235886,0.8645663716326876,0.6409661664515329,0.0003505927642670631,0.6532699822412958,0.7480700635774471,0.49085583387817827,0.6666666666666667,0.9130434782608603,0.15284862353453013,0.8009391627784286,0.8665626589475475,0.683715702001972,0.542980727746154,0.8677846862894376,0.030908803516752403,0.3387152298556134,0.38528606625467055,0.044921867077289346,0.6201855297875829,0.03295245087991727,0.49039588545434587,0.5254410770170799,1.373659441295355,0.0,0.0,0.0,1.0,0.0,0.0,0.0,0.0,1.0,0.0
651,0.8963094630175953,0.2739160902617458,0.4188449890112071,0.20980903997075406,0.8026921000179029,0.4448098231374767,0.9897078882175376,0.3333333333333333,0.17391304347825098,0.9538747256154613,0.8008669884783359,0.0987974614266719,0.07179699446469862,0.687461815453745,0.40827548733646546,0.8293347704474101,0.12189053032968356,0.4008434437887788,0.5588401347861132,0.7191515762562538,0.6650921787876509,0.33058912912969657,0.9829447957396082,1.883635487814877,0.0,0.0,1.0,0.0,0.0,0.0,0.0,0.0,0.0,1.0
253,0.2471324804150663,0.6197302539414452,0.5867586364335211,0.4889362550173887,0.5304728334311498,0.8047203428095162,0.35692118525808714,0.3333333333333333,0.956521739130423,0.8377104532621606,0.7777328225471163,0.5072765730520776,0.7106607976125768,0.4583138881021739,0.006393320799847724,0.645630252387507,0.18870649010409063,0.8034940935996564,0.16713001763108132,0.36620820302886714,0.5373945363402209,0.8273925448954562,0.8093267844178162,1.5599298208099632,1.0,0.0,0.0,0.0,0.0,0.0,0.0,1.0,0.0,0.0
303,0.5140839490172512,0.25718570845115407,0.4849466589634284,1.0000000000000002,0.34979542721138945,0.3351179501862615,0.16155763702310671,0.6666666666666667,0.21739130434782794,0.46594048863511806,0.5686971848893757,0.7974105563053111,0.11515816936684939,0.7468582042032736,0.07274798787845185,0.6862892206039874,0.8546628537737202,0.8600965120417785,0.4785480550118994,0.574861897867758,0.6236751382184128,0.39876560609222234,0.33840648013793595,1.4835377661262965,1.0,0.0,0.0,0.0,0.0,0.0,0.0,1.0,0.0,0.0
746,0.33256891557648405,0.7442923443793049,0.2042431527056467,0.24983689250996574,0.4427882102434908,0.18248261307084496,0.6110220512176652,0.0,0.8695652173912976,0.6975037666341715,0.6640054176361471,0.4550699884780655,0.46094459587887326,0.17059459867157709,0.12251647289648368,0.11359515593842229,0.6401703866452471,0.551600694947628,0.9831303290531586,0.46046152023964804,0.05948105187075575,0.9501873288692306,0.4193347584725314,3.113428125334,0.0,0.0,1.0,0.0,0.0,0.0,1.0,0.0,0.0,0.0
571,0.8450443457295459,0.5682719076102088,0.5567230053926124,0.13998050360642827,0.8764802042818877,0.017736933469202742,0.5325418147150115,1.0,1.0,0.9487634521294358,0.6535986018293322,0.27511392438137133,0.12422088030429523,0.4059718434342209,0.5918664173805205,0.47511677952200637,0.9425940078305663,0.7005908324121193,0.047607945675275876,0.8647109490954432,0.2056063029559255,0.9768258042089408,0.020401513437409563,1.177294523211452,1.0,0.0,0.0,0.0,0.0,0.0,0.0,0.0,1.0,0.0
623,0.4647294923491615,0.08862046292962233,0.9322093767060124,0.8359017167797296,0.8997643953761568,0.6148402843219878,0.427881386253095,0.3333333333333333,0.6086956521739069,0.6828862704150542,0.7427877611531695,0.714626377741848,0.33118285414131726,0.15676587935094885,0.7657265697554542,0.010342958133346958,0.03621579403945058,0.2541615579989054,0.43201545026713656,0.45043977140415814,0.308959924461936,0.2271133339551199,0.6704376058065926,1.3047939822980044,1.0,0.0,0.0,0.0,0.0,0.0,1.0,0.0,0.0,0.0
732,0.11060270501786107,0.7500096436625757,0.5541733357599228,0.5735910127237424,0.34275077016222466,0.6812423922145925,0.8544348203323211,1.0,0.30434782608695343,0.37976160202179876,0.9942441290671873,0.8156082565529326,0.2617684032264056,0.7789864216292544,0.24175520624393718,0.29488052716821667,0.46269761079000593,0.04008955509703749,0.9319873581827807,0.7116364430296672,0.11764376316846628,0.37906514861995866,0.27601937950188765,1.8980428291381355,0.0,0.0,0.0,0.0,1.0,0.0,1.0,0.0,0.0,0.0
891,0.9556993749419692,0.7596555726322639,0.9818262006762679,0.6634913114667241,0.2799371741721277,0.5887337184048538,0.32165079871584945,0.6666666666666667,0.2608695652173907,0.7099057525751442,0.5021713424366314,0.9319384462384741,0.7073858063184282,0.14556519381441302,0.2128767125166208,0.869235927375211,0.5910244043269295,0.595316297958643,0.18260307120426578,0.9690787924453013,0.9364630037163922,0.3412631539228129,0.9944952236569635,1.9819531632432144,0.0,0.0,0.0,1.0,0.0,1.0,0.0,0.0,0.0,0.0
262,0.3097608854286409,0.3237730503666948,0.45718561058274393,0.07122263381277762,0.28255121141257467,0.15414545838632693,0.05394184224802143,0.3333333333333333,0.5652173913043441,0.8318190565033317,0.7050185355064735,0.41797323285827176,0.5857280060953975,0.06222873645462201,0.0084486387658822,0.6111138132614928,0.06398998411912421,0.343614302828515,0.5678999964552338,0.7868850696176193,0.5340491062749924,0.7841513306621986,0.812718301711612,2.1536832460616293,0.0,0.0,0.0,0.0,1.0,0.0,0.0,0.0,0.0,1.0
610,0.5530478092701997,0.25279327826455933,0.8868802766633708,0.6562146622939273,0.8642594091975829,0.04617269662816531,0.7154311217204834,1.0,0.7391304347826093,0.15442562659399314,0.943670222512524,0.31492300459380157,0.24969058984834352,0.21523198841868738,0.5325293977295092,0.5426997065387962,0.5276304980085501,0.3838072093407353,0.2047303881431572,0.1513202448267517,0.6882306848269886,0.2568539522290835,0.6969234427660433,1.438394242145299,1.0,0.0,0.0,0.0,0.0,1.0,0.0,0.0,0.0,0.0
297,0.8025008059372171,0.16572566194499505,0.04060263996724195,0.49695018433986393,0.5890751175084848,0.24087849336190853,0.6445359244969908,0.6666666666666667,0.30434782608695343,0.27843251130172586,0.9346440965405032,0.4034114422191037,0.15092476032936797,0.5671605196690012,0.41726962122463584,0.7070253974011962,0.6025993350085591,0.5112779908473382,0.779930687775855,0.47505970887634286,0.09687987044187629,0.01105438930447325,0.9840911331789399,1.5373778690925477,0.0,0.0,0.0,1.0,0.0,0.0,0.0,0.0,1.0,0.0
414,0.02782566294247113,0.12655532292543403,0.4860203911432652,0.29923926179042404,0.25640448029724483,0.727829006178663,0.5343492419309274,0.0,0.6521739130434696,0.08829135403017901,0.8604207933531562,0.8422539588604081,0.27776040854536055,0.4714397086524885,0.5250781596041534,0.2538095905213029,0.06046030379533551,0.21734332688696134,0.5468878605901022,0.1701320533831495,0.9666808229688054,0.3494916145555113,0.08024992686537155,2.175138637323775,0.0,1.0,0.0,0.0,0.0,0.0,1.0,0.0,0.0,0.0
150,0.8268186062113906,0.1435473997166259,0.6556974784713432,0.00018253827355941415,0.2493626892679952,0.6588047510906265,0.8050152247735461,0.3333333333333333,0.956521739130423,0.5150755361812884,0.34312879831631093,0.621362806077665,0.22416409270692528,0.3208739598441679,0.6201056094992246,0.35805046672397545,0.7156965286966271,0.8924950210107059,0.15722724231677826,0.3781590850236296,0.7479099004028279,0.9489241565895747,0.5579755052542466,2.6472773278016266,0.0,1.0,0.0,0.0,0.0,0.0,0.0,0.0,1.0,0.0
788,0.7996824495068301,0.856830688327957,0.9353533320219554,0.34879211448505,0.13607049342902566,0.8124774012001301,0.7585206285415832,1.0,0.9130434782608603,0.32947555947655066,0.21321445459154825,0.9535918967145327,0.2035377510884117,0.08530967411830268,0.05995939345584464,0.6615978615011557,0.13286379222047817,0.021807484164623414,0.5418211105937569,0.727075083927561,0.5678616443935366,0.41463132850613826,0.28417089710860355,2.4177342719426584,0.0,1.0,0.0,0.0,0.0,1.0,0.0,0.0,0.0,0.0
640,0.7397728883033771,0.7548823754185242,0.7162915921392685,0.27627045594569477,0.1999827489197462,0.39124193942628044,0.023296297281805586,0.0,0.6956521739130324,0.28534446319862494,0.7236167167255265,0.30732470257051986,0.27773996680599977,0.4898328371469861,0.2641776122131021,0.8776393324819436,0.9187033920772687,0.29458585064733545,0.5657342384013815,0.9751196660427917,0.46632647159050156,0.7476265208077391,0.5167112362785846,1.6212104744210962,0.0,0.0,0.0,0.0,1.0,1.0,0.0,0.0,0.0,0.0
889,0.684786463851747,0.4462530603641027,0.12456468488761951,0.25444394604238285,1.0,0.08398345472771801,0.6283407659293536,0.0,0.6086956521739069,0.03519704180547678,0.9156351441881146,0.591307908067001,0.8336509807615081,0.12857343328208976,0.4570870574981948,0.3493044177112674,0.7801259278930381,0.622584119108896,0.546549138369713,0.3539395952517381,0.3555174061984828,0.27704553076746163,0.290293524091665,2.528170799026227,0.0,0.0,0.0,0.0,1.0,1.0,0.0,0.0,0.0,0.0
550,0.4690922557550391,0.13051473981179817,0.5424011758971672,0.8641055047109616,0.06964775986945526,0.28743039940783294,0.8638514361378575,0.0,0.9130434782608603,0.6114414939554872,0.9197117003412408,0.7558023605186492,0.13902805220391223,0.024628048902611943,0.24798259167957995,0.5678680917221817,0.413814430199551,0.31285160107257937,0.7335302802737678,0.9307250362130972,0.7054790364460107,0.6641618665507123,0.7922559093893318,3.596226527277921,0.0,1.0,0.0,0.0,0.0,0.0,0.0,0.0,1.0,0.0
886,0.39371186966703353,0.1268463472319703,0.02159371187527992,0.9874678202316057,0.10825932947752548,0.26007922521467836,0.4255584317702199,0.6666666666666667,0.21739130434782794,0.04699263435654899,0.7479563146179276,0.3942025936547237,0.807057033550907,0.9361347196489567,0.6405544278097735,0.09589641988703113,0.10898423678909042,0.852283656368324,0.2869229531066809,0.15124243463233833,0.18631820511253108,0.7510482798663397,0.056146517078579886,1.79968723902157,1.0,0.0,0.0,0.0,0.0,0.0,1.0,0.0,0.0,0.0
488,0.572443219854771,0.8972207304724295,0.10847332777682378,0.2082598920903305,0.28780920721645575,0.41194283372536217,0.02014422338843412,0.0,0.21739130434782794,0.8033594807612991,0.9571216802692708,0.3075241685601557,0.9192707168219412,0.6389104814505411,0.34933962683645503,0.4981885263589212,0.02360998335854239,0.25688956002840324,0.9882077427775275,0.8319058487695457,0.2858359432504841,0.6147194473134038,0.10113828189902399,3.755898544296808,0.0,1.0,0.0,0.0,0.0,0.0,1.0,0.0,0.0,0.0
147,0.5205472373219421,0.8017500771760292,0.9948620990126698,0.7119529235170978,0.690318153824444,0.48332723231451197,0.32623431748702675,0.6666666666666667,0.3478260869565162,0.20667429245626456,0.4496140612364337,0.20957105919958874,0.7092657430497961,0.5937915904882624,0.7143817522062403,0.6303954750393341,0.7976191658867788,0.20191775971532783,0.16988623623708993,0.4559619320041818,0.3418881691371666,0.842362482896057,0.0061716827765542215,2.133766534454835,0.0,0.0,0.0,1.0,0.0,0.0,0.0,0.0,1.0,0.0
146,0.3310404989302834,0.7491237005516335,0.09193921313826758,0.7353450992594043,0.030351635850217162,0.8967889896977661,0.7735783885620454,0.3333333333333333,0.21739130434782794,0.2562839217774019,0.23542759525911597,0.9347877683917019,0.11522676350601069,0.42312229865260065,0.18027552537625305,0.23158465340445122,0.28209590318682487,0.7330977792226598,0.5282786458251165,0.44568586647265285,0.48947328728165695,0.39123581279454733,0.4846406139711222,3.5149875149011813,0.0,1.0,0.0,0.0,0.0,0.0,0.0,0.0,0.0,1.0
720,0.5125899634295582,0.023958375099260132,0.5112777987428758,0.6384321485785394,0.44641095575981415,0.763985614291425,0.3935032878102446,0.6666666666666667,0.7826086956521721,0.8067928710197485,0.7297076039617765,0.0688688887207386,0.6534214648606987,0.5399585795047851,0.16014515246194264,0.8688485857404453,0.8260616700677048,0.8030342311511671,0.4534511782686363,0.8976468674335883,0.5151343154782901,0.8661066927393013,0.49020733542085376,3.7615914876618817,0.0,0.0,1.0,0.0,0.0,0.0,1.0,0.0,0.0,0.0
931,0.37080877878009566,0.6105550431136088,0.2056119620594758,0.5861900743390107,0.6296243040007675,0.24726163179493793,0.7233042813281617,0.0,0.8260869565217348,0.2819927288094668,0.6800395905867695,0.7335502998782009,0.9210987727406637,0.39284298923007765,0.37910433795573095,0.7046416108817626,0.9957328419464306,0.6941747630753038,0.7322201890829936,0.3399420906338615,0.049037163103347936,0.8207246451651597,0.3523371236770483,4.073936007272733,0.0,0.0,1.0,0.0,0.0,0.0,1.0,0.0,0.0,0.0
739,0.4162625154048566,0.7796062988382882,0.5744934098407377,0.4411172653797647,0.6381868645354968,0.38052309328369,0.3317754249299723,1.0,0.6956521739130324,0.6426175527464176,0.6586895886273015,0.8798894601965062,0.8172789037362735,0.7344427127093466,0.7694922428353084,0.47594390218264593,0.6232335342783397,0.14934632748472682,0.17680688084539103,0.38090117527203327,0.9688927155179593,0.30884439450996154,0.9774851520102115,3.541475160449144,0.0,0.0,1.0,0.0,0.0,1.0,0.0,0.0,0.0,0.0
659,0.39655099742832245,0.034636056981494745,0.2238103524085635,0.056718398264734696,0.15493675842060572,0.7472873611363056,0.4241909658216913,0.3333333333333333,0.17391304347825098,0.427334970701693,0.3936932022140244,0.3941037368087322,0.3157638858773152,0.3265257408932444,0.6450336862235795,1.0,0.6425304563547534,0.4696786432685903,0.24050935306676186,0.9249840563450145,0.17752362876030034,0.7464282034777053,0.5705067602761871,1.598672210160419,0.0,0.0,0.0,1.0,0.0,0.0,0.0,1.0,0.0,0.0
348,0.5900987589404428,0.41755854128655245,0.08650843838105571,0.7741622926009458,0.5192889425154831,0.6665667462214355,0.49487644296062155,1.0,0.3478260869565162,0.022212341506451183,0.6977807477696119,0.8677441999743492,0.08896300874121357,0.8121181428887739,0.5139215954635674,0.9017278299653881,0.3565344547704675,0.122979722645081,0.807288609651001,0.7704369211192511,0.10777537945642154,0.3278467979665443,0.23237574494071028,2.517682836588511,0.0,0.0,1.0,0.0,0.0,0.0,0.0,1.0,0.0,0.0
463,0.30074966515046786,0.3205669838567372,0.5915299218072334,0.2879121020431712,0.9696022181501177,0.7404913657962024,0.2664282576550259,0.0,0.43478260869564167,0.8481008406560107,0.15382627486890182,0.6529915855650095,0.4125345045400467,0.615612962117053,0.16683654422272856,0.3549642127626105,0.566129541937325,0.9573364933228767,0.9330538200587759,0.04117732017929082,0.2475381869159414,0.5614166299013325,0.919405270708171,3.636440881628383,0.0,1.0,0.0,0.0,0.0,0.0,0.0,1.0,0.0,0.0
325,0.6527435330219057,0.8792092230135401,0.9865952397934017,0.8472769123822008,0.5507053537635739,0.1456525275136586,0.18403555772818786,0.6666666666666667,0.6521739130434696,0.21448838504684267,0.5286449149692288,0.4273822006214962,0.17788773163868338,0.8189039654674415,0.7717346471675657,0.3513937789833381,0.6574142343839195,0.29151326266300137,0.40342561078519984,0.48097809483304066,0.6666405625924537,0.6551083763773716,0.4788847373052278,2.1316031434218576,0.0,0.0,0.0,0.0,1.0,0.0,1.0,0.0,0.0,0.0
186,0.3732190003172441,0.39842488564465206,0.8182343563650241,0.7272655958746445,0.10333374445954568,0.021648785699544704,0.7196885503358259,0.3333333333333333,0.0,0.37523919495103447,0.7456752241505205,0.11410819884226026,0.14348113256928408,0.13627175471037123,0.7498869510184399,0.07829967876101618,0.42782572190221646,0.67744165012304,0.5171410465933417,0.271145758875856,0.509306021700309,0.7814391626455092,0.32553131647157096,3.6530347942947454,0.0,0.0,1.0,0.0,0.0,0.0,1.0,0.0,0.0,0.0
123,0.4154585734509014,0.17603071247859714,0.19086761596625929,0.45409678112387464,0.3847870296298507,0.5544439967288171,0.3415944057357975,0.0,0.30434782608695343,0.1955527930053022,0.3463031946488414,0.7545033658935045,0.03843278362083735,0.29475206964514855,0.398454631625638,0.46787259682831683,0.7052794415829361,0.8694440874667044,0.8138719589036014,0.3972367321932079,0.4666301283910802,0.14582829412513076,0.1953396518696069,2.203137669612779,0.0,0.0,0.0,1.0,0.0,0.0,0.0,0.0,0.0,1.0
853,0.9132934733892316,0.7564040539434184,0.3191884460386743,0.39080031486118383,0.12455076586421632,0.25075331156981756,0.4077202754845008,1.0,0.17391304347825098,0.600283611165216,0.15487314185113565,0.23458102411447407,0.8917008361720697,0.08778736802133988,0.19551778858510324,0.8253608247978494,0.45619340648415896,0.43896209509416606,0.24753449331920502,0.7100666055860493,0.47291862779832816,0.6256494178095225,0.36306365380788896,1.0937126530598635,1.0,0.0,0.0,0.0,0.0,0.0,1.0,0.0,0.0,0.0
608,0.7327399544021139,0.4299098458750007,0.6655528221477716,0.1985593066358119,0.10558242989626987,0.42902669680795263,0.10827101478436647,0.3333333333333333,0.08695652173912549,0.26089240419229665,0.9822206184566942,0.4302042800646219,0.6408189340284697,0.37938382323437136,0.2752020593599075,0.9985097486785279,0.16114994594245635,0.553452343032372,0.047211224627773885,0.6653255151787109,0.23461235554933016,0.8055192847542446,0.9361490456257924,1.9044532901350384,0.0,0.0,0.0,0.0,1.0,0.0,1.0,0.0,0.0,0.0
143,0.5717117823668917,0.8216132165164282,0.8063663635869722,0.0630991106936387,0.3825351833471732,0.9303834550507664,0.6403298639912972,0.0,0.956521739130423,0.33912494885563077,0.6751009893329782,0.12571822076472,0.9726403876098821,0.4706196281468129,0.13508460971173916,0.3715280249803845,0.25948476280895344,0.3006098027030055,0.4776072406097243,0.7559843754146555,0.7208609555626602,0.534061306315847,0.028209386757516525,3.260151589350926,0.0,1.0,0.0,0.0,0.0,1.0,0.0,0.0,0.0,0.0
958,0.49041862667498604,0.8502029859817383,0.24605594390597135,0.10549029826609832,0.36041323933903435,0.6684481444105981,0.3646585209174904,0.3333333333333333,0.3913043478260789,0.0013560116873163608,0.44442116719837893,0.6643599991277831,0.3106794312592987,0.6175847118694132,0.4810816851438824,0.1904039166844762,0.5624143470838615,0.07158758759102135,0.18571038292798248,0.783726225120684,0.8016589717063525,0.37427631832290087,0.10914037495253964,1.601889774486748,0.0,0.0,0.0,0.0,1.0,0.0,1.0,0.0,0.0,0.0
197,0.8751916768104132,0.656274960236989,0.5112315738054769,0.09357241312131523,0.884755561107515,0.34419648940680264,0.14843088776058894,0.0,0.3913043478260789,0.2131048243199066,0.24230965537461094,0.10060440367170004,0.3663767829167905,0.9097649287224552,0.5334488338190172,0.6609645526572825,0.8721626065709034,0.863386306985632,0.6260164168311133,0.5131221457024904,0.9897237910377924,0.014762865471999648,0.06480758241498549,1.2561308999245815,0.0,0.0,0.0,1.0,0.0,0.0,1.0,0.0,0.0,0.0
609,0.4397916596946886,0.4324711985984836,0.34967561071576386,0.22541415380840732,0.973509051723494,0.7095245313625205,0.009698444555315433,0.6666666666666667,0.21739130434782794,0.16233217330579006,0.3640611296865016,0.2449863145221271,0.14175413207896626,0.989536372273353,0.14048666955619968,0.24321453106596458,0.7817184821406646,0.3781407059871641,0.5836351917844282,0.593536234040434,0.7144105874331091,0.07446217499519753,0.9855380926621713,2.809677362328958,0.0,0.0,1.0,0.0,0.0,0.0,0.0,0.0,0.0,1.0
279,0.8517112887329527,0.5894589611469473,0.6478394486210701,0.10474447965277,0.6999318437493328,0.7319232035275927,0.05896724898163523,0.0,0.3478260869565162,0.3224419143067828,0.9264234981831554,0.37652712038596486,0.6533301838649853,0.4181865472753107,0.004501035925495278,0.39262113228735185,0.22177389088593463,0.5095029247963524,0.19107833123937135,0.48760368859265213,0.9251835758394925,0.3469795673189627,0.8098147877466397,2.3302592290551445,0.0,0.0,0.0,0.0,1.0,0.0,0.0,0.0,1.0,0.0
293,0.09808884469867751,0.3205483912042909,0.3059360742628581,0.49152970571595855,0.5896808948860913,0.6685588748075999,0.9915040586359112,0.3333333333333333,0.043478260869562746,0.007561986870815163,0.07863586282036572,0.04074377888458708,0.02017768185169644,0.30227955727915656,0.40544851455008946,0.12086754970342906,0.5790101340207937,0.3210945506174059,0.12126939600988926,0.4687587013993544,0.9262390084727884,0.7767570382995397,0.5673282185795938,1.7307687954705668,0.0,0.0,0.0,0.0,1.0,1.0,0.0,0.0,0.0,0.0
400,0.3013356712938907,0.4449853862083447,0.595713950137363,0.06826931350704052,0.7980483887878475,0.682238677766728,0.1608146357967563,0.0,1.0,0.5059822582005541,0.6639631025237503,0.8433032131157738,0.6658128276346795,0.33992132431495337,0.12998108387379895,0.44253664619899835,0.29684162826296,0.9463752622293629,0.763526264337848,0.7016934716591674,0.21013777557544974,0.23507134762372417,0.007964992122272294,3.282933861312347,0.0,0.0,1.0,0.0,0.0,1.0,0.0,0.0,0.0,0.0
122,0.08338873754968879,0.8329241210378892,0.27756829839215624,0.3310170258320855,0.8871875245172528,0.4315305243586895,0.6870989077326878,1.0,0.043478260869562746,0.7140442437190573,0.872449287859628,0.6793245837168052,0.7111979727619214,0.5961520711681267,0.05978179179083595,0.7265506080783424,0.5052976728797409,0.3408476061127814,0.7804556323610279,0.4139574289339659,0.8091531010204678,0.4490031231020648,0.46894646840691295,0.981061334867604,1.0,0.0,0.0,0.0,0.0,0.0,1.0,0.0,0.0,0.0
183,0.31536719542453684,0.17596562610364108,0.13986060296540864,0.173348388225009,0.4839757002644445,0.6742959468631176,0.6607447581346465,0.6666666666666667,0.9130434782608603,0.033062155188563425,0.9846832726526604,0.4195905276225446,0.9235721606068414,0.011891703093597744,0.49124462015615666,0.9887696590445061,0.6941955637059747,0.7321106196066515,0.30450289812640813,0.2969428274545497,0.48350169528527853,0.8751851948691864,0.09382026749941469,2.601766124869827,0.0,0.0,0.0,0.0,1.0,0.0,0.0,0.0,0.0,1.0
202,0.5005735103296777,0.82893738816475,0.8949902027986318,0.917169197396182,0.10501562172036905,0.16954461625749145,0.5588789910150596,1.0,0.08695652173912549,0.25974113414194255,0.4450175686602905,0.7307595516308512,0.046061249700025925,0.14154334759944476,0.24435576878922108,0.8277980944551562,0.018043870729710865,0.26588127960407104,0.4650792945033276,0.8570551686321342,0.2597171991666063,0.24535056219900453,0.39235127489802335,2.6793138133877314,0.0,0.0,1.0,0.0,0.0,1.0,0.0,0.0,0.0,0.0
438,0.745541826371425,0.9366855769444992,0.4358666415446993,0.006451007002202712,0.29581969534445096,0.9449371015737136,0.8546823089460764,0.0,0.43478260869564167,0.942561122267264,0.5161879674878387,0.7086326757429178,0.16528083942477484,0.20965134284415934,0.03946766730349452,0.3531017284686979,0.20957804696845694,0.47744395278160634,0.7402396605251871,0.27739843463485225,0.749171471563362,0.6430779753809481,0.3291786821946644,2.2975011507630585,0.0,1.0,0.0,0.0,0.0,0.0,1.0,0.0,0.0,0.0
246,0.6031578149280995,0.6106360901763405,0.2600517542319374,0.34532059902774137,0.8545987672352365,0.5094385141492475,0.9379884743495401,0.6666666666666667,0.6956521739130324,0.15459628422545726,0.46904287339858486,0.031267820443120486,0.19530788608361838,0.9902092446742288,0.5996801239029065,0.2217519062483695,0.9182763051692613,0.3452817660462052,0.36345046900617534,0.41518762343422777,0.1499470119668804,0.49477636026605454,0.11743160358914997,2.4796108317051613,0.0,0.0,1.0,0.0,0.0,0.0,1.0,0.0,0.0,0.0
415,0.24010602086588495,0.7961430585263031,0.10492785442589264,0.23172396027693734,0.7752461667758096,0.4685052267599296,0.1572072510065562,0.0,0.4782608695652186,0.8320257939419569,0.5597148652842802,0.011905110935652718,0.7354275713487376,0.5456842703955608,0.05037804161378209,0.821347247129995,0.310017633295796,0.34467663263513326,0.5358562724906457,0.21371142898707005,0.9054476649971334,0.47751056625121857,0.9796376295211713,2.92621716240688,0.0,1.0,0.0,0.0,0.0,0.0,0.0,0.0,1.0,0.0
932,0.40448277556454515,0.776981912633714,0.5622935309055788,0.5101532014925148,0.7875904291801096,0.3090493911488181,0.5740022937889214,0.6666666666666667,0.6956521739130324,0.14117501407339125,0.497697228147269,0.7556918932472183,0.785021429847882,0.6129895455298813,0.5027406313269404,0.2893120379394083,0.584205993893628,0.9779139692750827,0.12264865449694393,0.9958687920998137,0.3353326321992006,0.6689880169932206,0.5027050076780288,1.6694774720401035,1.0,0.0,0.0,0.0,0.0,0.0,1.0,0.0,0.0,0.0
765,0.008043839270039599,0.07086351559912751,0.9452334618339133,0.7903622811604082,0.2718918158890118,0.41313306890951945,0.6430493844963256,1.0,0.30434782608695343,0.42311828990681355,0.5295152416859515,0.5107083253206037,0.10846194460820055,0.06589581810445319,0.9586766409660525,0.13811562370661434,0.06120606766858078,0.8479603152048558,0.6271648363935156,0.7589983580718536,0.35301316528517857,0.0013014055658693013,0.9572767658169505,2.7720796181660607,0.0,0.0,1.0,0.0,0.0,0.0,0.0,0.0,0.0,1.0
906,0.4953277159637416,0.4428184758432515,0.9684119097821089,0.8132661087765014,0.8795739281285847,0.6357507913750429,0.7456089066745771,0.0,0.0,0.4083802967309563,0.54602329549353,0.02152143425942582,0.7833955667940098,0.9545694957045254,0.22428690882796673,0.2633267091511158,0.22174070667857865,0.9765813496971221,0.9037580056637571,0.9964091934438968,0.6135779009671082,0.9018298203290946,0.30758347213532145,2.753722039993903,0.0,0.0,0.0,1.0,0.0,0.0,0.0,1.0,0.0,0.0
835,0.5669113083074663,0.09477274422864213,0.6425918995931232,0.4397533791723597,0.8266230065605608,0.09554793895157804,0.16205536088224737,1.0,0.043478260869562746,0.08104363389897984,0.00448082238941927,0.3537854284545226,1.0,0.9356346858481144,0.6328858430705266,0.031036178468028197,0.1879104792448566,0.7739054808517871,0.8819821242231989,0.871285915804834,0.3985294207865321,0.987965896833711,0.8266675683937628,1.5512833433550806,1.0,0.0,0.0,0.0,0.0,0.0,0.0,0.0,1.0,0.0
887,0.1301526385447137,0.18840010968650378,0.9417837476400022,0.849797369654063,0.6949540481086406,0.1573382358287309,0.26414772512291074,0.0,0.5217391304347814,0.6013234013225495,0.7735316672519315,0.6037111266996174,0.19424905020873545,0.05947960962463025,0.12036221476958334,0.40634702245751786,0.6981669341324339,0.2968432462015125,0.3591585386982827,0.5854442914715031,0.9301234700776223,0.448465493807217,0.27924033427323086,3.1946587820766106,0.0,0.0,1.0,0.0,0.0,0.0,0.0,0.0,1.0,0.0
129,0.5876622500599354,0.9926119928795095,0.022572551958556397,0.9444697106203341,0.9087924457850652,0.9776401345833663,0.11633355922612677,0.3333333333333333,0.30434782608695343,0.4418973313025819,0.6486928187921043,0.9384932726006354,0.1836325921807761,0.167583492400134,0.5082281629097019,0.1554611679558997,0.8541635216977586,0.7953810749060566,0.6390620007159211,0.03236414432667095,0.8781684989785355,0.3013573372249348,0.45515338942536193,1.4239544115088965,1.0,0.0,0.0,0.0,0.0,0.0,0.0,1.0,0.0,0.0
637,0.7135437919123971,0.9238415252253992,0.20725759649721776,0.21626997456066596,0.6896612152654132,0.7118918630473845,0.7026642156040831,0.3333333333333333,1.0,0.39384844295445615,0.8086402864517097,0.7873123609358743,0.22596516353657342,0.10491360329240135,0.838078033867232,0.1104951148891331,0.9850086529826105,0.541132848068179,0.22360870421769452,0.3175801834329245,0.25443898516835706,0.2638106557782372,0.7873644621605389,2.677572095071585,0.0,0.0,1.0,0.0,0.0,0.0,0.0,1.0,0.0,0.0
402,0.7817247427342077,0.9692967357243348,0.7528634264803971,0.523427127812481,0.018519112707578445,0.38398560228041906,0.001996274793777661,0.3333333333333333,0.043478260869562746,0.5910067445335925,0.5236442221183905,0.8284799016574385,0.7989579015900635,0.9661256998819097,0.20850683552427238,0.36184358363675617,0.8519456598447892,0.23897278847380765,0.9195426703127323,0.8391477629683615,0.606045336706624,0.8063623969503986,0.8370516103038299,3.2871270217655217,0.0,1.0,0.0,0.0,0.0,0.0,0.0,0.0,0.0,1.0
784,0.9855139720660543,0.24610343246147248,0.2146381702446457,0.5248161808046273,0.9671925493614825,0.2430416562251187,0.6555271934600793,0.0,0.43478260869564167,0.7302853412235746,0.5153645660232264,0.6415082280189452,0.1757486206293417,0.044373225991626186,0.3758455244764475,0.8546587730055211,0.2386066660949226,0.737297935065308,0.8469294251478332,0.22127053592065785,0.3654216055369752,0.6119148976954452,0.6093912014653404,0.9218708774049572,1.0,0.0,0.0,0.0,0.0,0.0,0.0,0.0,0.0,1.0
770,0.24091860100416518,0.5803580295426306,0.1596046305279752,0.9403896417168299,0.6439407274615595,0.8019980092469874,0.3484019076692914,0.0,0.6521739130434696,0.10247635525171889,0.3716211270292138,0.749926014156634,0.6430036480093597,0.5250529964915579,0.3080533477790013,0.5944527470692322,0.0935236027312848,0.14620931467886672,0.09804194163930241,0.8265053106121799,0.260409656449731,0.43035225186301873,0.853651000875699,1.1295061023133106,1.0,0.0,0.0,0.0,0.0,0.0,0.0,0.0,1.0,0.0
735,0.6984431820989582,0.7463678771605561,0.458852333238776,0.9755235883608234,0.7459217511537616,0.9533043666532908,0.9774680059273069,1.0,0.17391304347825098,0.2747128152560178,0.5885701553627264,0.7932967116143221,0.404517764728455,0.13769801120198225,0.4254338346936243,0.7310127155670716,0.44104955400976364,0.6424984977805747,0.6345487350343657,0.08869426948210932,0.07377070512407607,0.06509619953705667,0.7744183076143358,3.523017543238714,0.0,1.0,0.0,0.0,0.0,0.0,0.0,0.0,0.0,1.0
913,0.9854328740957564,0.5495776646199856,0.6730390712676457,0.38620797310281496,0.941387763859023,0.2721044792691147,0.7401222147516653,0.6666666666666667,0.3478260869565162,0.4071584082298351,0.2497585772555701,0.11154188158756784,0.49213100143576316,0.631950380470739,0.22561442589242123,0.060316332548588036,0.8983898663426204,0.6304593259822019,0.6856551681802809,0.03621065636061424,0.4120179051375734,0.122068794958129,0.7747245378656216,3.0314279993137023,0.0,1.0,0.0,0.0,0.0,1.0,0.0,0.0,0.0,0.0
219,0.39719048454635,0.06563245472332746,0.3130486303394197,0.3303657163507465,0.6844298914401129,0.12188481991813277,0.4363342106510995,0.0,0.9130434782608603,0.8161752820997861,0.15877817819421414,0.46980953611421056,0.9076793802947494,0.8226445156633283,0.28575725307055666,0.29803825538018947,0.6101324223027809,0.20440881297139124,0.873962084961877,0.3935823651355477,0.7850091309998579,0.2374770373654247,0.2567816505265634,2.581186645733544,0.0,0.0,0.0,0.0,1.0,0.0,0.0,1.0,0.0,0.0
641,0.8013440558219257,0.09737605874343458,0.7597981685401041,0.02960415766821574,0.0,0.7976426655584026,0.818572846527793,0.0,0.6521739130434696,0.9949810131616733,0.14254214123164105,0.03436353108478424,0.41867795303647815,0.3553673887154658,0.7485808838154593,0.037141382889467334,0.6177357624426929,0.6888397929617649,0.5937441130703567,0.5041911522949917,0.7779388353856288,0.2597606898215913,0.8144897413552685,0.9222505472686756,1.0,0.0,0.0,0.0,0.0,1.0,0.0,0.0,0.0,0.0
915,0.9537960649785698,0.20249381073050376,0.1527847276063583,0.304644783854374,0.814963281214598,0.5948193085368354,0.8861246872172537,1.0,0.2608695652173907,0.26456958596905705,0.3027801634192492,0.08530894050197457,0.8473488105607757,0.14694096411339863,0.9054867025287134,0.6195337193204229,0.5910057261508794,0.051499569019560765,0.4937992999745117,1.0,0.6016005776944672,0.8415797164260801,0.8093393952253205,1.460499513499701,0.0,0.0,0.0,1.0,0.0,0.0,0.0,1.0,0.0,0.0
752,0.2417643453181313,0.8885145046038593,0.8374542389519444,0.45065110742067627,0.36362269556176907,0.7602632221916299,0.7776747937167667,0.0,0.0,0.7930841335392145,0.3183459851195092,0.288419306912654,0.7550331042577406,0.31011910497294426,0.05863392346542065,0.8463366403062205,0.8650534411373252,0.8566785785872393,0.4948643094841088,0.11947757449780397,0.1526492593448001,0.9727307070452853,0.38612053929283613,2.490877522099924,0.0,0.0,0.0,0.0,1.0,1.0,0.0,0.0,0.0,0.0
806,0.6933380179342968,0.07363257135009138,0.3271578979666849,0.6662790239657335,0.4081690579810362,0.7057372689432297,0.5263469522761625,0.6666666666666667,0.3913043478260789,0.022698442099411187,0.6896251837552454,0.8747021057118514,0.1972382041081725,0.2202259875574887,0.24651271926540422,0.6089984015556098,0.2908223787627926,0.32972310162091867,0.5754149537389708,0.6958407743062034,0.29898702375453845,0.31144892862583023,0.736228206822144,1.1859710301831183,1.0,0.0,0.0,0.0,0.0,0.0,1.0,0.0,0.0,0.0
919,0.5528418225151758,0.9536756605341693,0.7085050841591396,0.430390841138928,0.407492064723207,0.2924826518358367,0.594686296254518,0.6666666666666667,0.956521739130423,0.7511527907864952,0.891668091138364,0.755972717108139,0.596785454237992,0.1971109383352179,0.9207306761280405,0.23399025845546806,0.34366805680824664,0.020807263875007143,0.5296243949067305,0.8522031100090958,0.7845987525162138,0.3941296268018545,0.5084548861657587,2.6800205675105726,0.0,0.0,1.0,0.0,0.0,0.0,1.0,0.0,0.0,0.0
624,0.9787670578485667,0.3951493231779676,0.570398063328595,0.6686259357340102,0.10847645201875844,0.009366364266088223,0.012129194576991242,0.0,0.6956521739130324,0.34422491814497547,0.7845426261558763,0.8867728736355542,0.7929340210105337,0.7457665066927239,0.5360865368078569,0.34636997800843705,0.4552655483258433,0.6624741823499328,0.002256563481550261,0.7189641947233507,0.5028683610267755,0.6204023400511743,0.36323868416090965,3.8873849265061713,0.0,1.0,0.0,0.0,0.0,0.0,1.0,0.0,0.0,0.0
874,0.7196110424151484,0.9065824378947255,0.11616331996076357,0.9996306365530169,0.5190164623163188,0.16492150833273006,0.2262216026938701,0.3333333333333333,0.7826086956521721,0.021707227850241373,0.19922296678402382,0.8509066755605668,0.9563954216036148,0.7712972641910639,0.2116585752025467,0.26769465855237495,0.4620996469721126,0.2443351004575503,0.5823470464313174,0.018994066897159823,0.4149284965420881,0.9413961713706651,0.9415533046869309,2.1610992191994542,0.0,0.0,0.0,1.0,0.0,0.0,0.0,0.0,1.0,0.0
760,0.7118400109859461,0.3320084620197691,0.6522435975154,0.9887536281383337,0.5013429898724299,0.07913842550464828,0.04359393384062253,0.6666666666666667,0.13043478260868824,0.5983326564322875,0.8828591140032045,0.8752083967418629,0.41235721869162234,0.6497409706330292,0.16020009796360715,0.338677196685099,0.11091394378842945,0.3655406663914048,0.742576415475521,0.5312053253585002,0.9196199137521256,0.030048861507479485,0.1241452018858667,1.8644915867829632,0.0,0.0,0.0,1.0,0.0,0.0,0.0,0.0,1.0,0.0
386,0.7180554338764772,0.7060526827167387,0.9877556782079036,0.5490129034378058,0.3026891453595547,0.08513091793629785,0.2755499328469388,0.0,0.956521739130423,0.9786168869779238,0.887039059447627,0.5744029138884861,0.35010642017730803,0.5456278439533413,0.1931545936005494,0.2148302525014829,0.5445268241380085,0.6954142134856685,0.6849993236708616,0.14138745526234694,0.5205455959769625,0.3640768474857391,0.3883336617100626,3.551777225040168,0.0,1.0,0.0,0.0,0.0,0.0,0.0,0.0,1.0,0.0
972,0.11797133039029928,0.7334101602841036,0.1258924145027261,0.5218885361526373,0.31649881716441597,0.5355505646877419,0.24856601956982394,0.3333333333333333,0.8260869565217348,0.8317462376169722,0.9852869584773829,0.693847734263745,0.6792882691550253,0.47985224447772057,0.9270499537922847,0.3744671271823061,0.524733866646055,0.7068369652367004,0.02219098936867854,0.012695034654840967,0.6064621856782824,0.3720398913861689,0.8768511791146398,1.36401234396073,1.0,0.0,0.0,0.0,0.0,1.0,0.0,0.0,0.0,0.0
509,0.11486813936447715,0.7455027921267091,0.6417389382495369,0.2777743368629224,0.3208632208060904,0.5917140546491952,0.5754539252683823,0.6666666666666667,0.43478260869564167,0.8646931792222097,0.06937566449022614,0.7650380677373774,0.08699112897866315,0.03622204532425244,0.8347879342451736,0.9476676318775077,0.7992530189571783,0.6799466581773833,0.9940833692763895,0.027572416750942755,0.8051308707671195,0.2254076486597898,0.5716829429714063,1.5691925428411828,0.0,0.0,0.0,0.0,1.0,0.0,0.0,1.0,0.0,0.0
267,0.15270534034833705,0.9791894088927712,0.5066504033316901,0.7637109345361545,0.8155645063253759,0.8706857924647435,0.8013795009872228,0.3333333333333333,0.5652173913043441,0.19478118588304189,0.8530723494865216,0.20234060041645352,0.17030828785904717,0.36547250345282145,0.18298863421778747,0.13033275394146404,0.24235059547428556,0.524362656119967,0.6289417261254295,0.9143801055797087,0.5177493521055352,0.6895948561770443,0.5522722733662455,2.11195752877255,0.0,0.0,0.0,0.0,1.0,0.0,0.0,1.0,0.0,0.0
819,0.2725341721990192,0.6198805518627851,0.9236693188235849,0.8413398539279321,0.5521274500843044,0.4098840640251951,0.9695412408805302,0.0,0.3478260869565162,0.9010398199891212,0.884597705771594,0.1938639100812572,0.02128148542770225,0.1775226233445464,0.6188901806130054,0.571135829447142,0.7412769219305169,0.6184333388957757,0.9071925666458218,0.2807211623792273,0.21248136003853021,0.2966935654975529,0.942619633444286,1.5052519384189706,1.0,0.0,0.0,0.0,0.0,0.0,1.0,0.0,0.0,0.0
441,0.1543083493327474,0.04865226308647175,0.15820686006733053,0.18744743809763478,0.3141422631547527,0.8125796544567356,0.911287557575058,0.0,0.17391304347825098,0.3087045822033155,0.9489971191620492,0.5270610930497288,0.35907307935904836,0.00830127006088889,0.34506274074394205,0.7138176027672669,0.12701891912799995,0.38675451079208667,0.7893600542208119,0.7150986330063968,0.49018827575939583,0.8703464428741217,0.18917024485308645,2.600011930233508,0.0,1.0,0.0,0.0,0.0,0.0,1.0,0.0,0.0,0.0
496,0.43110266227562766,0.856649863133433,0.5513748879362703,0.7172993642198563,0.47857197409501395,0.9653576960723407,0.441957455514226,1.0,0.0,0.1594674002491776,0.07302560463212482,0.7957491770390746,0.7063809926233425,0.07278742437214827,0.4502314383077677,0.4365995633160198,0.04800482331079153,0.720111749343848,0.47345302000854667,0.6644518499818648,0.2273420305486353,0.8894161568031065,0.7129861229536707,1.817534804662176,1.0,0.0,0.0,0.0,0.0,0.0,0.0,0.0,1.0,0.0
112,0.30537349783764745,0.6198296326029832,0.17578834625507112,0.7113979172567743,0.7708178325700786,0.7539454831603765,0.2609897464520113,0.3333333333333333,0.0,0.9516425378720081,0.4960034989834914,0.45353972471785636,0.42247462037232797,0.862274444387175,0.34984619660392136,0.33087965246398143,0.36514026253155474,0.09861456578127176,0.7736434869369171,0.07063678470276125,0.08309746792768063,0.39507699221332393,0.2640261018303729,3.66003279966353,0.0,1.0,0.0,0.0,0.0,0.0,0.0,0.0,1.0,0.0
691,0.8976742852016738,0.9136371152934236,0.3798603516552475,0.600371462832731,0.24393220081543865,0.10473977225113812,0.05842525767825703,0.6666666666666667,0.2608695652173907,0.32766885617934893,0.18242072196520998,0.3110306622746573,0.7799696274054257,0.5231776350409403,0.8442151550747479,0.7847938811192976,0.3330915467617369,0.49465197495179336,0.7432171985421676,0.32163273981706575,0.9123418157095947,0.9333958386048471,0.8523626694483881,3.0656272289236,0.0,0.0,1.0,0.0,0.0,0.0,0.0,0.0,0.0,1.0
232,0.967057068171718,0.19518184768679148,0.09161784661848066,0.5183012336460584,0.7322792928808463,0.40576905806033886,0.8188179460478991,0.6666666666666667,0.3478260869565162,0.9288144491827358,0.5960114487658142,0.11455005280912323,0.7127511040353258,0.004903970453073697,0.558177431478248,0.8698343392306143,0.5088850854103459,0.07113083921474178,0.9129126156648286,0.8904955629561804,0.5601780560650209,0.9332021119948792,0.06337561643820805,0.7613204189503004,1.0,0.0,0.0,0.0,0.0,0.0,0.0,0.0,1.0,0.0
869,0.20359762792382485,0.8332322287186641,0.03362660479254126,0.46697600450964205,0.6351774986619451,0.1945124773645825,0.5635684237406086,0.0,0.6086956521739069,0.6514912093131378,0.9254715323944911,0.55432523159137,0.8098442149847406,0.6441791392374503,0.5776346797440023,0.6530084058537624,0.835550215085187,0.5600285836196143,0.0743162153176688,0.8914580996005965,0.7795077526400617,0.8214850724340238,0.3757798480482603,2.151238349695971,0.0,0.0,0.0,1.0,0.0,0.0,0.0,0.0,0.0,1.0
607,0.11311174802889568,0.26436883015081036,0.23060997675191525,0.246137129581006,0.21713523477286245,0.5981908863908385,0.22089612973415196,0.3333333333333333,0.4782608695652186,0.7489809792295457,0.5265310394312144,0.28086143932563407,0.09437780350280034,0.8685477817990015,0.33599626740036614,0.5122478873655734,0.285367236696478,0.9558514517143895,0.647005191084626,0.3057613966457803,0.2243109145815553,0.5702616421455557,0.4835939203382614,1.890544797648722,0.0,0.0,0.0,0.0,1.0,0.0,0.0,1.0,0.0,0.0
671,0.5748623651000183,0.6190766619220948,0.44604806043426254,0.6109357616847068,0.3059248237640979,0.8696764882503316,0.3205514573841087,1.0,0.3478260869565162,0.3507837379613421,0.9674206067373472,0.017067213917798252,0.9861344961455134,0.24830697640778313,0.5670437778618194,0.08012723666855281,0.530436686704581,0.1167555462107831,0.6933792609531748,0.024733536288190847,0.8504046906050591,0.3981242475991533,0.6733158035156164,2.731060021275405,0.0,0.0,0.0,0.0,1.0,0.0,0.0,0.0,1.0,0.0
373,0.3138749477995785,0.8093385691632199,0.2489715155427888,0.1627365691192238,0.16490671847847338,0.5975749613233461,0.7040336152632742,0.3333333333333333,0.4782608695652186,0.40681916478441765,0.9694609868303905,0.29497005865866127,0.09699458035457462,0.20936064010415092,0.7682404901773445,0.8482893372673193,0.6813996582561351,0.5734628926367932,0.27374757879372114,0.4248226367586557,0.7470380866954129,0.895019877333628,0.05091105110370722,2.668358085959365,0.0,0.0,1.0,0.0,0.0,1.0,0.0,0.0,0.0,0.0
981,0.8188175217565145,0.3780964882835903,0.2764268514696677,0.44092014154438885,0.2232787325914043,0.5393437962723553,0.966030659542026,1.0,0.5652173913043441,0.5721775370414192,0.007749929112880027,0.6976480713489746,0.019953293623464458,0.5859421771299782,0.782135350709242,0.37420170377725936,0.09733124593611941,0.6522886990036185,0.8579761386900147,0.15440760762727943,0.9588553397768228,0.5900718731343818,0.7430282549189933,0.9806218687149408,1.0,0.0,0.0,0.0,0.0,0.0,0.0,0.0,1.0,0.0
842,0.5201039584517774,0.15393322058276593,0.4369806518689177,0.6527908835596176,0.27433787854945746,0.2702676028321784,0.7230612374397428,0.6666666666666667,0.6956521739130324,0.1472272484509094,0.18129543091693778,0.7272317929877459,0.4828299622704739,0.10562694814626933,0.9358463991011832,0.8182974090388662,0.8383126975218764,0.18841956198824122,0.5993573829741465,0.1833907655789461,0.8031547519786292,0.7583934815956211,0.6925963443724001,3.0169736831052307,0.0,0.0,1.0,0.0,0.0,0.0,1.0,0.0,0.0,0.0
233,0.5960781429310192,0.6797538428096771,0.9502964649879484,0.0994121180228294,0.7730072288477651,0.4048494002226613,0.22543810128948005,0.3333333333333333,0.30434782608695343,0.6107317750727727,0.9098133055997257,0.537753239956146,0.052789828477977974,0.8207309309841949,0.6596907457698851,0.7553421262687512,0.9356474427780974,0.355784072275537,0.8228317386981128,0.763452466902487,0.471550131173354,0.907952921644557,0.18261898779679353,0.5892721637023621,1.0,0.0,0.0,0.0,0.0,0.0,0.0,0.0,1.0,0.0
785,0.36107149616045875,0.8424754641329671,0.6914715942986793,0.9283609420148917,0.8681427305045185,0.7381088165215144,0.5050092059246183,0.0,0.08695652173912549,0.23152432992151717,0.63751280264241,0.014673480747040002,0.5649610101364722,0.31540087727037347,0.3742072619139635,0.11986790108371981,0.972764099816372,0.3802285053436366,0.2802284788635735,0.8833777518702023,0.849066574345465,0.542964789165093,0.33133843763381693,1.4711117723364575,1.0,0.0,0.0,0.0,0.0,0.0,1.0,0.0,0.0,0.0
676,0.9160152824462718,0.7286554363235903,0.47099959470334746,0.3217886649916917,0.11057279798352393,0.16421821699359146,0.43566431515983756,0.0,0.3478260869565162,0.7814174112717804,0.5894535584015097,0.65159575241774,0.010191113573433719,0.4408117345358479,0.6828755800806634,0.40882628317300096,0.8437655121751486,0.38268255998384315,0.8423928549884268,0.8763356493595588,0.8180013910181574,0.07890032222848917,0.09307998901834008,1.01270966085413,1.0,0.0,0.0,0.0,0.0,0.0,0.0,1.0,0.0,0.0
317,0.6859702554155264,0.02604225709790975,0.7639028265894576,0.10126858752870904,0.7878881793258273,0.9188756899778319,0.7067079955946252,0.0,0.13043478260868824,0.874926988661528,0.3344201018473527,0.6070983529016813,0.937792201164118,0.8598305782610127,0.622679613596781,0.6655928232861408,0.9621822142490821,0.3104448911297044,0.7662693237654274,0.6270538352875309,1.0,0.8635368472764828,0.3334674623135423,2.2302986337720108,0.0,0.0,0.0,0.0,1.0,0.0,0.0,1.0,0.0,0.0
648,0.6774962738775844,0.9080821634714417,0.66407533121812,0.2467295945116945,0.3094511496416589,0.4344909962499978,0.9170471915166196,1.0,0.5652173913043441,0.4621785394979024,0.19699816623328215,0.3125951454621794,0.952313071067364,0.8237406840686182,0.916478034742404,0.2554835400625195,0.8224160984295847,0.5912007630940588,0.05773997211222212,0.738900253926175,0.28801183964492094,0.2151304419163157,0.11285650728578772,1.071733539996317,1.0,0.0,0.0,0.0,0.0,0.0,0.0,1.0,0.0,0.0
410,0.6658688636299789,0.8304112590781095,0.6814491598679098,0.6590166616313886,0.3708035186410804,0.267173971507844,0.017605766257661207,1.0,0.7826086956521721,0.6891350339373155,0.3397779596989044,0.4150598990114311,0.7688382978857468,0.3665060495234368,0.9102800146248713,0.7171145588596262,0.1724155290681157,0.20356307621447706,0.5397067768885782,0.5738643767898868,0.5316815402731583,0.7540420894992044,0.48339452653888143,3.1753344984511886,0.0,0.0,1.0,0.0,0.0,0.0,0.0,0.0,1.0,0.0
898,0.18492665768935834,0.06449877955934402,0.6224289744104077,0.133017592405592,0.8889383912990528,0.5292676891929338,0.6019818877004983,0.3333333333333333,0.43478260869564167,0.3204253256460535,0.6922824939525893,0.9071961199295551,0.5357637327774184,0.9440563319102806,0.9996659959338712,0.7206961152301528,0.43807280845907726,0.8674488947878558,0.25768320534983385,0.2093087148380616,0.4831515719255963,0.8392624601844518,0.4627315094288201,1.447392799759481,1.0,0.0,0.0,0.0,0.0,1.0,0.0,0.0,0.0,0.0
709,0.476037411749373,0.28384389626416906,0.6422269096283748,0.7344586298636554,0.34589961210890685,0.6163668830681728,0.15706879640544136,0.3333333333333333,0.2608695652173907,0.3513686421502755,0.6115494683407816,0.2670693481336353,0.032019870678168805,0.6691781905869908,0.28949472227259865,0.6140063079240021,0.4898558126713488,0.504005456314845,0.5231395181304717,0.7962967264820648,0.7515177681880498,0.587202083103055,0.4497966480086823,1.101128752766549,1.0,0.0,0.0,0.0,0.0,1.0,0.0,0.0,0.0,0.0
358,0.4919672226650019,0.6903652421327348,0.989667628057203,0.6781368975061549,0.4858206554930623,0.36346725029926313,0.5080055253279148,0.6666666666666667,0.5217391304347814,0.9002954145302446,0.6046778491988207,0.9140816849517814,0.4986905518243303,0.13300484102381818,0.5310108744831054,0.5283919391334408,0.9432100613207328,0.5093467157609307,0.7154909093390518,0.22031937856240583,0.5222115252853953,0.5402152351310242,0.6552081163216563,1.4488919222295882,1.0,0.0,0.0,0.0,0.0,0.0,1.0,0.0,0.0,0.0
258,0.0654651259682183,0.5261188482564741,0.05619782950277136,0.5653715603259117,0.9564197771988391,0.42650445537279985,0.48220928570267346,0.3333333333333333,0.3913043478260789,0.7633535460849239,0.3897381074943215,0.5570863739800516,0.7219739298241274,0.9296407672896252,0.979705700345082,0.9414173876683773,0.42047696405270496,0.8428244909011573,0.644077495949658,0.2703372347487051,0.2200998489184469,0.9495038618403631,0.04468225841423584,1.8353113293411112,0.0,0.0,0.0,1.0,0.0,0.0,0.0,0.0,0.0,1.0
744,0.5080155190057,0.71027719273207,0.3590488874120958,0.08960519544311318,0.07074688798961826,0.6804790059135413,0.09453007747716673,1.0,1.0,0.5699476875958931,0.8034069150602076,0.36421179824926914,0.6911618039657222,0.9637151196664389,0.3681170122372702,0.9462907929141444,0.3295671042950935,0.7731372646141805,0.7455287800558965,0.944675908383177,0.6218770756644073,0.0411671339810212,0.9010356183744661,1.816260147937618,0.0,0.0,0.0,1.0,0.0,0.0,0.0,1.0,0.0,0.0
627,0.08376448844429896,0.18852445652117633,0.34102634824987405,0.6726268719129386,0.33039486573703314,0.7693401606391168,0.5831214628087433,0.6666666666666667,0.2608695652173907,0.910404965516181,0.35851628729090446,0.8852973222215816,0.3352698262604467,0.8335591926453282,0.7360889356417657,0.5805560838481383,0.2804303823269817,0.9189720714387237,0.6049536995807281,0.7256104236410219,0.6192414573636409,0.7945832455028063,0.5951889051597232,1.0095738977473965,1.0,0.0,0.0,0.0,0.0,0.0,0.0,0.0,1.0,0.0
632,0.035813888535629945,0.6424383232029472,0.8880001089988743,0.5989548042660501,0.3254316770114202,0.42059055244669136,0.8812216618608574,1.0,0.0,0.004151203611092225,0.22839097432827127,0.06043680628578724,0.5748468774653329,0.7223456147263373,0.9203148057651753,0.6925535351908056,0.7429718938781575,0.4115905648397321,0.05538078830078258,0.08846652546671885,0.9937072421865111,0.9816645976466856,0.6987554477956786,1.5197174522067096,1.0,0.0,0.0,0.0,0.0,0.0,1.0,0.0,0.0,0.0
282,0.2360141250161022,0.4314735147489651,0.3374357065092077,0.2753323363157544,0.6153359171444265,0.9872422129744021,0.38947910773681693,0.3333333333333333,0.7391304347826093,0.3948157509772908,0.4746285236265546,0.5639159008905443,0.5985906033191946,0.43119951624851705,0.30000254497543366,0.6493030602273815,0.13978487146258867,0.10158513992264273,0.10172696003080808,0.2882802663177393,0.2843320356334753,0.19510571196879173,0.9348768543433383,2.4117606719428046,0.0,0.0,1.0,0.0,0.0,0.0,0.0,1.0,0.0,0.0
376,0.9368884104835892,0.651865712860331,0.8722906231984795,0.009498749192832591,0.7235452151146485,0.25512695375313293,0.2959369919091562,0.3333333333333333,0.6521739130434696,0.7267880964581059,0.9996927838093597,0.7396379645268805,0.07053313478265263,0.24123652115427272,0.36588153240769095,0.09957681258644246,0.9840716824860816,0.10418314174441634,0.541760150535199,0.595932493428378,0.18640756574727338,0.6236551622893562,0.5375180126448427,0.7383839915018965,1.0,0.0,0.0,0.0,0.0,0.0,0.0,0.0,0.0,1.0
384,0.37592650739842315,0.9592409107544776,0.044691316877830733,0.20228497807268297,0.8421134442757653,0.23744750230886963,0.17306543176629585,0.6666666666666667,0.5217391304347814,0.1719161004172331,0.4765606059346579,0.7945110409148397,0.8568662114606856,0.9347904601955859,0.0728914831216694,0.02523666030935212,0.7692314557002177,0.9666082644406284,0.7016441130231506,0.16662820143258875,0.0070536713968654685,0.2949781186492624,0.3573542375409677,1.5652737084924826,1.0,0.0,0.0,0.0,0.0,0.0,0.0,1.0,0.0,0.0
224,0.2858214873988322,0.17162985739591685,0.8986491425943357,0.13853363919848946,0.21774897606971833,0.48049982552077736,0.5097904595073717,0.6666666666666667,0.08695652173912549,0.26861914442523693,0.045056042528747065,0.11744120370663358,0.5593737188101046,0.3731761746575013,0.6228263834922014,0.12526585965638137,0.6990695625887802,0.9240344813228945,0.6159485671826816,0.0920909521168082,0.28741035562587525,0.46802843060391597,0.3856538685460847,3.578689041814233,0.0,1.0,0.0,0.0,0.0,0.0,0.0,0.0,0.0,1.0
953,0.16036230457046763,0.9707475782673755,0.9137048084312642,0.7151566442599017,0.9809022918724702,0.04462509021439892,0.63211020459179,0.3333333333333333,0.8695652173912976,0.9749884791898079,0.484749800139119,0.6214804224872144,0.26858006622661873,0.8952648129799627,0.05838407387968916,0.00887202034875978,0.8834178232272318,0.6973651134182527,0.15419140788496255,0.8260151350471608,0.23407535900542495,0.07776967650987668,0.6275170477805265,2.1894627788134966,0.0,0.0,0.0,0.0,1.0,0.0,0.0,0.0,0.0,1.0
814,0.12594496571211322,0.8301416943760086,0.025670186057453692,0.4307739008978093,0.42762003203805676,0.5237066252448168,0.5018389543986166,0.6666666666666667,0.956521739130423,0.953946845944676,0.9677087734262406,0.9635439136489508,0.7079606053033176,0.296904971062836,0.0813687536730168,0.008551868398062101,0.7519051129519166,0.6357276623179339,0.654290257799347,0.45724284270198157,0.1455264430786238,0.9092844377182194,0.36757112772352146,1.4540783584977328,1.0,0.0,0.0,0.0,0.0,0.0,0.0,0.0,1.0,0.0
472,0.11823610938545093,0.10691088225810408,0.7230114577670914,0.5523717298526998,0.6477584144452185,0.9454715029050964,0.9922450538740466,1.0,0.5652173913043441,0.4181365666880348,0.015221783038012748,0.4945988817247042,0.2618975774112308,0.8926105663035838,0.2980122035356604,0.19301139478984375,0.36722750137101623,0.1556032718258491,0.4235611947452302,0.5699709243243495,0.10464980970944174,0.41702535980332767,0.34058501705948646,1.8430442843769572,0.0,0.0,0.0,0.0,1.0,0.0,0.0,0.0,1.0,0.0
347,0.25268809549646176,0.36987131145976637,0.8355947905261933,0.5897098845875844,0.8773119086699414,0.7493043619701867,0.7272874220894134,0.6666666666666667,0.3913043478260789,0.14069435568990826,0.8335740356403447,0.16948348877221414,0.2880677563650019,0.6387067943039603,0.20086715367032257,0.5632017252096584,0.07585337168688028,0.16334284788639303,0.5559488276243805,0.09497956805967447,0.8813273615255764,0.502209389124403,0.34485143502752397,1.4107949523831131,1.0,0.0,0.0,0.0,0.0,0.0,1.0,0.0,0.0,0.0
505,0.8003407390879812,0.5057983478783507,0.050786281397487476,0.5671665927638392,0.39702888044124085,0.3622495217338007,0.04035261710590343,1.0,0.9130434782608603,0.2800923671016591,0.6245390993091589,0.6540150565183775,0.9985705891227754,0.09370614924165171,0.6916113287640502,0.9619480211980878,0.06306632861969541,0.20346904033742547,0.12645060442898412,0.7675583974762963,0.028070470631348293,0.9292340849591922,0.8027134319540383,2.3139047935646286,0.0,0.0,0.0,0.0,1.0,0.0,0.0,0.0,1.0,0.0
639,0.8660667631825968,0.7300972983647157,0.19632695266889116,0.5343952510765587,0.22026855701979275,0.5628671119914557,0.38596352332545886,0.3333333333333333,0.43478260869564167,0.01345944247967995,0.2926794837472537,0.9882269260908696,0.3219942294950258,0.973694646262419,0.5534134266078735,0.9033840409363152,0.12966037076603126,0.2166486711861122,0.9962446493440953,0.5753793663621181,0.09773445897469077,0.1372478132583244,0.4055052989249702,2.533158048783906,0.0,0.0,1.0,0.0,0.0,0.0,0.0,0.0,1.0,0.0
987,0.04897786835137474,0.6931681374536557,0.5479981551754298,0.4666862228849763,0.18894914053425238,0.3777792981651173,0.05417529183453636,0.0,0.8695652173912976,0.9820468253663186,0.8142236844838675,0.39013143841013626,0.9821719332838412,0.44755463302453513,0.7099992052138381,0.872062438475254,0.17855995068793495,0.7739155702722298,0.7102880317389235,0.682856040763967,0.6563345624484602,0.3041577795467816,0.7061389948814243,3.4302895922409995,0.0,1.0,0.0,0.0,0.0,0.0,1.0,0.0,0.0,0.0
928,0.5842382505355567,0.017938734540338674,0.3636838549438501,0.1383797576428806,0.7166072583368815,0.8782984390490307,0.3088302041697242,0.6666666666666667,0.4782608695652186,0.3813816514000805,0.7940758807121897,0.661386578931674,0.995415438068227,0.28500885168158774,0.9772490295134815,0.8497384260909997,0.3071224983630887,0.03748672835367195,0.5528583434084005,0.4497909103320826,0.8117510061257128,0.9029297597779282,0.22694854539525305,1.1062172437257811,1.0,0.0,0.0,0.0,0.0,0.0,0.0,1.0,0.0,0.0
905,0.6526752478810139,0.4446569991787298,0.6482179227948575,0.6686767179863158,0.5719299498097524,0.8822427500342591,0.8174206365926454,0.3333333333333333,0.9130434782608603,0.239385144614699,0.7079742860962746,0.8483997285517786,0.08507187412720033,0.42854455836196403,0.13860059880442552,0.8491313008417696,0.40274277496184885,0.8057234395530779,0.06599001410779134,0.900545031798325,0.040528435568428084,0.593313176252811,0.8614649525682538,2.1979192996881878,0.0,0.0,0.0,0.0,1.0,0.0,0.0,0.0,1.0,0.0
619,0.03979860241438471,0.03816742903096815,0.9024359889313558,0.9648303458277329,0.511880331521695,0.06783287718071157,0.26679466528165957,0.3333333333333333,0.0,0.7302378101823741,0.7239863763055594,0.725862953205392,0.9497681239253113,0.6044036510518404,0.46475364976239353,0.9779061146643402,0.1462536701432851,0.4619812309305532,0.908641934807825,0.47805475976152345,0.7052048702040702,0.41646354255873286,0.8740263395791208,3.253068663511029,0.0,1.0,0.0,0.0,0.0,0.0,0.0,0.0,0.0,1.0
855,0.46956722062240985,0.9994060502657957,0.9399556228257291,0.2195184883778807,0.9497971110569593,0.8215021973846603,0.33681266028217305,0.0,0.43478260869564167,0.18434036358157446,0.09129914821608814,0.22843917608316838,0.7643678333012498,0.3631114126103211,0.20355072475168148,0.6464799133919352,0.35270587236879025,0.2620015659078859,0.6238301368474715,0.8416179197096967,0.7376259657514572,0.7236263392099307,0.6562486580744793,1.929454434031651,0.0,0.0,0.0,1.0,0.0,0.0,0.0,0.0,0.0,1.0
803,0.5938614198022404,0.6937826905177945,0.5951248473142985,0.17778382749768779,0.4622641328025331,0.5645209388640233,0.37951573105931696,0.3333333333333333,0.6086956521739069,0.2127853044599669,0.7308877487582037,0.8423071993389479,0.27483903777811824,0.6158707687339291,0.7820732141088658,0.05832959844279895,0.5054984970864824,0.09127006597603338,0.49309496261808244,0.14388379245583396,0.37118517263612105,0.07489490029381835,0.23261854001651644,0.9997474140001156,1.0,0.0,0.0,0.0,0.0,0.0,1.0,0.0,0.0,0.0
645,0.8587198831516102,0.46381809819377817,0.8818352040761448,0.7561680684219788,0.9950826173214352,0.22698728499325066,0.09962734803832611,0.3333333333333333,0.30434782608695343,0.38076644690882566,0.4961468399476242,0.654983462183174,0.06929445553006947,0.5260799554645932,0.2906541997844341,0.011577587945959866,0.5455752278577884,0.9344576207838964,0.5622208916214317,0.5141422849781846,0.39037223642259433,0.26360986472017867,0.9099552761254652,3.026257477169576,0.0,1.0,0.0,0.0,0.0,0.0,1.0,0.0,0.0,0.0
846,0.3946140472479204,0.32607727094275607,0.23061073201792393,0.7325803605441182,0.1371395867824281,0.9423278319679793,0.2214646272150973,0.6666666666666667,0.956521739130423,0.8135423152134577,0.8348995041051304,0.8860559604779836,0.7872805817789816,0.6450570998257537,0.8699721310575788,0.6178011075407097,0.05762398839848071,0.9654014838206002,0.6651991270827802,0.18210059761760447,0.4758646036747034,0.6020236416893155,0.18198054637878452,1.644008514806429,1.0,0.0,0.0,0.0,0.0,0.0,0.0,1.0,0.0,0.0
556,0.291446562859623,0.9305052138207951,0.02240725952336936,0.49825138746578146,0.7697564324614371,0.3023561030080815,0.8544065422386923,0.6666666666666667,0.6521739130434696,0.681003924365859,0.3610032780081548,0.9524631117183682,0.47952783028331303,0.7507888191305663,0.6470954860787206,0.5420635349127969,0.8704758045941556,0.6716005769457484,0.2725796263516704,0.5109082090942358,0.4829276240843764,0.5759747136620973,0.30445335490856007,2.2483555187938005,0.0,0.0,0.0,1.0,0.0,0.0,0.0,0.0,1.0,0.0
957,0.5175299343154774,0.07772264463206235,0.009132107870807094,0.9474424797306659,0.24235330704835933,0.07439251307413003,0.550114982852541,0.3333333333333333,0.9130434782608603,0.6536979303435142,0.13077828450515694,0.016705085368931227,0.2600429970156041,0.7550720898818387,0.9840421013800953,0.37067013604130317,0.23085570912612646,0.5365686627675476,0.1253731603009108,0.8647128733542364,0.722603584761416,0.8492965625567993,0.21260814609018897,1.3457380174137668,1.0,0.0,0.0,0.0,0.0,0.0,0.0,1.0,0.0,0.0
577,0.5871405079788176,0.8482485116646336,0.8591088437998635,0.25634976468239123,0.07823783665969708,0.6771495870170159,0.7578786473916614,0.6666666666666667,0.5217391304347814,0.26061356341806174,0.6816775868431386,0.08658374053577195,0.010609722929693838,0.3304260392806849,0.1451108970632294,0.32402870534400163,0.817921511789071,0.40078699394722017,0.5661369628002835,0.37370338284462656,0.18774439494170483,0.85415492507405,0.2219797309013416,1.9329739737488871,0.0,0.0,0.0,0.0,1.0,0.0,0.0,0.0,0.0,1.0
795,0.34598195737961934,0.2948238376333986,0.5788777203199433,0.653253471268142,0.18074727973718585,0.6257640317235877,0.5556053720459915,0.3333333333333333,0.043478260869562746,0.5954026432385657,0.607119261588164,0.2824599925127598,0.32742861362872605,0.26655935445471435,0.5305215320451058,0.18904668751987952,0.6866935955318977,0.4929751764856817,0.8456936048816732,0.09992348070106,0.5331272073227022,0.32711330401173505,0.7172284392613368,3.980821523988664,0.0,1.0,0.0,0.0,0.0,0.0,0.0,0.0,0.0,1.0
85,0.08900422881540959,0.7452902419929731,0.26163606338571943,0.3160228492134809,0.9234159213072896,0.413444382819584,0.8006797709398351,0.0,0.6521739130434696,0.8229132382242275,0.08931266828632956,0.5026412370645872,0.8959872791663774,0.25978215091184464,0.04760428996971433,0.6807634000233396,0.05355986282567382,0.029954424659504986,0.2250130426687303,0.09579891956349537,0.8573821369367011,0.9167118354503663,0.15565616560276774,1.607896113956404,0.0,0.0,0.0,1.0,0.0,0.0,0.0,0.0,1.0,0.0
242,0.23190124229808373,0.36063549997006705,0.36738982624597566,0.9196518739094943,0.4759349152161748,0.3055511438352681,0.03682221738684745,0.6666666666666667,0.30434782608695343,1.0,0.024863460733992537,0.8537680498970848,0.30624404059830934,0.18051869548745178,0.5196348788102418,0.1929255638675076,0.41085101159770554,0.15557802820795807,0.33419598421765895,0.48422068241459604,0.737566057405411,0.5640045425359655,0.2916901148085988,2.755989267304056,0.0,0.0,1.0,0.0,0.0,0.0,0.0,0.0,1.0,0.0
698,0.6535972183972335,0.9611617772849049,0.39189461741169657,0.02416537651302044,0.5246197218353951,0.8548836851365225,0.7220217824342127,0.3333333333333333,0.043478260869562746,0.16528640099893105,0.14970671479454867,0.7168357747833864,0.5315784458403654,0.0489599101053696,0.5600761293806341,0.9030505287743154,0.6413892666527787,0.8865021379618638,0.8086507573845982,0.5801875992462034,0.34022584867608774,0.7407183904145437,0.9957475244415206,2.9285396240644608,0.0,1.0,0.0,0.0,0.0,0.0,0.0,0.0,1.0,0.0
159,0.76905122576816,0.7749551349966973,0.039882980457185524,0.3118450685981987,0.20669713158026837,0.3013684094452393,0.931919638206917,1.0,0.3478260869565162,0.3459284327035763,0.4053861740628797,0.6375579620913066,0.41386555182939655,0.009320752632305529,0.798857204237895,0.06329949644515231,0.6278825797639419,0.010058951134715888,0.4078193287827192,0.058473777746886335,0.34242658264395487,0.20668249627661017,0.0325672055944838,0.6787254384980228,1.0,0.0,0.0,0.0,0.0,0.0,0.0,0.0,1.0,0.0
524,0.11869210957240783,0.7084158249068119,0.9125251290013963,0.5059461378873964,0.7333069638486672,0.281256191509955,0.3423258575406586,1.0,0.7391304347826093,0.13597857343845865,0.08199665665144701,0.18308107850152294,0.34450357325878983,0.5732035443197587,0.39726635375693353,0.03446743801993435,0.5629820923054298,0.759317619572069,0.4012938950509559,0.14335015716925661,0.05162651299411866,0.2332267384537367,0.7284101305916499,2.670629642038458,0.0,0.0,1.0,0.0,0.0,0.0,0.0,1.0,0.0,0.0
35,0.18863978466966902,0.6472629946464993,0.7827097257616342,0.706327447648129,0.39227445183442167,0.19754604023013472,0.877028607139476,0.0,0.6956521739130324,0.8706579293188601,0.28610515394386554,0.11745965566646954,0.267116390041606,0.17412875720950968,0.9691617676596773,0.6340922668824414,0.8244672550865801,0.45430554124552647,0.8630070168930484,0.5625568532627591,0.4493551615161897,0.33935907595642695,0.3434820462802691,1.3875116069814,1.0,0.0,0.0,0.0,0.0,1.0,0.0,0.0,0.0,0.0
540,0.990007003795392,0.8209387728050147,0.5061619047200934,0.8892499721112883,0.047799245216148756,0.9628439197655809,0.892691668601306,0.3333333333333333,0.43478260869564167,0.1827285110795465,0.9869233616079243,0.9693673438124053,0.591191502432809,0.24184285648876122,0.04962760156505555,0.8374938547499196,0.5510254484986399,0.7820936498550262,0.05235854134634724,0.26902990420554085,0.9925302702480946,0.2617219286612317,0.7352574927805877,3.099933382236756,0.0,0.0,1.0,0.0,0.0,0.0,0.0,1.0,0.0,0.0
170,0.290302636029091,0.3943953603850917,0.4164173678542929,0.9871663216809153,0.962253792448105,0.716930075998917,0.9814461545138202,0.6666666666666667,1.0,0.9698836006064591,0.16782576061665533,0.43352161674331074,0.6412614137117989,0.5740985783709984,0.9847883669410966,0.2888273087623263,0.1503956602446163,0.9611549543211022,0.9908383216183396,0.6913715997079373,0.5261029706983372,0.6163457002501234,0.8235779321758845,1.3805551301443153,1.0,0.0,0.0,0.0,0.0,0.0,0.0,0.0,1.0,0.0
654,0.8533643097201856,0.9443153820448452,0.45166115921788624,0.3174043968045501,0.4163104055011637,0.28831193865522936,0.5209712690928447,0.3333333333333333,0.43478260869564167,0.3449679440204363,0.8570392246037597,0.9028742045738272,0.841075066417945,0.06767357583612396,0.8557314826741396,0.9496968830710264,0.2663201715591336,0.5657689559213456,0.2408669799009847,0.9633051830460237,0.36641032412176466,0.6162881307693968,0.36215961150001946,1.0078597589657223,1.0,0.0,0.0,0.0,0.0,1.0,0.0,0.0,0.0,0.0
890,0.3389661241587262,0.22759868057262367,0.14431829083174996,0.14199089707738144,0.22436929152945262,0.9675145095069506,0.6224875151358542,0.6666666666666667,0.13043478260868824,0.7876117466555257,0.5734753070513126,0.1451129757838639,0.7027956814735189,0.8261819493755551,0.3485720097640723,0.8522265987065945,0.10264147814062136,0.5323715529881967,0.7815618799997934,0.5470703627328364,0.9370965571008897,0.39989644591243845,0.05855205310779335,3.441456029525761,0.0,1.0,0.0,0.0,0.0,0.0,0.0,1.0,0.0,0.0
857,0.8790034825720746,0.2866881189439251,0.430401551522211,0.4374335741550228,0.6300725672101909,0.5137765436825839,0.32795607262696436,0.6666666666666667,0.0,0.9619026448282804,0.6115551470391049,0.707743832207776,0.9888460319745713,0.5015068349206625,0.9973575701602699,0.04733469273637603,0.667278344449653,0.8459938687832054,0.20626924805051466,0.04757055356972645,0.08862323114906062,0.0575303168116712,0.16327725160733977,3.386707277806935,0.0,0.0,1.0,0.0,0.0,1.0,0.0,0.0,0.0,0.0
847,0.68280176456822,0.6417464717524605,0.061706272228998105,0.705677394728774,0.6557836769384852,0.21889436125675327,0.4174985695461863,0.3333333333333333,0.5652173913043441,0.5942441367711065,0.3875962348984231,0.6274046821292099,0.7872264866521379,0.773472497954164,0.9836858469581367,0.2749526152409594,0.8234422107595392,0.7138774053158834,0.00054306443749505,0.4398118157349393,0.7837955048940513,0.4700454888393827,0.28908903591493457,3.827049753213172,0.0,0.0,1.0,0.0,0.0,0.0,0.0,1.0,0.0,0.0
944,0.4495830995465778,0.8248014695894484,0.2818287687947449,0.1773909504967928,0.5312220708559067,0.036301341715481106,0.38255620016577696,0.3333333333333333,0.4782608695652186,0.7899642863166866,0.30603480968132923,0.5291193649953718,0.57723963150088,0.6250997024624343,0.8909894654410191,0.030099225288173326,0.3588425190258657,0.7893253643798726,0.8733061801043356,0.036014514948065846,0.8437987792585789,0.05102401776431659,0.6431005425379255,3.5294345865293986,0.0,1.0,0.0,0.0,0.0,0.0,0.0,0.0,1.0,0.0
733,0.3840887839421935,0.2573761711940107,0.33248953261749487,0.5792252860698238,0.23603569432833982,0.8965570553546485,0.7963659617783543,0.0,0.0,0.48249051041234703,0.17288947097848806,0.990626512005323,0.07084520480726633,0.3626197482846386,0.2093965622498483,0.30132883994558535,0.05837984322249101,0.879354109207171,0.07085123105310961,0.4471284163073509,0.2706338371798088,0.7970008557413767,0.6570693277990947,1.1544373599485211,1.0,0.0,0.0,0.0,0.0,0.0,0.0,0.0,0.0,1.0
95,0.6303912124206404,0.40991325123628475,0.34107444718882446,0.046889025640525994,0.3226720210759766,0.5557632372582164,0.3744691397323766,0.3333333333333333,0.043478260869562746,0.8634834971243925,0.5988203868278936,0.9953239613474614,0.7853907892355458,0.9291732983133449,0.18585875804804722,0.9368732012402643,0.6839173355727809,0.6900211322688846,0.9473330967639251,0.32395167921520485,0.004327918087460303,0.2556553119340947,0.5592397186632492,3.272859981015115,0.0,0.0,1.0,0.0,0.0,0.0,1.0,0.0,0.0,0.0
563,0.637712902768348,0.909086620360014,0.5155775240896459,0.18403063658290975,0.8135859033864329,0.17400796330660856,0.9447419630431209,0.0,0.30434782608695343,0.24753519428475795,0.6243579542746014,0.1550015008982616,0.3639688889013669,0.950988480749644,0.7970818761287759,0.25462850628230393,0.8218402364852093,0.018862154826449262,0.12030948254817572,0.18492143153456495,0.84251019887483,0.10128491654412097,0.13072940810170314,0.6185410804350111,1.0,0.0,0.0,0.0,0.0,1.0,0.0,0.0,0.0,0.0
240,0.8299619870579314,0.8607071957799829,0.2951402620767723,0.8987165990403427,0.7830351845313458,0.13795366898902522,0.6402311967933856,1.0,0.5652173913043441,0.05842766204365296,0.2926934302296798,0.5349910702831195,0.6823354416222345,0.6207429405468229,0.06796939033385177,0.9004405457318421,0.9803307306729652,0.9924963219312593,0.9540681896643859,0.1831446414810429,0.34153064620494644,0.9951594026517347,0.0836424570501769,1.0829885491724849,1.0,0.0,0.0,0.0,0.0,0.0,0.0,0.0,0.0,1.0
742,0.8633690372111983,0.02669266678148763,0.17284392811313604,0.856910592141562,0.7791561659348504,0.7884040331475026,0.06025221319864567,0.0,1.0,0.17017500688904288,0.5749420916289343,0.7443722346653716,0.37706555606883796,0.9137624780705822,0.5788201116078853,0.7287481643527163,0.8221279353815654,0.5373677673947116,0.5542415618721803,0.8984326473715774,0.35364113914461104,0.5950068779631844,0.2309487874420062,1.2401542826184238,1.0,0.0,0.0,0.0,0.0,0.0,0.0,1.0,0.0,0.0
574,0.8525970640158286,0.10825709926569882,0.5443032103833298,0.32207465433711757,0.8487706586875267,0.32564259887808894,0.43309355798444743,1.0,0.956521739130423,0.955927317377802,0.04821538062455338,0.932991553464144,0.9885016420802872,0.8094967476971126,0.9326116522881449,0.9302119363938539,0.5333482145704785,0.33967352319060495,0.6660124163307553,0.8024249711296905,0.4375932810437554,0.36641130608828865,0.2899851572106817,2.486518178053803,0.0,0.0,1.0,0.0,0.0,0.0,1.0,0.0,0.0,0.0
690,0.28391207175812105,0.7872361053518967,0.9490875427063596,0.03831577492014293,0.471268533919199,0.5457679916154539,0.4510558866143109,0.6666666666666667,0.0,0.5081991754567459,0.4459804592914146,0.3686592802794701,0.1513440021488099,0.8450427868965388,0.20259235610578866,0.23664899622066038,0.8954437685086158,0.24366468172234862,0.04372134439262823,0.809444843946227,0.22138030666530148,0.23304992268004765,0.22280513731960727,2.402567564403347,0.0,1.0,0.0,0.0,0.0,0.0,0.0,0.0,1.0,0.0
460,0.5723983411745598,0.7711002391854159,0.8731764751777176,0.4510597676462028,0.42049491959414964,0.685744769183013,0.22475334070607478,1.0,0.7826086956521721,0.9241417631324566,0.8775471765722431,0.9276331293184603,0.3429401278623837,0.9171126783145165,0.5189150486189802,0.14498901174560164,0.11564978955395172,0.3174044434036799,0.45254027020024196,0.00901641090487669,0.18256283977358054,0.5121970065914161,0.2790572778619988,2.7012935936144373,0.0,0.0,1.0,0.0,0.0,0.0,0.0,0.0,1.0,0.0
553,0.9078026651404069,0.3691590036694635,0.9504473561881897,0.519224200456436,0.6756407785520636,0.17542444786131178,0.07819833211592044,0.3333333333333333,0.17391304347825098,0.713734128059681,0.09937609615777948,0.6918378586643259,0.6341292077453486,0.9438146730770891,0.7670681479824215,0.05102734448248958,0.18313614382244597,0.07497227966251274,0.74117142308132,0.3571788538438314,0.5241944643462937,0.4966099765186156,0.2211069264286188,2.6566367647677502,0.0,1.0,0.0,0.0,0.0,0.0,1.0,0.0,0.0,0.0
888,0.16198319205987177,0.8509354705126876,0.10595231647473846,0.9294340572353018,0.39338513943366493,0.8435327004187241,0.6087439650071936,0.6666666666666667,0.5217391304347814,0.7809007990163855,0.035151575292081905,0.6958930090634474,0.7014053032105794,0.41478433237927614,0.4418266977185451,0.8289830670197409,0.775338554080252,0.8980577667948384,0.7889281169231659,0.17328517954033948,0.2703717491956117,0.7094487842107079,0.8917358941559863,2.922096428118381,0.0,0.0,0.0,0.0,1.0,0.0,0.0,1.0,0.0,0.0
206,0.13086768516163805,0.6016996735165231,0.7177359633681208,0.002977613609114818,0.18936414827473702,0.05114730225871239,0.3957055558162278,1.0,0.43478260869564167,0.39926219120918005,0.6248361999987704,0.5399603758342093,0.9287255765133429,0.950512577112514,0.636378484550084,0.1278869894709178,0.6782669001589284,0.8637503107681306,0.664976755211701,0.4495360758817252,0.61820800078269,0.9451655109316297,0.031581256271281166,1.8622939504743456,0.0,0.0,0.0,1.0,0.0,0.0,0.0,0.0,1.0,0.0
392,0.5882769862140959,0.1171140929161506,0.35768364507135625,0.9746694514436854,0.5186325250966345,0.97943424271643,0.3187327116968351,0.6666666666666667,0.30434782608695343,0.4495369080813566,0.5514733688614945,0.9860973874728236,0.8476124705029368,0.060564200733341234,0.36226420936976633,0.24980139604797724,0.1181884743467208,0.09391946288015923,0.3330540781641976,0.13539822417325004,0.785177396859276,0.1467149674619972,0.6912959276523898,2.8090278646361155,0.0,0.0,0.0,0.0,1.0,0.0,0.0,1.0,0.0,0.0
794,0.028662711354652037,0.910276301421363,0.8466996461426399,0.562380819023252,0.31528727185231664,0.7725391753998261,0.6319526327230875,0.6666666666666667,0.17391304347825098,0.5620484801793839,0.18833333131146462,0.9039994412726111,0.04065365196095572,0.5437626225266528,0.21790480959468958,0.10091568183643851,0.16184962697932037,0.023620572424945974,0.7170046005079249,0.8323957511704193,0.9360107786616029,0.6880464583183101,0.7102278964093933,1.2886781603057251,0.0,0.0,0.0,1.0,0.0,0.0,0.0,1.0,0.0,0.0
397,0.2947532957146597,0.9162310679628501,0.18740567257271784,0.10966299736886531,0.7565060831954705,0.32534572181978444,0.15523521055993483,0.6666666666666667,0.08695652173912549,0.7605993250350445,0.8635718845914213,0.8987327435781174,0.2337684704741383,0.39546265074450127,0.4454326273999615,0.16109884105622152,0.8421041339186677,0.5080945472739626,0.8322284159205362,0.2845442118297764,0.4789165969686109,0.08596353588972577,0.7356729481473354,1.069366036302695,1.0,0.0,0.0,0.0,0.0,0.0,1.0,0.0,0.0,0.0
766,0.18748794890778087,0.9903906200770202,0.44403114895166035,0.5125427679753287,0.6586885002657467,0.3581290304246439,0.8323996569521093,0.0,0.7391304347826093,0.8020414313441353,0.24713223770015594,0.5574406160279148,0.9131533027236647,0.9835443526443817,0.5086812217024221,0.4006347254493945,0.40102113906826364,0.1817511177715292,0.28083842913577994,0.2491036623791746,0.0007343131076664455,0.6983588323136034,0.31924788082440225,2.142023032893316,0.0,0.0,0.0,1.0,0.0,0.0,0.0,0.0,1.0,0.0
848,0.14845705977277524,0.41219195884143967,0.7673456096770619,0.2359162475616954,0.13584283645393214,0.09926791697782983,0.20158276060023927,0.0,0.043478260869562746,0.8014334778390751,0.3761898451629897,0.6741894856069743,0.06645322657791783,0.5043061214500333,0.5933568898564674,0.7281730000551967,0.28779925214532986,0.6123294972824519,0.5057104904302934,0.3415749231812386,0.30006454156961726,0.5789049207212966,0.5792444869319373,2.6600183116935736,0.0,1.0,0.0,0.0,0.0,0.0,0.0,0.0,0.0,1.0
217,0.12278206213492926,0.5641952219147509,0.9300099777068289,0.012366297294808197,0.07032790088509044,0.036893850435514686,0.6958261913092396,0.3333333333333333,0.30434782608695343,0.5766335006612309,0.9937259029496501,0.44258858326454614,0.056261820927446776,1.0,0.22740496928199175,0.7580920262899786,0.9913334920988515,0.03417788606822941,0.16921651811558558,0.956338822536974,0.707639011760974,0.5233210492751839,0.22436933333928982,0.8791948325755308,0.0,0.0,0.0,0.0,1.0,0.0,1.0,0.0,0.0,0.0
4,0.0931425235927732,0.6324577706463842,0.11356832471053407,0.08394212437287994,0.5381191832662865,0.04289899085863064,0.06059588097991174,0.6666666666666667,0.5652173913043441,0.7796256194990077,0.00467843817225444,0.58747144389016,0.8676615437128291,0.9364594836813946,0.0007778262731336083,0.9165191661752781,0.478972034326936,0.665094882475494,0.10164296820669802,0.21028732931981395,0.4608878272648306,0.514325932376359,0.4146436405157348,1.523772414619362,0.0,0.0,0.0,1.0,0.0,1.0,0.0,0.0,0.0,0.0
768,0.10962973352443639,0.1321683035992569,0.8412032615479144,0.6622240737420605,0.2136781490856955,0.3512662984844243,0.8200686563156594,0.6666666666666667,0.08695652173912549,0.5676619610790418,0.6927956145257272,0.1419966026187897,0.6775700266152855,0.346898994204351,0.15806388042195227,0.33943061018080867,0.18744134876959606,0.6847771725628875,0.6057230604703154,0.5216869491920832,0.9919452200023179,0.27491203285667587,0.16097175856088594,2.3436631290594145,0.0,0.0,0.0,1.0,0.0,0.0,0.0,0.0,0.0,1.0
642,0.04783245064852659,0.46822622841574,0.574066081691152,0.8161977322081064,0.473415071789432,0.7845946646366875,0.2058620195943845,0.6666666666666667,0.6086956521739069,0.0566750850700698,0.8951724438689113,0.6775688329228726,0.6171363934536302,0.9138603711717737,0.7749436993516862,0.002615238476031845,0.18803497237129418,0.42882099962983633,0.3857769740225337,0.7258428179060722,0.5716371824942106,0.5726125842465647,0.32606374959229245,3.2741867172068853,0.0,1.0,0.0,0.0,0.0,0.0,1.0,0.0,0.0,0.0
929,0.7354616716459673,0.4391414347100876,0.6968867609715368,0.910417758736257,0.2861124740817341,0.044982205173235756,0.9752189499903301,1.0,0.13043478260868824,0.351792224284737,0.50693596340318,0.04856442794007798,0.9443068096374074,0.5288736481085242,0.5440226708832117,0.6117829378243242,0.3490882613330697,0.9599441959586907,0.1264475976007174,0.13855856417223064,0.6649681600047852,0.11624522453610653,0.8958667023955045,4.311468578855442,0.0,1.0,0.0,0.0,0.0,0.0,0.0,0.0,0.0,1.0
612,0.9706479152489825,0.7721775503817642,0.4917618169667259,0.6151407794998859,0.6750622826661224,0.2864607278478422,0.5095396659115966,0.0,0.5217391304347814,0.6459125716405794,0.6321356298794005,0.4665627277752246,0.8888671043840966,0.15913164437691588,0.9157273854026906,0.8487504174110758,0.055510949178560365,0.7151271494528533,0.9832701572755891,0.7912358492069188,0.20769266427291697,0.17266699676342429,0.9770397509288367,3.3256722069431213,0.0,1.0,0.0,0.0,0.0,0.0,1.0,0.0,0.0,0.0
738,0.3937307043384469,0.5313568213810042,0.7063317174587698,0.7961346362994437,0.13043684635389996,0.9149853639284038,0.7928071728299703,1.0,0.6956521739130324,0.7889923048035197,0.6211926409661914,0.5962871239607499,0.16102534024747134,0.03613002640366772,0.8998610229366724,0.16216673078356214,0.1842326087762432,0.031370488713954425,0.9420254801472216,0.13615689255992763,0.475117437073158,0.35469816146800837,0.4525714969178822,0.8083287327062691,1.0,0.0,0.0,0.0,0.0,0.0,0.0,0.0,1.0,0.0
546,0.3921743305220132,0.24067235009164445,0.9704438016156556,0.4800298298760485,0.9802739005322684,0.9726254354927937,0.03514458931904596,1.0,0.6956521739130324,0.7497121492831222,0.6737263102350557,0.7909751291916953,0.31218324872100933,0.009300706273747822,0.6770142207785745,0.4190734443641815,0.21000377963533162,0.31934282224552146,0.6018675310683688,0.4681292225961913,0.6115226912752955,0.3397645142353659,0.6008005572440307,1.3963719053323873,1.0,0.0,0.0,0.0,0.0,0.0,0.0,1.0,0.0,0.0
725,0.039931017256262025,0.05475126564352506,0.7405645863260735,0.799698602269603,0.33608801534782107,0.8824176233442698,0.3893779658326665,1.0,0.13043478260868824,0.9303120111013067,0.8046290103611772,0.03725136942910323,0.38433202324922344,0.43508681506566094,0.8979070926354173,0.061656914000777885,0.6061984414296435,0.9123730305675282,0.796955410787904,0.4882302442787141,0.5979819413443387,0.46003162779161966,0.7178931668120461,1.9526325481553144,0.0,0.0,0.0,1.0,0.0,0.0,0.0,1.0,0.0,0.0
683,0.4530110118381675,0.2876516382502662,0.5819055066258929,0.48700384966541954,0.7371184789217521,0.5842586290957823,0.8248086979384233,0.3333333333333333,0.2608695652173907,0.870074574607987,0.28716340819054015,0.4126166400569738,0.9817844794349306,0.9350595134783328,0.13687167288368837,0.13976556551480446,0.4376738441824861,0.5980327229519936,0.7914558863365824,0.8751685672410805,0.5059061143643779,0.7921455152305301,0.7175948073339589,2.276440592041309,0.0,0.0,0.0,1.0,0.0,0.0,0.0,0.0,0.0,1.0
98,0.11702190106976296,0.8609955451270571,0.12163427048723363,0.25736221254445635,0.6866595721091081,0.8286624366514344,0.6385037863539825,0.3333333333333333,0.6956521739130324,0.4539757207744517,0.5552821069457062,0.728127691484733,0.9063774858899667,0.8429557103714889,0.2622570451735835,0.77290886668156,0.8825613055872874,0.7248725732839595,0.8029237940117671,0.398632995314916,0.5044172973402119,0.5207892154411322,0.6710167756896974,3.0289553487587613,0.0,0.0,1.0,0.0,0.0,0.0,1.0,0.0,0.0,0.0
804,0.12505944726294127,0.6749719450283694,0.11670401118916623,0.019526251051293818,0.8148362167732627,0.5088081509006663,0.8853488420031463,0.0,0.8260869565217348,0.7859408813038584,0.22126061351353266,0.918386181735249,0.35287157620486054,0.40262681642900355,0.7038728645406738,0.7765251979794958,0.6659930393732454,0.343830514568529,0.5826349305055687,0.5299490362702666,0.91065205972604,0.8785926700193318,0.7979476764046021,1.031478941209385,1.0,0.0,0.0,0.0,0.0,0.0,0.0,1.0,0.0,0.0
727,0.06443450943724105,0.8655308322046661,0.1344018900472514,0.2485849948989924,0.2586720121177136,0.32218049579139557,0.2749609751960725,1.0,0.4782608695652186,0.36046336897565684,0.24775552977970344,0.376145856152229,0.5773383764133434,0.6240284254066428,0.576349234072547,0.5153258419475604,0.3790127146011928,0.9746284917236976,0.24167913494304682,0.006076091915605514,0.7604264761267188,0.2655777864097375,0.3958934732815279,3.17083733239274,0.0,1.0,0.0,0.0,0.0,0.0,1.0,0.0,0.0,0.0
573,0.7690312808604963,0.8370123612713122,0.8268102801246329,0.44564000237383683,0.3637091475411045,0.8635404540569045,0.6065225101151471,1.0,0.6956521739130324,0.40172324173682883,0.7175845235525622,0.6378433827156407,0.6302519553373748,0.741405333000651,0.10882222330950811,0.5181152420769659,0.491890885754825,0.17354221616392412,0.8639915110794609,0.7097701243317844,0.09848664288233505,0.741758047054484,0.713671214181649,1.9372878356774224,0.0,0.0,0.0,0.0,1.0,1.0,0.0,0.0,0.0,0.0
406,0.28327828560295565,0.9649128008012101,0.5550112350939445,0.515892883638647,0.919409632767019,0.35436919113259985,0.9626621859584052,0.6666666666666667,0.956521739130423,0.18910452867634178,0.4882773166871359,0.02945641451616976,0.9428736845447319,0.9255764945755469,0.08909672643254987,0.24555453246274705,0.2651547019333265,0.8412946227213549,0.31535526942002523,0.350749264251625,0.09302169957649789,0.5310143123682258,0.10069856972958477,2.9453947244012557,0.0,0.0,0.0,0.0,1.0,0.0,0.0,1.0,0.0,0.0
502,0.9217860014620703,0.37080028408387167,0.950943501247516,0.0,0.6178961617411448,0.11190585784679091,0.5793637062570766,0.6666666666666667,0.8260869565217348,0.16189558776260723,0.6301747310203756,0.6661583414620671,0.877958465942686,0.1881874386452065,0.03910341267882103,0.771058695429133,0.15215586047478824,0.01379386478973993,0.44792454413457655,0.7712275932184586,0.4970325473788796,0.7024156953824182,0.39666446128808464,1.2663551575351315,0.0,0.0,0.0,0.0,1.0,0.0,0.0,0.0,1.0,0.0
47,0.287707378248937,0.7784865496274401,0.546092030680071,0.6426762471336419,0.2644715244767497,0.8313789853742499,0.0957462726624871,0.3333333333333333,0.17391304347825098,0.983291694977642,0.40655619380189106,0.8522461713186111,0.15762352184060385,0.3144210625373811,0.37422654135655997,0.9880412939636409,0.7059807513221489,0.21736521887491772,0.1132459370875612,0.8467197868746008,0.22582978116146132,0.7697809449355393,0.7385479546816409,2.645541004731291,0.0,0.0,1.0,0.0,0.0,0.0,1.0,0.0,0.0,0.0
32,0.32528460928153835,0.5089736676886824,0.3432626694060779,0.25356152150394395,0.640224378593952,0.045470307351701156,0.12413718626394397,0.6666666666666667,0.043478260869562746,0.5672222544573585,0.3960940735908412,0.048610172756983705,0.43302557847240786,0.08515147206194865,0.8045241391480376,0.48244930116353224,0.5030514305404215,0.5490182514999118,0.0663339836920942,0.14400721614589854,0.6635875273282427,0.8044801579468105,0.47922111430704956,3.26155735976946,0.0,0.0,1.0,0.0,0.0,0.0,1.0,0.0,0.0,0.0
779,0.8560805028396955,0.467646639458949,0.13295513203295883,0.9623776792502289,0.6553590692150612,0.08675837370206169,0.7231396478383656,0.0,0.6521739130434696,0.23778757234145995,0.8145090833473823,0.23440567678633478,0.2110258983221987,0.43640389927364376,0.9554472449822176,0.8010704630535637,0.784899887880339,0.9363366340076333,0.21385508375071183,0.8843970561191137,0.6746356247850925,0.05451810203510413,0.6645352387454588,1.2612136841471355,1.0,0.0,0.0,0.0,0.0,0.0,0.0,1.0,0.0,0.0
839,0.5144448989336387,0.7337525040189646,0.0430979779750329,0.2826858958145022,0.15527031314305095,0.19781472771880831,0.8961830753155525,0.0,0.43478260869564167,0.6978764770219751,0.9658811521566073,0.9991665379350463,0.8018421856206687,0.09163269307837954,0.22543720424345562,0.3010019740218284,0.6660811300972852,0.3940355758984718,0.11441116834439105,0.999684194068577,0.5915668506786232,0.21079318366931654,0.5948941621875035,2.545533484497142,0.0,0.0,0.0,0.0,1.0,0.0,0.0,1.0,0.0,0.0
200,0.7778272503860383,0.5665232891826985,0.1163560740959873,0.7618050379319349,0.20437203858199626,0.2568074949202181,0.5059578548428201,1.0,0.0,0.021021110363278916,0.15912243150152705,0.6336286326765226,0.9298675359680892,0.548884317509305,0.5676226655691987,0.07952876811007314,0.653747709904914,0.4815588105349131,0.6808163093063098,0.6658384443312995,0.5690332476213333,0.5080499040455189,0.48942957501169365,3.7034284398623623,0.0,1.0,0.0,0.0,0.0,0.0,0.0,0.0,1.0,0.0
134,0.59094014581419,0.9772171799993589,0.503181253414658,0.7216166000782279,0.5089907243935589,0.8753447421722049,0.32907252676125953,0.6666666666666667,0.6521739130434696,0.2589982025908537,0.021748841522604034,0.09769863796341388,0.7644147376613916,0.8706756214636255,0.27916263722364665,0.6880756627642737,0.6675512174559599,0.441975128956553,0.8453033751235148,0.5863458596261418,0.5558280684569401,0.8149561339687743,0.3363114191457823,2.9280688792409424,0.0,0.0,0.0,0.0,1.0,0.0,0.0,1.0,0.0,0.0
27,0.04266150111491862,0.36621842555620854,0.37637890861942375,0.8600988247789465,0.6627982224046501,0.32174914301499274,0.11647960352085211,0.6666666666666667,0.6956521739130324,0.7331981651048924,0.8270291165490348,0.7622857101644787,0.8613989972137656,0.6463022202085554,0.06715913834221429,0.475123840093747,0.15417381669489116,0.06769417051213727,0.5308484438326151,0.4808267295707128,0.018785773267409822,0.24176900755469055,0.22909613926756145,1.17573311833526,1.0,0.0,0.0,0.0,0.0,1.0,0.0,0.0,0.0,0.0
880,0.4087769281453205,0.5055385675565424,0.15969182260123582,0.7177205031736195,0.1489885647789977,0.3111784431500572,0.06253052827557869,0.3333333333333333,1.0,0.7255234712272134,0.2344768805001843,0.04605865133126236,0.3603199451653241,0.876843209248713,0.3424502460271269,0.2716430979640707,0.2105063157650453,0.6310072072173045,0.19730752340376034,0.5069677406560739,0.7730700157724791,0.5783273438667611,0.9393648229238778,4.242031365537248,0.0,1.0,0.0,0.0,0.0,0.0,0.0,1.0,0.0,0.0
230,0.13940323091451445,0.2148952350655985,0.3374279123074258,0.43924951898671494,0.9764574973053567,0.8009268124008255,0.9083326213815389,0.6666666666666667,0.8695652173912976,0.2312703980100566,0.06201586725975938,0.2355874060990369,0.16936907025247344,0.7441822874809068,0.5345365802345382,0.00022174834669330679,0.8880916598246114,0.22108594567956408,0.26008306696838784,0.8495551058414446,0.7720569852082491,0.36904031654838243,0.6171519795617373,0.9555050692399052,1.0,0.0,0.0,0.0,0.0,0.0,1.0,0.0,0.0,0.0
489,0.5657429267160273,0.4755640443279777,0.6079692571637638,0.49834689357240947,0.5333398381106179,0.7464458290736287,0.9915810472373123,0.3333333333333333,0.7826086956521721,0.712299565796596,0.9051254444726309,0.8019773182225465,0.7212675700136625,0.342296690694462,0.049131359028202454,0.3508049344866997,0.37087845143501463,0.26212108568412784,0.7441962832382429,0.8925454035123201,0.6050814931792563,0.788790902208909,0.3755648658412543,1.3285848978904422,1.0,0.0,0.0,0.0,0.0,0.0,1.0,0.0,0.0,0.0
772,0.5902185011995463,0.6310854601907706,0.8876602038758177,0.6808812561400399,0.003479029165943892,0.2422723686777078,0.46468716473874344,0.3333333333333333,0.8260869565217348,0.6825753085724451,0.7211373837780721,0.4956943387053058,0.12297697065944307,0.435982853733653,0.350446493062211,0.9369476091869058,0.6459424650595819,0.6110699240455373,0.22112794174690964,0.8311353924467785,0.8430460626526622,0.8827488842687714,0.8502920813043373,3.195350119499894,0.0,0.0,1.0,0.0,0.0,1.0,0.0,0.0,0.0,0.0
378,0.38290170222562636,0.6344115345394078,0.1315154197557608,0.45484391825864934,0.896444817911949,0.21581384007864007,0.2912350202868071,0.6666666666666667,0.3913043478260789,0.4107153382147153,0.3330524839873642,0.18131140772733811,0.13892149875971688,0.07320844045919928,0.29022334054384114,0.2337901353731331,0.341818476887659,0.05066666100056194,0.5643219928278731,0.9487050820265537,0.15452189177489808,0.6174594964977219,0.16408377936732066,2.744070337548341,0.0,1.0,0.0,0.0,0.0,1.0,0.0,0.0,0.0,0.0
288,0.5236343539773233,0.4510224532056345,0.1977436194652376,0.08964023310903489,0.9945572302672568,0.3067420138506533,0.33438939447313654,1.0,0.7391304347826093,0.35054230383658047,0.40235875604265686,0.706368869028094,0.22368265396985537,0.9685203163722795,0.37174509005781065,0.1432182704633962,0.032039822207056035,0.06198032857359853,0.9702706926555877,0.052847257219646365,0.954363681648506,0.7706992392768854,0.7702894981854247,2.720329144897596,0.0,1.0,0.0,0.0,0.0,0.0,0.0,0.0,0.0,1.0
418,0.1973912788837947,0.8993893137801899,0.06488226130552838,0.056730621158427,0.001310685591344396,0.14701909606679336,0.87840186928834,0.3333333333333333,0.3478260869565162,0.33499686374571797,0.5262209660533845,0.3498887429020427,0.1759947302876414,0.1986654172442622,0.37305751025292133,0.6329466114765183,0.3519330806760631,0.8767209562002343,0.5054691933431998,0.9502418979341147,0.795542488546589,0.2411532692222157,0.9509188813180052,2.7587361805733184,0.0,1.0,0.0,0.0,0.0,0.0,0.0,0.0,1.0,0.0
674,0.595246660439192,0.781176431959406,0.5812198993295468,0.791006898698393,0.6599909449238316,0.5159531052553004,0.6832494092976051,1.0,0.2608695652173907,0.12706650268669828,0.3999179006108129,0.7346622488531822,0.16319254788792315,0.4483973918865447,0.2688083003779671,0.8549587730925121,0.3128880731103648,0.12872367198311402,0.11865481010981677,0.6777897631065314,0.8862802552640908,0.10699173429269587,0.36757788715874234,2.853336322946611,0.0,1.0,0.0,0.0,0.0,0.0,0.0,0.0,0.0,1.0
391,0.12094602913183461,0.8378760113079337,0.75587542680754,0.6988532153860759,0.7602905876400271,0.3874629598502272,0.6261667861152329,1.0,0.6086956521739069,0.43669718925633144,0.8449895288253986,0.306100608007485,0.6182299893588941,0.6509905024029005,0.2524435590102374,0.705845967436749,0.18598226751116398,0.25749323313566796,0.9682551237220853,0.8278694334634565,0.010332134714779256,0.394710277171617,0.808522636074873,2.15818190377188,0.0,0.0,0.0,0.0,1.0,0.0,1.0,0.0,0.0,0.0
592,0.3069553127351048,0.9498165708464893,0.6520228926608216,0.8063428044128277,0.7297767605703883,0.5848247088788276,0.43477494629117447,0.6666666666666667,0.043478260869562746,0.876109479495956,0.913745540964982,0.5679254337892752,0.5583223081025094,0.37996433114328443,0.6973330565496677,0.7018922679137996,0.0735092098890705,0.869640757769335,0.9252181962268529,0.03928432294747847,0.16092512037199921,0.38826351086561794,0.8023511058192205,1.3783521348832832,1.0,0.0,0.0,0.0,0.0,0.0,0.0,0.0,1.0,0.0
498,0.36019087772308056,0.347536080386604,0.8194618311072335,0.39188349877027573,0.8563061621098492,0.02252480037785015,0.37400995902095274,1.0,0.5652173913043441,0.5592011427888826,0.9777781305591373,0.7806674872582786,0.5585894108089632,0.07843455591639054,0.008842196084010684,0.169389157861787,0.4460971054601074,0.3419195002561872,0.38431851785747995,0.9857949993171549,0.8598447054422517,0.624182503990104,0.057470895091912874,2.4285383518314823,0.0,0.0,0.0,0.0,1.0,0.0,0.0,1.0,0.0,0.0
138,0.7831690084299293,0.05095630104269799,0.7645857264415825,0.7772233616950083,0.7092069353314115,0.22682901987688614,0.18292810373988477,0.0,0.3913043478260789,0.7737244756679604,0.31305946522779654,0.2224502739876651,0.8405365847915848,0.8767288607845103,0.26585322691651025,0.8179759659729222,0.697283116689934,0.6421640672892768,0.6323828639431799,0.6204272276264629,0.7404988647322154,0.11657469572657453,0.8450729737942804,1.1368982163018946,1.0,0.0,0.0,0.0,0.0,1.0,0.0,0.0,0.0,0.0
62,0.5652059899856497,0.25486773469855806,0.5030252870640664,0.24413464916750613,0.16081941314556825,0.3016509808155103,0.15423641998412635,0.6666666666666667,0.7826086956521721,0.5465663027161994,0.47640487314414803,0.19240887090066278,0.28243898962294284,0.05666342290968676,0.09967069518518765,0.6946251353704151,0.48495792481847977,0.840551381024135,0.2519456045460861,0.7105979167710673,0.8370850486901034,0.3491895505146807,0.16847518559315366,3.307760157788635,0.0,1.0,0.0,0.0,0.0,0.0,1.0,0.0,0.0,0.0
471,0.47394437797442623,0.1875905907854446,0.8642680622730206,0.4470346093359221,0.27802721451635104,0.062012012638518466,0.6073366943885622,1.0,0.3913043478260789,0.8060139074972339,0.09326312824614119,0.19880904493117768,0.08569429513167842,0.08457438675316292,0.5226895462330915,0.15521840897446282,0.10845974686055099,0.4184317626113041,0.3531149323607877,0.49082764469219,0.5254956486843981,0.26053953303571087,0.2591896466183468,3.291180387547554,0.0,1.0,0.0,0.0,0.0,0.0,1.0,0.0,0.0,0.0
647,0.5144912878955717,0.7964152395228313,0.7986920048849793,0.38917169782359495,0.21440940603336955,0.08038639005789089,0.025309603113583948,1.0,0.2608695652173907,0.24826388679478797,0.4990139858717837,0.4450601032344485,0.3457611982483832,0.8461286490024672,0.1613281649445982,0.5975461878538608,0.5457097056897324,0.21212458569240744,0.11483685518667974,0.7191853036334188,0.7220907821224768,0.8629966569672107,0.12700394508729107,2.8762354722181462,0.0,0.0,1.0,0.0,0.0,0.0,1.0,0.0,0.0,0.0
128,0.10238782048925787,0.6528840967936743,0.08731364413045861,0.6891046309956695,0.7984732393059942,0.9176255656419363,0.5348657371973409,0.3333333333333333,0.08695652173912549,0.6116650118122469,0.27901953820113257,0.5381650986422815,0.10297153629505351,0.8728682120379812,0.1595669176628953,0.5092401198677194,0.02365755221398097,0.031008171595320988,0.8037209711480786,0.6071713504485795,0.7566291324888434,0.09183917790030405,0.23977577794402521,1.6687320898023943,0.0,0.0,0.0,0.0,1.0,1.0,0.0,0.0,0.0,0.0
976,0.4647702549010265,0.4639123772495143,0.6533655253458397,0.054198651131418474,0.46473873916488173,0.7562784187636986,0.8210327169337283,0.3333333333333333,0.8695652173912976,0.030757839978372614,0.7089231077051227,0.32901972904762206,0.0,0.5469864809724739,0.07292059941526954,0.8722803291248113,0.45888106820439556,0.7714230596094249,0.1379995237975504,0.8947978829054316,0.982397283514621,0.9130028141212325,0.4633257857285156,2.84948110303438,0.0,1.0,0.0,0.0,0.0,0.0,0.0,0.0,1.0,0.0
520,0.8571392379635511,0.29113003098326773,0.16103359767642356,0.520857269065112,0.08395032134344049,0.4435759138864251,0.9694293159237428,1.0,0.8695652173912976,0.6204358095688493,0.9168387292027157,0.020284617387163195,0.30012810891832653,0.47691062451191046,0.12478918150377274,0.5389380332349791,0.9534635487594258,0.29581829517080105,0.8167949071124339,0.16150216450699303,0.47773039421371244,0.5072260402447121,0.06626144049910442,2.682577621929429,0.0,1.0,0.0,0.0,0.0,0.0,0.0,0.0,0.0,1.0
838,0.41893094955039645,0.7695679261237599,0.37023213394676785,0.7953660908830374,0.12219267246782495,0.47333163757501046,0.9838472227707513,0.0,0.30434782608695343,0.1742247101837893,0.8507096453827583,0.9761617831027796,0.023667161290619798,0.03860082505444615,0.17857158722273633,0.0333283370954196,0.33940935035359965,0.07847461909103687,0.47881636877446726,0.11504985920014502,0.3963046656276634,0.6522253712200858,0.7189352917727974,1.7216995891596336,0.0,0.0,0.0,1.0,0.0,0.0,0.0,0.0,1.0,0.0
962,0.1308001565438638,0.5719505677229032,0.09838059922528303,0.6950132217833286,0.48602101224130734,0.4975826742109724,0.5764903766881737,0.3333333333333333,0.13043478260868824,0.7098665086584842,0.13958921003706132,0.008453454723219345,0.7654189142263691,0.12689511690799363,0.88153172608248,0.27732226625750833,0.5054204234265286,0.8441444510978107,0.3675866016625951,0.7143385495541815,0.16110276245368724,0.6240387639243946,0.2496281170786916,1.7470649680231334,1.0,0.0,0.0,0.0,0.0,0.0,0.0,0.0,0.0,1.0
64,0.6348364001377745,0.32032375980466277,0.4223488782688278,0.37374050002046666,0.1179939371894444,0.9228631236759379,0.3322968876810784,0.3333333333333333,0.21739130434782794,0.94440395924124,0.1918456417879445,0.3955527597815847,0.263977837503597,0.2137871630408502,0.42849854038976165,0.5049009761734946,0.2955320293087267,0.28730782279512157,0.9504612719717758,0.10101365064791332,0.3739254046347178,0.6766257819782524,0.2159502736118455,2.958675082280099,0.0,1.0,0.0,0.0,0.0,0.0,0.0,0.0,1.0,0.0
812,0.9939670112530347,0.7432027364223163,0.6930973188627749,0.5641252951296609,0.5073973246874345,0.679425903505454,0.33797243632852597,0.0,0.3913043478260789,0.5891355775567736,0.6286256903585485,0.5581332990898997,0.6885112948425519,0.02747309730813878,0.9632264784635449,0.8188666980639949,0.12100256089434386,0.7788862078882426,0.5063082915510582,0.4938672004088742,0.5784484011487409,0.18505082030193865,0.5676136534723659,3.023557605663039,0.0,0.0,1.0,0.0,0.0,0.0,0.0,1.0,0.0,0.0
14,0.4431242518573192,0.34257064203937737,0.41301657224022564,0.27830700675984876,0.5649062518642308,0.19633865811010104,0.12017289944585653,0.0,0.6956521739130324,0.0011741287808047507,0.9750280777258844,0.4216083321103709,0.8906676815877321,0.9054213973385735,0.20517963752369509,0.4564083932115959,0.13302333104323233,0.8146076408216094,0.5555821028634296,0.41265886101605453,0.7178799643993832,0.8538044674328368,0.9585656105584863,3.3254528410287176,0.0,0.0,0.0,0.0,1.0,0.0,0.0,0.0,0.0,1.0
156,0.2805979268845923,0.05234577190607215,0.09549277873331868,0.06967700529401835,0.907869458835301,0.3244009874964859,0.451269188442917,0.3333333333333333,0.7391304347826093,0.8759491999524014,0.4597068036371798,0.5381570251987027,0.5578508461131328,0.690258051978333,0.7478755749522129,0.9128846871919056,0.9923530293422396,0.548302447351191,0.7342455257010021,0.6947965016602045,0.8225852607972322,0.8965386517893605,0.676647108094989,1.162218271979954,1.0,0.0,0.0,0.0,0.0,0.0,1.0,0.0,0.0,0.0
40,0.4368486152639003,0.09130508149702521,0.28303922320340685,0.37954514553279384,0.4419988607951547,0.24020993622846293,0.4533098900513001,0.6666666666666667,0.9130434782608603,0.17035121344049944,0.10726137120250606,0.4141373441393173,0.22155384166094516,0.3856863780980614,0.4493483558383894,0.8340747319539088,0.07255501922592228,0.8552181476810148,0.41032697697492443,0.18327718838877707,0.39794169133324353,0.477142270179718,0.4030146179096035,1.107842897669208,1.0,0.0,0.0,0.0,0.0,0.0,0.0,1.0,0.0,0.0
492,0.6525889199148062,0.6483761471148312,0.04839736085115748,0.8563764412435192,0.996408055812957,0.236602051334948,0.8495002408233853,0.0,0.0,0.4057446080968712,0.8851597970862084,0.01913017768516656,0.7170873142807802,0.9249319155620737,0.14714372535868495,0.7435857424926628,0.9363602685574015,0.03293492662371433,0.4001802237141653,0.8006263548866014,0.7938767670078528,0.23455639924442356,0.6153886205440522,2.1061664117271306,0.0,0.0,0.0,0.0,1.0,0.0,0.0,0.0,1.0,0.0
379,0.7300063420509587,0.4289778951362314,0.6934524066260392,0.9548036071221784,0.02531391143612316,0.8297789574045595,0.4628202035642443,0.6666666666666667,0.3478260869565162,0.42463265743249,0.1687078900871335,0.301385899480248,0.21562207034259545,0.8291652062203038,0.10092992858636121,0.30936136176396856,0.25201872985236057,0.2957490243453623,0.7924034046403883,0.037662221816039454,0.16632204076199655,0.5071431489971284,0.06793354300126636,1.1293422534357267,1.0,0.0,0.0,0.0,0.0,0.0,1.0,0.0,0.0,0.0
187,0.09343246084939116,0.9909566290510491,0.5833901188894006,0.8644984206452324,0.13315081660353167,0.5305694054705394,0.2623581079769546,1.0,0.8260869565217348,0.414834764878053,0.6070203108597055,0.14593638140037435,0.8493106723526603,0.49629638761561223,0.7849208347327846,0.4287117743283466,0.6069818674723609,0.002064660213092262,0.5711716400158586,0.6462209728513583,0.3609240521676025,0.4955091304796415,0.5260743656346567,1.319981028586508,1.0,0.0,0.0,0.0,0.0,0.0,1.0,0.0,0.0,0.0
763,0.13726445346055594,0.08958090234316696,0.31409914552817014,0.24835439200883516,0.5070119940134171,0.9327872249392208,0.678080571993492,0.3333333333333333,0.0,0.6687714027229255,0.2892117920027564,0.9117930212990966,0.49613666903837284,0.6965195969103432,0.44879316192282026,0.014797627799410407,0.5992867095286754,0.9214045945351119,0.06990563864348398,0.017666490687672926,0.3637264578697673,0.8506757808512484,0.22089576651001663,2.1739729129220877,0.0,0.0,0.0,0.0,1.0,1.0,0.0,0.0,0.0,0.0
216,0.13010158842420005,0.31457591225099224,0.11168239464855051,0.35459696764719406,0.6788818536770486,0.37487156196182375,0.5334505528747044,0.0,0.3913043478260789,0.856403965120555,0.9822442160603768,0.637497015774035,0.17596197215773546,0.6861342586925844,0.9453059720931232,0.5213992100310558,0.636842677294803,0.9308128558458217,0.5767117165580613,0.01333573167114055,0.5515561324190775,0.8097697162230132,0.3251885101912404,2.040972979673357,0.0,0.0,0.0,0.0,1.0,1.0,0.0,0.0,0.0,0.0
791,0.4136734657676554,0.307483981388068,0.0726732085243541,0.32452859146100477,0.01591911463926432,0.6911460087516168,0.32691460839787573,1.0,0.6521739130434696,0.8595596170825145,0.11721428639150555,0.46424295236376606,0.8031757013118789,0.002242744888875811,0.031305406803234986,0.8925807103501584,0.352288230819647,0.40609827178142344,0.26688830290461396,0.7525128962922468,0.714175702881202,0.5283901869736177,0.34896482116269684,3.396320019106961,0.0,1.0,0.0,0.0,0.0,0.0,0.0,0.0,1.0,0.0
52,0.7873670936009479,0.2749353401237137,0.45129771941422975,0.6486058432680273,0.5469026030908138,0.5587191643911176,0.8494121891197636,0.3333333333333333,0.5652173913043441,0.9137154173203037,0.9201681875130097,0.6126030428269025,0.47700650817728785,0.4300278145290921,0.44815890650474777,0.5870971709142556,0.09005331924932924,0.458331208903518,0.9885936690657435,0.8429146199868693,0.4561460210159025,0.28178984886699204,0.13988435007555242,1.2072013842557394,1.0,0.0,0.0,0.0,0.0,1.0,0.0,0.0,0.0,0.0
878,0.6088038030249715,0.5473644655106865,0.5280838993482844,0.019361500584851983,0.38704323712228705,0.7129849875432166,0.6780648258849874,0.3333333333333333,0.08695652173912549,0.1720216689414499,0.17194782026592376,0.6258697802312143,0.15599883108891827,0.5675825383774232,0.5360117733274121,0.9685164484257687,0.7403694024808287,0.9537830740041953,0.7102218624221948,0.5485308324023691,0.9486700669214957,0.8377194237251981,0.3975396485818613,0.7879949764226076,1.0,0.0,0.0,0.0,0.0,0.0,0.0,0.0,1.0,0.0
337,0.7260277939736713,0.594405915313235,0.36808535911273504,0.8835743597886313,0.02405074357473269,0.6662410969221195,0.33683356293913214,0.6666666666666667,0.6521739130434696,0.10914139135639372,0.5468571879387012,0.02977226861835902,0.7225496160823129,0.1573621615010564,0.4725892261812922,0.704812509249142,0.2279752248793257,0.20132672518306144,0.5460142356745143,0.8435382849286495,0.3654405887487976,0.8739461258952914,0.15135296838446613,2.504117163091364,0.0,0.0,0.0,0.0,1.0,0.0,0.0,0.0,1.0,0.0
748,0.781010324309655,0.47613732097531114,0.49596380209665,0.30931097978429356,0.8690117220347163,0.9696934496299066,0.45545574995974586,0.3333333333333333,0.4782608695652186,0.7827345180723593,0.8381295163875524,0.28549487538101265,0.6136750572427064,0.047122458473145196,0.18704119371025016,0.22382502411646543,0.5272450027067881,0.8737552334942595,0.3982006468521266,0.5725911829406879,0.5574741888014315,0.4605230174442989,0.9948177804422362,1.0151054754487328,1.0,0.0,0.0,0.0,0.0,0.0,0.0,1.0,0.0,0.0
719,0.9561513732765087,0.8299870236885875,0.5556219466038932,0.47515111590779824,0.14787284136281864,0.09949229079821081,0.4494442070854519,0.6666666666666667,0.7391304347826093,0.03878706043373725,0.003743096773569987,0.7219793736573419,0.0450743945671028,0.008812064121643079,0.4712702377820194,0.6008927350206519,0.47278618332530753,0.7034045443533434,0.13142790402794896,0.2175468962016405,0.451709974973012,0.971270435900579,0.8111660411782076,0.9371851351073908,1.0,0.0,0.0,0.0,0.0,0.0,1.0,0.0,0.0,0.0
724,0.10198668314340031,0.49562995829175505,0.1657806406247745,0.8200959560109279,0.06931795451914591,0.8011286170940721,0.42392247847338743,0.6666666666666667,0.6956521739130324,0.5089770325217035,0.6047313677226374,0.35447931484813483,0.1139626290382724,0.8597399296891929,0.4232739567208308,0.9539712456251572,0.6214772725097555,0.8143676105404798,0.6966628480216368,0.6445947212117565,0.28229142314339584,0.311230699743944,0.84585090079042,3.1053295116067963,0.0,1.0,0.0,0.0,0.0,0.0,0.0,0.0,1.0,0.0
295,0.9033426946136497,0.37848918355553585,0.03693888004000734,0.9668470717700829,0.4025241947517072,0.5837026239535814,0.7963152086509806,1.0,0.3913043478260789,0.41667450537465034,0.3900980025048363,0.7689913395118642,0.6693380500791982,0.33719757426046204,0.502312667042257,0.6422447903688902,0.56724991695851,0.01607282774218577,0.454811819067312,0.1800109788417448,0.0475754028655018,0.7344435204841739,0.06701633155679197,1.4419032471156594,0.0,0.0,0.0,1.0,0.0,0.0,1.0,0.0,0.0,0.0
701,0.32194448942795784,0.984746625289454,0.5317972512662474,0.24372107538191942,0.4439778265659492,0.09636886280991969,0.6231487454559038,0.0,0.5652173913043441,0.5520010271727844,0.1116364176937315,0.7397917922732549,0.6129436502562355,0.7080351426235593,0.7417548802169301,0.9313723509160363,0.34431832145475416,0.5914296958428298,0.8114578963493497,0.5018027768623645,0.41415623614997155,0.32920297234075346,0.027022105953123585,1.969343683322539,0.0,0.0,0.0,1.0,0.0,1.0,0.0,0.0,0.0,0.0
251,0.8681051853183969,0.10700157518933673,0.7717132229491415,0.5530528260056297,0.14908730880879895,0.06121947157727309,0.20448683657561478,1.0,0.043478260869562746,0.13819576240664827,0.3404086715532285,0.34371463389083196,0.09320221959919944,0.04886658154979878,0.725820648527082,0.6633948363348705,0.41319284347325913,0.07792098640710737,0.4437027727419202,0.17665076633365576,0.23588445781071685,0.6928646000648566,0.08628791828418167,0.925362682349118,1.0,0.0,0.0,0.0,0.0,0.0,0.0,0.0,0.0,1.0
726,0.24535574749104172,0.34813899030482187,0.7846043542331096,0.9624308389925249,0.8043249692244686,0.6508675793854002,0.03418547254765346,0.3333333333333333,0.9130434782608603,0.9956139629397017,0.23725182711120502,0.4752917220786376,0.9579062142057084,0.310621036775069,0.8605372358239036,0.5187881416003823,0.7993641508788669,0.20144771577526976,0.7577196440397951,0.36271531516130695,0.4014594701535187,0.08479840198294461,0.48167503247965665,3.6808478409385663,0.0,1.0,0.0,0.0,0.0,0.0,0.0,0.0,1.0,0.0
461,0.1442041063726981,0.5405508430573819,0.6785953443057953,0.7898901336606617,0.4143299769638019,0.10988029875835054,0.7390904284753318,0.3333333333333333,0.6521739130434696,0.6587054662613718,0.02113515130340038,0.7553574946842418,0.6284181659697867,0.9062056714179006,0.9912062329168492,0.6707887659399039,0.5621513168598318,0.552353310735763,0.8558252001682953,0.18818548268945381,0.7261644590352062,0.6158496730357004,0.33013828510203536,2.755485378478652,0.0,0.0,0.0,0.0,1.0,0.0,0.0,0.0,1.0,0.0
455,0.18268898919704846,0.09015920413512868,0.5365803531488849,0.7826068701443022,0.3337515634560879,0.5304936579857411,0.746984924048696,0.3333333333333333,0.2608695652173907,0.07835642806983262,0.13398115575843617,0.24095933307862044,0.33008825797104535,0.795860559102231,0.23875422182315384,0.42789753231431815,0.6424029862636572,0.911902246329348,0.5006531988402712,0.8436963738032339,0.9905011772581153,0.1186564092772891,0.38440394117443766,2.09795444078255,0.0,0.0,0.0,1.0,0.0,0.0,0.0,0.0,0.0,1.0
996,0.6391408907867021,0.28491616225164396,0.6545780082428645,0.09470811752664857,0.1676666290688511,0.580880644321268,0.735186972680523,0.6666666666666667,0.17391304347825098,0.8404853581599449,0.3067060065079997,0.13715222390332815,0.8938528220232473,0.4740846019104772,0.917395071821641,0.6886802418951441,0.3442698327298762,0.7672272029438396,0.893406514202091,0.286096405859842,0.019909570630901346,0.03480444048672271,0.5231781990909292,1.9831985488927923,0.0,0.0,0.0,1.0,0.0,1.0,0.0,0.0,0.0,0.0
815,0.8979803375638197,0.5458782799450174,0.5578174355255932,0.39009746299782844,0.015008375287948739,0.7944633826943146,0.1920158023172744,0.6666666666666667,0.8260869565217348,0.3141869059044299,0.17113927400396028,0.04976599792991088,0.25367308431081476,0.5397439328124691,0.21154092175404024,0.24218520137551636,0.7420346476346721,0.8503525487763226,0.9849904246091206,0.7173944653293804,0.5813053801052458,0.1282819978859548,0.7035725042029908,1.057490398039885,1.0,0.0,0.0,0.0,0.0,0.0,0.0,0.0,0.0,1.0
862,0.7833943908944477,0.9908461375924288,0.3160635187833332,0.6761015771377786,0.27084136897641176,0.6463561546340548,0.08488105053222679,0.6666666666666667,0.043478260869562746,0.857704817531779,0.05600118001413268,0.1671533273247653,0.023386495845422933,0.9357998857769594,0.9038773785281671,0.634752438537384,0.20821539718279292,0.7734414586043998,0.22737890993671678,0.08525510348466148,0.5848821190917552,0.215576455746463,0.2388974128655768,2.5786547778210416,0.0,0.0,0.0,0.0,1.0,0.0,0.0,0.0,0.0,1.0
269,0.019957429861896525,0.4936948338491528,0.8695390203542213,0.1397097534834076,0.7569270614049314,0.49040592934358535,0.027677972158284575,0.3333333333333333,0.08695652173912549,0.35048872963241,0.8727681260279496,0.6049654882726077,0.8371254266288255,0.14583724167430315,0.6128367080203333,0.18046838605210436,0.5195156010697483,0.5603233562986722,0.3322704449875495,0.41358242250857347,0.2733412427482177,0.5575017672855609,0.6119869800265698,2.173338696635176,0.0,0.0,0.0,0.0,1.0,1.0,0.0,0.0,0.0,0.0
201,0.9726635144687746,0.5509943742069073,0.9374539139550602,0.9232354907566483,0.8062819956292019,0.1714763740499729,0.49835483189190927,0.3333333333333333,1.0,0.9862152241968123,0.9631299601545311,0.4937379810181877,0.9315665351463647,0.8205790175066838,0.6401379144059465,0.687736756771764,0.3355072319131459,0.9460130353028302,0.7235469808756843,0.08136297714064236,0.2286895082456553,0.3422195134259514,0.9058573609856317,2.428518451133915,0.0,0.0,0.0,0.0,1.0,0.0,0.0,0.0,1.0,0.0
161,0.9167298882166804,0.6524544971904193,0.26337987594880424,0.9649148096298467,0.27964272089657705,0.9405049567174097,0.5619351012092465,1.0,0.2608695652173907,0.5555103889190913,0.8660779456459913,0.9757592339425778,0.06708716741008944,0.32555512721693636,0.1956514870326105,0.6496415165403406,0.6309929666295877,0.7180211519184216,0.05565566311335848,0.7757250374682809,0.7411494606521658,0.1413198631596797,0.9189404201285756,1.6373644903173592,0.0,0.0,0.0,1.0,0.0,0.0,0.0,0.0,0.0,1.0
555,0.2321132364693429,0.7634741507797159,0.692361021288034,0.799451170475395,0.7460818211751689,0.8798527671061311,0.3809100314956486,0.6666666666666667,0.8695652173912976,0.14545007972882953,0.01639710331815164,0.5465326090206644,0.3196168701675985,0.23115171246401536,0.853818579691952,0.2917277820301152,0.8585140431188127,0.3674517082156845,0.7137936210528504,0.7306097728715768,0.5225236635238101,0.8194100842803973,0.2646515153023376,3.3005989173870742,0.0,1.0,0.0,0.0,0.0,1.0,0.0,0.0,0.0,0.0
729,0.5159528577422642,0.3963522241677221,0.8931605470445234,0.757211121722904,0.4095997369821479,0.29831604149178353,0.5780482081217106,0.0,0.7391304347826093,0.36451315991949607,0.9405130472854999,0.7034541503203378,0.3589729894420352,0.6432057934877075,0.024859688697160487,0.011664850339645483,0.7310457935980684,0.2202999393513878,0.48888297033435485,0.6572173597070821,0.9823878007049313,0.32664049182042865,0.9593380194644563,3.1607847356161427,0.0,1.0,0.0,0.0,0.0,1.0,0.0,0.0,0.0,0.0
401,0.9191651215798126,0.06266716207121092,0.792191450412757,0.8348100851050592,0.7465791555578792,0.2005858760672809,0.20745179393448238,0.3333333333333333,0.13043478260868824,0.16946154539246763,0.661393793485577,0.4085355731024815,0.20642777880250324,0.8321858999281098,0.4771356411304476,0.8348563253562897,0.2920783086867419,0.1883585483982559,0.8966594783279715,0.5951999061119545,0.16867535677340442,0.03366366581843566,0.5907234055473727,2.258995432098126,0.0,0.0,1.0,0.0,0.0,0.0,0.0,1.0,0.0,0.0
702,0.15453740848901998,0.3519179259512625,0.3864386600906336,0.5741213108553297,0.34180291022872955,0.06236639869407984,0.9796938527723962,0.6666666666666667,0.6956521739130324,0.21028003849130536,0.9787254730217265,0.7264938909590648,0.5279429970990042,0.7840735848527289,0.7421709669633595,0.1527224383756911,0.5548867482330412,0.502026306639485,0.6419558165263037,0.054940779821258945,0.4765117269553424,0.9884467678905393,0.4282477950475412,3.245451997863714,0.0,0.0,1.0,0.0,0.0,1.0,0.0,0.0,0.0,0.0
476,0.42758018377323903,0.4366276536400794,0.14076708545756006,0.8270927341427848,0.5360429555597116,0.2089959956908301,0.7906081968028014,1.0,0.2608695652173907,0.7976698019704359,0.5458411562822097,0.551448710499608,0.03713257206179696,0.04619492798810762,0.5914832980659395,0.7250800122039642,0.834161671131181,0.4693883508882154,0.17525844090779807,0.25292473001046456,0.3528932221225345,0.657408875351272,0.9532331310255242,1.943898018514924,0.0,0.0,0.0,1.0,0.0,0.0,1.0,0.0,0.0,0.0
821,0.5946000527207617,0.4918332971929674,0.6786894686895995,0.6278842108592547,0.2740539853293317,0.8462963240432027,0.9368760683134103,1.0,1.0,0.4015705886591565,0.9125344736186949,0.28864595788843866,0.9421225693555331,0.22665643438373964,0.23152035454511974,0.2640462855862937,0.45507408798720606,0.8327190693449671,0.2732012860060138,0.7143286513115701,0.15778498523259074,0.20137369406842087,0.17990888139559164,3.07390318892082,0.0,0.0,0.0,0.0,1.0,0.0,0.0,0.0,1.0,0.0
771,0.5691904141126588,0.774748231334634,0.7994573215784229,0.9618044818369829,0.39688851093377187,0.8766866355467995,0.5830957993996105,1.0,0.3478260869565162,0.9737318140141745,0.7439952199588844,0.7706237588166491,0.7237938136355496,0.23310777391727314,0.47340965660919787,0.6776088530053168,0.2112799159930578,0.042107663624992575,0.8292764820139025,0.5323520935351395,0.4235599867414849,0.5505706881753202,0.36689758750113316,3.2326776293614867,0.0,0.0,1.0,0.0,0.0,0.0,1.0,0.0,0.0,0.0
105,0.7171835313337137,0.7746668386740386,0.7100071805511279,0.6762106799766675,0.09467197719684162,0.4504610196618078,0.967195595512585,0.3333333333333333,0.30434782608695343,0.025198675639113932,0.7286091481569106,0.20055004543427585,0.3380777303471812,0.2906893797418615,0.7601981739266739,0.6631507682757825,0.6107788068193518,0.9396039992482121,0.9999999999999998,0.14791503310070206,0.16839299638493418,0.32285856684940534,0.4923964936421485,3.8423985965761775,0.0,1.0,0.0,0.0,0.0,1.0,0.0,0.0,0.0,0.0
565,0.6703970202957003,0.46091819809225376,0.39466718224597624,0.8125504302295342,0.6604575517264871,0.24660007648442156,0.6905350019547305,0.0,0.5217391304347814,0.3692284310779179,0.5553470044982745,0.7059570755518876,0.29965984042660826,0.9396816895363873,0.3976677352148733,0.8536213935221459,0.7137566010703998,0.29392005690678646,0.10763422951404528,0.15581179482908053,0.8541364507155716,0.6159230976435129,0.8726278144371211,1.141109879022262,1.0,0.0,0.0,0.0,0.0,1.0,0.0,0.0,0.0,0.0
389,0.8511120657560699,0.044644969706309934,0.06938505886086238,0.2682021386410345,0.5817772997767495,0.9311416166998254,0.20140403184875172,1.0,0.21739130434782794,0.5685367537291134,0.008745211082205828,0.0702939624667775,0.818848350050323,0.3455650362477637,0.0994597231517996,0.4992256342302621,0.9262367662479689,0.43757145801999864,0.3257004854614716,0.7615978008285672,0.033657096780742884,0.6979771658623849,0.09440354838239234,2.845430498296744,0.0,0.0,1.0,0.0,0.0,0.0,0.0,1.0,0.0,0.0
1,0.4385788185907945,0.4582459175049357,0.4451589161672989,0.594186540043206,0.3566214489167271,0.6633087560274573,0.11854762406853435,0.6666666666666667,0.5217391304347814,0.9024992622470871,0.24308696099217444,0.04173590836372798,0.7299549125880143,0.8610126393264559,0.02189614954690902,0.9973840139654353,0.7047254843187871,0.812978394268359,0.06137588064435168,0.1321483997782128,0.7010697491017026,0.7897466859942559,0.5887544540877432,2.9971412112003954,0.0,0.0,0.0,0.0,1.0,1.0,0.0,0.0,0.0,0.0
937,0.11967698729801635,0.6035492071812648,0.08345577837112028,0.6492600787874215,0.7243113142966057,0.39356961600774415,0.5635591098756653,1.0,0.08695652173912549,0.016826407057456194,0.26994231023039306,0.17296101295948785,0.0951922491379418,0.36133979512871806,0.6604470559875024,0.36343882253868287,0.4190632011421347,0.0628849482395823,0.19516390904231168,0.9496696462387175,0.5851714681925089,0.15803350284518447,0.8287881114814002,2.746317484902597,0.0,1.0,0.0,0.0,0.0,1.0,0.0,0.0,0.0,0.0
982,0.7419607089671939,0.8521380934226775,0.09712455437069933,0.5813217087414524,0.31018988029587546,0.8281298010116547,0.2742401966849215,0.3333333333333333,0.8260869565217348,0.6417657704680901,0.9869243041310325,0.4638200908243481,0.4052578097643533,0.3746857294894692,0.7131783704408686,0.13376801976825092,0.6966644562017872,0.09801278424760207,0.10310420840651188,0.7414855463952833,0.4387796285049299,0.8208087598520489,0.32378278977520913,0.9206170754275504,1.0,0.0,0.0,0.0,0.0,0.0,0.0,0.0,0.0,1.0
561,0.24295147294727815,0.6136708361798392,0.6778519303390738,0.503912175078357,0.24199237643190785,0.3635802959919356,0.3526344375601761,0.6666666666666667,0.7826086956521721,0.24432664001090135,0.1366538386810332,0.5498723465332009,0.3383203401850632,0.2504883663294356,0.8331989900295578,0.8247756600931355,0.8398603679399432,0.014150715758716015,0.1273305133787079,0.7620228699992199,0.9027644607919371,0.9680765509955185,0.7847956569378212,0.9287605698830208,1.0,0.0,0.0,0.0,0.0,1.0,0.0,0.0,0.0,0.0
80,0.6644947432664364,0.24395383368909018,0.3904255704452528,0.2215832437143382,0.36899188295971785,0.17378562179464602,0.1916496111811315,0.0,0.4782608695652186,0.2107697001890856,0.46488716527531687,0.39901750380785433,0.12675446014836533,0.004867073778288641,0.08737828243080706,0.45755592972685477,0.40271578250705864,0.3290623693264525,0.31803685971450124,0.4878177727255182,0.24300563922603288,0.846010704812826,0.28941056667813364,2.4863880681795534,0.0,1.0,0.0,0.0,0.0,0.0,1.0,0.0,0.0,0.0
205,0.2289101643234247,0.04899413145562015,0.5868745028872295,0.41657559468646865,0.7510647852299962,0.018707387336045767,0.6775466957367063,0.6666666666666667,0.5217391304347814,0.3719448610556736,0.8433857823576656,0.7217339163830465,0.6497936388971632,0.7822022163545017,0.7393092980560032,0.983908729736545,0.32254634490045964,0.6860089440277223,0.8786930652723175,0.9547033246765275,0.4565061832279055,0.2115377581713539,0.18082202422193033,1.9567350202084013,0.0,0.0,0.0,1.0,0.0,0.0,0.0,0.0,1.0,0.0
34,0.4693216210058576,0.4192420831278342,0.09790489858732637,0.9859382933765689,0.12324298734551731,0.6152650235932049,0.9945674767977943,0.6666666666666667,0.4782608695652186,0.0,0.4605876083765501,0.5556067052397011,0.899164536666704,0.2675727134574394,0.2609900618926496,0.1015490683968272,0.3832648670169778,0.24629319356676477,0.8164150980636018,0.5945011452897195,0.950353093206666,0.5320559499582782,0.6372672131983816,2.748256639725857,0.0,0.0,0.0,0.0,1.0,0.0,0.0,0.0,1.0,0.0
775,0.8539538942623094,0.5221790930123916,0.3531896613905006,0.4912671472449355,0.0741622119672698,0.03658288539645432,0.3851012435993748,0.0,0.21739130434782794,0.17969240406991038,0.10395605490567189,0.04778318853450042,0.16915042637063799,0.462942500905943,0.5110549379236158,0.7251842137059983,0.1456238056504312,0.30314728697140125,0.9208189503138828,0.9956146664416374,0.8975336635368331,0.6680596664786704,0.11395577314358499,1.886022705044752,0.0,0.0,0.0,0.0,1.0,0.0,1.0,0.0,0.0,0.0
508,0.49395989467467494,0.21521245018220447,0.5314710615927318,0.6815710484147078,0.7562970768609757,0.7866142690832778,0.5888708385393856,0.6666666666666667,0.956521739130423,0.951401512061503,0.7225678113032566,0.992983080437926,0.2030970919748047,0.13978501082994885,0.48607664611325985,0.07460523490750193,0.6121860855652653,0.39890554898786434,0.4048095193537982,0.40459916695226883,0.32625345460482624,0.19671585773091727,0.6046300864632645,2.2330078873137533,0.0,0.0,0.0,0.0,1.0,0.0,1.0,0.0,0.0,0.0
427,0.8499848303571468,0.07700179935882934,0.6914334362992955,0.8789138850201916,0.13734499103627817,0.8181050184136576,0.39493436292967005,0.6666666666666667,0.21739130434782794,0.2344221461064276,0.4386485720904914,0.1440985454959594,0.8763534729498399,0.3385157426696709,0.20454910663408035,0.5802209526181614,0.9879310434031134,0.7374041187710435,0.7726535832452517,0.6982816450246545,0.7031433341659976,0.005160140992684553,0.6832039833152694,2.7956609206484324,0.0,0.0,0.0,0.0,1.0,0.0,0.0,0.0,1.0,0.0
454,0.09068094246734926,0.3477634707169527,0.6241237274306617,0.9914463688552476,0.5276929221424825,0.9326187410627298,0.667478293089817,0.0,0.3478260869565162,0.19804965044107756,0.5311473747014098,0.26037358680380013,0.16183028749157802,0.17318585092387614,0.7546391076742669,0.5031602901641024,0.6825669384180644,0.016175626725281722,0.8124902416235242,0.9801840257718661,0.1575674393066103,0.2609307859870418,0.18113836593709148,0.7064615476911289,1.0,0.0,0.0,0.0,0.0,0.0,0.0,1.0,0.0,0.0
366,0.7747372517435968,0.2140424279031724,0.26147739109928225,0.694258993471873,0.47498267010351336,0.4277230578444628,0.43255029216531843,0.3333333333333333,0.5217391304347814,0.1193131702558069,0.7015556503607547,0.3713887959300351,0.7957470959043762,0.08027107237583739,0.35797710610774314,0.4823876636827995,0.7186252765342467,0.17805209529128063,0.20023595299371122,0.8538628665223909,0.48649784126244555,0.0909459854980203,0.5211646823108003,3.700546295038749,0.0,1.0,0.0,0.0,0.0,0.0,0.0,1.0,0.0,0.0
91,0.696569844482314,0.6450079174149611,0.8527442001133276,0.9165464761477601,0.7648132259797563,0.7594530080570161,0.11616811170981083,1.0,0.30434782608695343,0.0644240337080898,0.5400749266214944,0.22342256121576937,0.06901052969248808,0.23416556478710868,0.7119052151939024,0.22983796562027603,0.6537289631011723,0.421861645938177,0.6665473333179521,0.8547503754275453,0.8139573746441325,0.7921561021679592,0.6325173461471789,1.1325179592720886,1.0,0.0,0.0,0.0,0.0,0.0,0.0,1.0,0.0,0.0
339,0.9367003695950239,0.3743557988039202,0.06665377771986508,0.5207706114370739,0.8116537580806024,0.27667607736508587,0.7140340759268371,0.0,0.5217391304347814,0.7372168115981754,0.3094179623584286,0.5914411196679263,0.8372600212311139,0.12351308548848566,0.1378082680285951,0.6841229255173116,0.07411048520571689,0.508887392870612,0.5833422377070665,0.0093061947607741,0.5202502772162353,0.9664351405170575,0.4865061180121886,3.207535177820465,0.0,0.0,1.0,0.0,0.0,0.0,0.0,1.0,0.0,0.0
897,0.2012834371214477,0.27481372175697893,0.20197587475567125,0.3999175022919994,0.5060609319275676,0.8415442185435573,0.013442811560259088,0.3333333333333333,0.2608695652173907,0.30366954984797173,0.7965832277571918,0.8039015618816128,0.04757397367087185,0.13699246439392354,0.9915184451256833,0.03688288155125008,0.5814546511238824,0.8732078308741837,0.35295450140898516,0.9808010754339973,0.9387284632703733,0.2962647955518081,0.9083009157976554,2.110370295276056,0.0,0.0,0.0,0.0,1.0,0.0,0.0,0.0,0.0,1.0
564,0.6492979091644325,0.7918012188855267,0.603238476393835,0.9739075765290125,0.1596640923616065,0.9337113156011934,0.4381551906798395,0.6666666666666667,0.3913043478260789,0.41711905296911495,0.6523688368008153,0.49778736968089937,0.46193614629705704,0.30624339052867233,0.896932043645287,0.012859824255081254,0.03743537139799219,0.3797841800966012,0.9105445975063329,0.7564326583627335,0.38705765122450075,0.23113359675797773,0.1448852333802493,2.466616315666865,0.0,0.0,0.0,0.0,1.0,0.0,1.0,0.0,0.0,0.0
345,0.7955750242837302,0.6073588587466804,0.06390298672978295,0.6720742038127916,0.9498598045178593,0.06851257508720371,0.6380803435998218,0.6666666666666667,0.956521739130423,0.5128967314241327,0.5757963996259852,0.24993372285120635,0.9552226270876827,0.9180599761890855,0.5268921682292522,0.6853426248559682,0.37952966029825475,0.013234982633520909,0.22927592733611263,0.44034366865933816,0.5504922260182983,0.3953976465216328,0.4541678021366861,2.482837504459159,0.0,0.0,0.0,0.0,1.0,1.0,0.0,0.0,0.0,0.0
776,0.6192038954035027,0.7130130071756212,0.6480392175691192,0.7046851276869639,0.43020488385361855,0.708303567498523,0.3948715394194501,0.3333333333333333,0.2608695652173907,0.4501935285794416,0.1145773043047808,0.7538639011565678,0.6824574052785578,0.9409956859083888,0.8095059002678351,0.5027782782424066,0.32547060286792073,0.08389895396213509,0.7888993186691617,0.8744095783728875,0.5838923904080446,0.35592599777554534,0.37383663830387726,2.4891291345225257,0.0,0.0,0.0,0.0,1.0,1.0,0.0,0.0,0.0,0.0
241,0.7972809043049075,0.3202296985542882,0.058116253910763915,0.5630180218525468,0.828199843361047,0.2928542100551365,0.17700925782466065,0.3333333333333333,0.30434782608695343,0.9631347184883419,0.4919521489403302,0.974557033274716,0.5932698678473547,0.2133826350895717,0.11040226985965249,0.5154354601171032,0.29116156741962373,0.0965099390644043,0.5109017429636387,0.7635740796356532,0.9070316113868558,0.9225231309789848,0.02726126299814284,2.7800961151383814,0.0,0.0,1.0,0.0,0.0,0.0,0.0,0.0,0.0,1.0
13,0.8232807655883204,0.950584985285475,0.43982917362083834,0.698409343955717,0.04212817199578012,0.726746805524241,0.6262482710618746,1.0,1.0,0.36268490158649314,0.29653622628019805,0.27751788220092605,0.8056096758881072,0.25281751340561953,0.9733157215491941,0.6730319301415015,0.47800596565679454,0.022702730913898572,0.31378544892734733,0.9051377881564958,0.538112813927252,0.4002426689545969,0.7562851371850758,2.089401027931721,0.0,0.0,0.0,0.0,1.0,0.0,0.0,0.0,0.0,1.0
315,0.3269583778912877,0.6806466184982115,0.28571352439322767,0.063408445309655,0.6195016302656245,0.39586220234910313,0.5058688579835061,1.0,0.7826086956521721,0.5497296439742281,0.9418728083860654,0.6387235168938397,0.8225755849091196,0.05241374553747857,0.6201111886368,0.4554417895218572,0.23712436413164456,0.7490647595104389,0.8922022722239522,0.48557455018206386,0.6397204742220075,0.25097388772313145,0.17169112644445123,1.838097661488978,0.0,0.0,0.0,1.0,0.0,0.0,0.0,0.0,1.0,0.0
600,0.47728863981916747,0.9137686929671819,0.4098554912393911,0.28654667143025425,0.6229136584385938,0.5317532683282931,0.017023436593049446,0.0,1.0,0.5387450350625416,0.5278071892361937,0.3902037415443435,0.6358601114432224,0.9385984524213951,0.013041142857506932,0.988138841852682,0.6441984691319923,0.6359049138163678,0.056011952155568645,0.8672218935879344,0.8690569417164605,0.8945276118870831,0.8274223194155703,2.4089059767141605,0.0,0.0,0.0,0.0,1.0,0.0,0.0,0.0,1.0,0.0
387,0.9519877435059053,0.3015769026155687,0.04231341242460407,0.94505296998982,0.15350344728432563,0.1901197190733454,0.1280763630494698,0.3333333333333333,0.21739130434782794,0.5854405843554409,0.8177570023871588,0.2307723165989332,0.45110827633851647,0.38506051479763737,0.7798265567305573,0.008772731749546736,0.5952717486930295,0.8009105855130529,0.5765153657503279,0.6283055460311567,0.9636417345647098,0.21277251674613723,0.6794843338551193,1.8103489541649704,0.0,0.0,0.0,1.0,0.0,0.0,0.0,1.0,0.0,0.0
273,0.5911689574308386,0.5848754704917031,0.842542641537334,0.7101599703483301,0.8625970858619659,0.8605171739097739,0.02542292760659623,0.0,0.4782608695652186,0.7297843423369694,0.6203274308459483,0.9315539968917699,0.6510293337396473,0.5612729209399819,0.0,0.2647773260433022,0.4466786687173778,0.2071941102103868,0.6344474907390822,0.9172672175490943,0.23847385078488467,0.6451671299092001,0.0034788950428735615,2.043070278393484,0.0,0.0,0.0,1.0,0.0,0.0,0.0,0.0,0.0,1.0
166,0.8303238855477585,0.8235091193611633,0.8940014699387868,0.09566668953467333,0.018502454966071724,0.36611113756632935,0.6026067080103755,1.0,0.9130434782608603,0.6915241202228974,0.6111238799397775,0.32957772656924694,0.9154456003285585,0.19083673660214287,0.5180181793386602,0.4334624302144441,0.683397135510851,0.7122478044449705,0.5396266318725484,0.4386387183847291,0.48623278508723466,0.330988859191757,0.8346740668472328,1.9064720326797728,0.0,0.0,0.0,1.0,0.0,1.0,0.0,0.0,0.0,0.0
840,0.011260782112644696,0.031665074997828,0.7868440103275101,0.6827595906041252,0.8790677019533134,0.3767557986064937,0.7023188995313047,0.0,0.5652173913043441,0.17911862555098468,0.5937100865722725,0.1423338983051417,0.9356211874504998,0.05823683490436027,0.6567413514141391,0.4612817347524425,0.3680041947129654,0.9860199842857504,0.26207896286415233,0.9676999355683684,0.15409511967917425,0.570071556128893,0.0631601058148585,3.7407348383810266,0.0,0.0,1.0,0.0,0.0,0.0,0.0,0.0,1.0,0.0
992,0.7940924136753648,0.33958967740728385,0.3078574707040312,0.08013691384633621,0.7036960568724414,0.9644109134542922,0.9073538420720857,1.0,0.3478260869565162,0.141162693183138,0.3671798668045767,0.7238474450071712,0.8251638399895525,0.38197124926107107,0.16720465262186943,0.28644472563139534,0.0061873944747634635,0.9254858693014625,0.32001558974158,0.3483585281549244,0.9252823715649431,0.7184795507949159,0.006752125111578265,1.0670694258202529,1.0,0.0,0.0,0.0,0.0,1.0,0.0,0.0,0.0,0.0
646,0.0032740306520800955,0.2892281989370259,0.7291218560394583,0.34983239436121605,0.9185827432136099,0.5806092256130091,0.07164324266346216,1.0,0.43478260869564167,0.6881575640107984,0.42662523290944454,0.5528467982165002,0.8583281401539802,0.34275823017319473,0.1403236536422672,0.06346432975648542,0.8131126413072118,0.9423976149862143,0.6359793232692343,0.05594066504712611,0.13943632640099965,0.9064156208172445,0.48468128976004515,1.2800627439779764,1.0,0.0,0.0,0.0,0.0,1.0,0.0,0.0,0.0,0.0
818,0.6218825398821469,0.4992230465375712,0.4333343748968375,0.686034283730931,0.5403001868212426,0.35043907610544883,0.1232000734903946,0.6666666666666667,0.13043478260868824,0.7797703329484398,0.39738151701230245,0.029805138998963143,0.9395628130336895,0.1888295717057876,0.8878493194457437,0.5511697458173801,0.5300240764086892,0.07860973440578123,0.6465147479452424,0.9104170155846949,0.5604435675499468,0.33924073656766623,0.9052229394888236,3.0952862489021062,0.0,0.0,1.0,0.0,0.0,0.0,0.0,0.0,0.0,1.0
484,0.03490105279426592,0.6377897861861767,0.8157293295206856,0.7002023324934384,0.8645714923182851,0.8846965830974229,0.974473096512025,0.3333333333333333,0.6086956521739069,0.7776072838370418,0.7482312164570921,0.8633311034600812,0.8250156642883665,0.6201953929665396,0.24937089083889583,0.9091701038385267,0.0654094707640851,0.024669043588824158,0.07998514353250061,0.5321613085189256,0.6875022898344922,0.11112101081752784,0.7680410431993954,1.4815253843265723,0.0,0.0,0.0,1.0,0.0,0.0,0.0,1.0,0.0,0.0
980,0.9894767711201732,0.8599856515650334,0.6129314001891475,0.08680457425119112,0.9108411970817184,0.5008989108978665,0.9692679919467844,0.0,0.17391304347825098,0.5348740710329302,0.27825911150820204,0.4327095128494714,0.8109925409951195,0.8768482753496868,0.15225965623144436,0.4184478926989277,0.266125337388736,0.9398946716846586,0.4893165796381071,0.4345831779795678,0.5744321214278528,0.09328309478346405,0.41176529908539766,2.333728385525326,0.0,0.0,0.0,0.0,1.0,1.0,0.0,0.0,0.0,0.0
504,0.5201491022272963,0.8124953903553177,0.2754044484053793,0.7184195715466705,0.12987646289618682,0.8757390655210713,0.7732735016195939,0.3333333333333333,0.17391304347825098,0.6844344304215448,0.5781074554167047,0.56898225531932,0.4557521103374834,0.8959742512593728,0.9190278214811343,0.5998401457752909,0.7298697608384143,0.7302631148398806,0.921735132714971,0.2055061935312721,0.36855185491062825,0.4886144442946073,0.7809506120040366,3.9513184646727897,0.0,0.0,1.0,0.0,0.0,1.0,0.0,0.0,0.0,0.0
831,0.553485779093743,0.9627372081784261,0.4500007797907966,0.6210454199604059,0.2988061672868064,0.2979657504052822,0.6185414702365392,1.0,1.0,0.5581543188103648,0.22138896397138721,0.5414356165806293,0.6839864763677918,0.04892018509208579,0.30653314434819967,0.6351570665369652,0.7139680870232857,0.3108274904440419,0.9583094618211974,0.2991671623108816,0.2694004439662413,0.1008766855521806,0.2697072391625933,2.1172855455570145,0.0,0.0,0.0,1.0,0.0,0.0,0.0,0.0,0.0,1.0
243,0.530665961454209,0.054811784816315434,0.2526802412376447,0.29965218663622306,0.5084829348792906,0.2608096879223896,0.7919830679795447,0.0,0.7391304347826093,0.36583038374799076,0.2500538530023806,0.48661107054840497,0.10602183690710107,0.5113845803964061,0.5678812305250442,0.8117370874326633,0.5566176099899952,0.9269058430810884,0.6030411438109877,0.7773225920846827,0.25290531555483653,0.5245226151702561,0.7266648780866294,2.2260796214140326,0.0,0.0,0.0,0.0,1.0,0.0,1.0,0.0,0.0,0.0
566,0.7632945006675685,0.08072379693928877,0.03867404982603473,0.8611531858278801,0.7550147867093858,0.6626484327199316,0.5753679043010249,1.0,0.9130434782608603,0.902832512544153,0.24279091732232466,0.16851118588492964,0.016294370876048514,0.0683323965572355,0.26812149759088055,0.0024017489083383303,0.8479883896395422,0.4670161219537843,0.6191175485970162,0.6248855810381223,0.9757515004760385,0.5792393827735479,0.2778192877277532,1.983112182228136,0.0,0.0,0.0,0.0,1.0,1.0,0.0,0.0,0.0,0.0
875,0.8882284710879219,0.7988057587300129,0.21479941264951535,0.41217679307473254,0.5541647258800851,0.47777112236455294,0.5001003034179722,0.3333333333333333,0.21739130434782794,0.30517951215741257,0.3552875975138983,0.9017223248817834,0.65234399805442,0.9008310922093639,0.3863952119889835,0.21727290744426053,0.5029863419221566,0.8542455216388678,0.21525881545268988,0.8934565947200419,0.9771876737936326,0.3915502754864354,0.057557571795769674,3.1308912001660083,0.0,0.0,1.0,0.0,0.0,0.0,0.0,0.0,1.0,0.0
562,0.8441519579073083,0.8902371656036353,0.746500761228315,0.904980229707867,0.27364391824105716,0.1003643027954147,0.1178152028076752,0.0,0.17391304347825098,0.8716651123106084,0.05338730225833915,0.6505831695782105,0.14565554849199508,0.04915775714083076,0.9950242248544405,0.6653567719755484,0.33426548187727156,0.32365544402633095,0.7051645589749802,0.4969959318616929,0.43545033788674503,0.029526094255830526,0.16058256172617894,2.561666156494077,0.0,0.0,1.0,0.0,0.0,0.0,1.0,0.0,0.0,0.0
686,0.4200426993275367,0.5029077996616785,0.23686378904607663,0.34779967955294844,0.2849280056209377,0.06893554993627465,0.9425625385706571,0.0,0.43478260869564167,0.7850965864631496,0.8570937828990147,0.7346398075404377,0.9257239589889261,0.6957199813555507,0.4470973248767526,0.5241856559555025,0.3338279352034055,0.13630016871886858,0.6719996136913648,0.6578268505032973,0.4927760052540764,0.7568739911103473,0.0926397472746622,1.380937473242836,1.0,0.0,0.0,0.0,0.0,0.0,0.0,0.0,0.0,1.0
189,0.26178461800041586,0.6537381243453223,0.9299766514386407,0.28803151593558074,0.4929158150883376,0.5726748235502666,0.6110813602532111,0.6666666666666667,0.6086956521739069,0.8058154899767731,0.6582666759321211,0.29832209489351075,0.07111790885953204,0.24093261164555582,0.20546812464986233,0.2239077489026844,0.40663494942459066,0.530515631883447,0.9698255197969212,0.2264238214971063,0.1584700116333412,0.45818503391984977,0.1619540935959429,2.733636367180735,0.0,0.0,1.0,0.0,0.0,0.0,0.0,0.0,1.0,0.0
782,0.4541910371222794,0.26047073056876935,0.6371964983621825,0.9334890681206958,0.9164860260777751,0.4649523470623573,0.6171109959852077,0.0,0.4782608695652186,0.963441140092084,0.6600153345264304,0.6611444248402396,0.8781652144890069,0.7432901468410563,0.9930118184653038,0.43028921179867385,0.10841907004453927,0.14738643412857322,0.1679866322872101,0.09243528451778385,0.3239399119989148,0.22965993108357047,0.03810518409680175,3.1485698410018257,0.0,0.0,0.0,0.0,1.0,0.0,0.0,0.0,1.0,0.0
699,0.29878614512800483,0.7221096231341678,0.8709151316811932,0.42991451318230767,0.7757393259467137,0.05277741416682097,0.5567533533082893,0.0,0.6956521739130324,0.11252015609200472,0.2171776053489855,0.16159059989746688,0.013753952472376152,0.5857842638167406,0.7365525215594636,0.2523955498061783,0.7844518512235492,0.9153227379768409,0.5063639113773319,0.524895126366062,0.10224296235036864,0.6163876104966753,0.8404009232022538,2.459247820073378,0.0,0.0,0.0,0.0,1.0,0.0,1.0,0.0,0.0,0.0
475,0.3041188070492238,0.5082316168082389,0.04783113182070797,0.43222621751032675,0.654436549527874,0.12751493812466258,0.04505433301303134,0.6666666666666667,0.43478260869564167,0.2321573605258115,0.9758320295264917,0.2713022221994816,0.45660828493471817,0.00812204404109551,0.9313306350566244,0.6759024251097534,0.722640844101837,0.5344794168655276,0.2756541050105606,0.2957465803097977,0.13163193821201516,0.9238862845207725,0.8532121498093328,2.6702536070917566,0.0,0.0,0.0,0.0,1.0,0.0,0.0,1.0,0.0,0.0
681,0.20117414054534677,0.8208875778713657,0.8537755713814759,0.1705715587975761,0.045690387738526184,0.3727681316630958,0.8880923935521003,0.6666666666666667,0.9130434782608603,0.611098138773916,0.023680514880192738,0.4786138726719877,0.4444936873582941,0.7086651484223558,0.20681095863282004,0.9337236913021707,0.04469551261917365,0.15754139941152207,0.9248554429709277,0.5580811863739485,0.316806929864888,0.7541512325559278,0.16063642885830848,1.446050154742717,0.0,0.0,0.0,1.0,0.0,0.0,0.0,0.0,1.0,0.0
510,0.070977147497998,0.13077986894891458,0.4614234380106665,0.9596146022185613,0.5887743400941249,0.10030794844696717,0.786680387419612,0.6666666666666667,0.043478260869562746,0.28882628146514017,0.5900224314738827,0.15836006731654356,0.5204944013093776,0.36900811100387265,0.455475494902702,0.9088568664248244,0.8645525853727989,0.8113444301824744,0.40493044479680784,0.49477752523028695,0.28810047425253704,0.27834071239800295,0.10304183272686332,3.070383203101482,0.0,0.0,1.0,0.0,0.0,0.0,0.0,0.0,0.0,1.0
58,0.13885947468445414,0.5421549452727056,0.12864077041478494,0.21519382202334816,0.3946672994786472,0.6028911802235579,0.8084945734923011,1.0,0.9130434782608603,0.7131665386412993,0.029206539009207777,0.8025899051826673,0.6939975295204225,0.2701630714234271,0.19113805867775654,0.86122298475679,0.7154564149994825,0.6915039231313316,0.6937579273665089,0.6988376564504614,0.27750450145433625,0.6023610960799998,0.21924543031012245,3.277117673190174,0.0,1.0,0.0,0.0,0.0,1.0,0.0,0.0,0.0,0.0
474,0.2774329527109092,0.5196007702244102,0.36674168170772775,0.5527109626117424,0.49532783649450995,0.6833189418973988,0.1147137910537857,0.6666666666666667,0.0,0.2837699773911907,0.36251523162262017,0.29410723928193866,0.8897015771100563,0.3515232225385775,0.7985096226732491,0.005666994252839341,0.2541815830228071,0.7503040452909833,0.9458058791978181,0.4923809985780926,0.781133500396371,0.1593822197257081,0.01614108004647015,4.04929332114345,0.0,1.0,0.0,0.0,0.0,0.0,1.0,0.0,0.0,0.0
560,0.08305904928057606,0.9994070777716532,0.6170089519019308,0.7113043576458742,0.9904191581438632,0.930395502710329,0.45249819010645526,0.0,0.043478260869562746,0.3056040437839608,0.6742765788589977,0.48285566620695447,0.13356036997088,0.4028171067292603,0.32765714871371765,0.6360357129563994,0.5114996810811121,0.09470566632818322,0.5232201150377136,0.717162683289039,0.2885321898968588,0.3327156607116504,0.7415089392545111,0.916580408185312,1.0,0.0,0.0,0.0,0.0,0.0,1.0,0.0,0.0,0.0
856,0.733823662461739,0.2236722529707592,0.6603514646670985,0.80464199015656,0.46268112515673543,0.581611531129604,0.23316435149905346,0.3333333333333333,0.21739130434782794,0.8867713555926315,0.6583086529529516,0.2622801815094052,0.0918178798886701,0.9542627582557903,0.5261600241423234,0.2171095545649413,0.1270965990733417,0.16622003541185532,0.09243345689019766,0.6408857547102883,0.9482467659501658,0.9225612361518623,0.44462790877875374,2.900683143137998,0.0,1.0,0.0,0.0,0.0,0.0,1.0,0.0,0.0,0.0
747,0.43101129277755745,0.5316773368103606,0.18456708280547024,0.8768339149851516,0.6169497548409796,0.9549893915225849,0.5259210154033762,1.0,0.08695652173912549,0.861092929638355,0.8946287488230433,0.6245914820358673,0.520164957170701,0.7069613026221917,0.6602821891045506,0.8047981349248117,0.8646191710649613,0.8523818722207528,0.23385781283551432,0.28223385486206376,0.44065980923262593,0.01229452458920488,0.7373656176617802,4.009075582552442,0.0,0.0,1.0,0.0,0.0,1.0,0.0,0.0,0.0,0.0
252,0.4536292933225953,0.11493375730625577,0.37741264993967966,0.2706118564812475,0.1860540079517794,0.25762610866737284,0.42936132337025645,1.0,0.17391304347825098,0.7342034514018133,0.7043366728944889,0.5273046316848695,0.576112037545293,0.3947439568156713,0.2936649989296284,0.40144507565096443,0.0,0.1392197775257189,0.7888641225456567,0.11065994960927372,0.8619943800120765,0.09008808910172436,0.3738316947292009,2.3142157092324678,0.0,0.0,0.0,0.0,1.0,0.0,0.0,1.0,0.0,0.0
21,0.3540464339862358,0.7499224158663117,0.10631236044123826,0.7426062656165898,0.1926926531635761,0.840698386444511,0.8936703063496152,0.0,0.6086956521739069,0.26425162769666954,0.9937382790440976,0.9470150472651615,0.2232332370348637,0.3673855656218561,0.6035682200058561,0.8331851154617187,0.5226525715877102,0.049639449263531366,0.22143185580810104,0.5522555674780083,0.40399122279499056,0.11905826171322009,0.974264051173491,0.7189039959802965,1.0,0.0,0.0,0.0,0.0,0.0,0.0,0.0,1.0,0.0
313,0.3670599731037226,0.0041045566988286986,0.17859135196042503,0.6167573228019129,0.8198054275221179,0.6385342706582289,0.15241376711510496,1.0,0.8260869565217348,0.3092207330851404,0.5700758745655896,0.34472850273094485,0.004192073956783365,0.6417769249264302,0.8309854039748916,0.9975866888744194,0.24158169302563687,0.2904926142512616,0.7494279186587072,0.09007590727003831,0.9035125431699816,0.6188792741101109,0.19724066565748566,1.5631623532877452,0.0,0.0,0.0,1.0,0.0,0.0,0.0,1.0,0.0,0.0
459,0.6365300268449413,0.3782059076623222,0.5264388294304612,0.7921820462463567,0.8245752323848098,0.06261665424543,0.7130957403088347,1.0,0.13043478260868824,0.5539359720368713,0.9741904169930011,0.44804205319390905,0.3621397159760768,0.9440503731309222,0.07847940548067886,0.8480035071731025,0.12388789469296568,0.42893852785128683,0.8219379711420041,0.45561569454919304,0.13220705099476157,0.5914818562191924,0.7362147057949542,2.0210496476446096,0.0,0.0,0.0,1.0,0.0,0.0,0.0,0.0,0.0,1.0
160,0.10673505107272885,0.03435729039080648,0.4469915910118543,0.9828005586679928,0.5234903432841848,0.9922918291059275,0.689539706608281,1.0,0.13043478260868824,0.3929742151929391,0.32281064521000846,0.832402465439376,0.6666385969251599,0.16412409779342194,0.21632400008852828,0.5335384837696822,0.6090741612774361,0.18331474678376186,0.6923704764173515,0.8476799711311683,0.9092069849933643,0.6330205836048686,0.9977197921230785,2.2194851275151715,0.0,0.0,0.0,0.0,1.0,0.0,1.0,0.0,0.0,0.0
276,0.31743363862305674,0.19290115901088745,0.5553251684072258,0.483422590586682,0.4043120206840759,0.5775347503391657,0.2099369383205989,0.3333333333333333,0.5652173913043441,0.42414514300456885,0.8562308051520715,0.15722525861608394,0.29149239393662385,0.01594164795996987,0.6548079200665828,0.2122018790380027,0.15241429843823728,0.750221986513359,0.8703196919654863,0.3111150424585849,0.444750837351509,0.27198093194745576,0.9029780297463956,2.1337005346663536,0.0,0.0,0.0,1.0,0.0,0.0,0.0,1.0,0.0,0.0
955,0.8886471021914476,0.9712567253440493,0.33478437354585516,0.5934297450889322,0.23604380626460664,0.6413980822407874,0.4772324337707589,0.3333333333333333,1.0,0.37348374421250125,0.4748214714678171,0.9515389083799548,0.9247154817535113,0.48399601415116866,0.6971028800704002,0.9149845467775783,0.25317527789021294,0.38616634872600264,0.4745319248758259,0.8753923200483131,0.7387626633627722,0.3745732680363859,0.33762081200444083,3.162038969311756,0.0,1.0,0.0,0.0,0.0,0.0,1.0,0.0,0.0,0.0
191,0.2402488418007943,0.3928303025332739,0.5630228099834409,0.02624584428167668,0.7236287292434836,0.6820323547125766,0.13577743259947472,0.3333333333333333,0.9130434782608603,0.8545116376592972,0.28981774872677996,0.5809327057147546,0.03234012773723674,0.5615338021662634,0.33057931833155874,0.5329924632546446,0.17020540885446467,0.2018373265695137,0.7512231269154312,0.19627268436276737,0.28307222156718437,0.18135207169869255,0.14668283781507613,0.7265504481304911,1.0,0.0,0.0,0.0,0.0,0.0,0.0,0.0,0.0,1.0
385,0.9875002107481544,0.03992427501631035,0.7620720483460557,0.6854505482461404,0.9154599548548575,0.7797363270974156,0.8777798652314769,0.6666666666666667,0.3913043478260789,0.38727555682147125,0.5130510740061073,0.8038836336604782,0.19279520633289715,0.4637370753915899,0.36735105912954824,0.6698072319358079,0.4742840192060075,0.6002986459636872,0.20469641278250827,0.8794549416225981,0.9096577137616696,0.674600596713359,0.2922389426039919,2.066521870380321,0.0,0.0,0.0,0.0,1.0,0.0,0.0,0.0,1.0,0.0
805,0.14278950241626154,0.6828183170400156,0.2428634053938054,0.15699894405795764,0.7296396670455892,0.7274202661537332,0.7731036683684264,0.3333333333333333,0.956521739130423,0.5523310852007938,0.868762690788119,0.4189091348801383,0.3587354755416198,0.08804846069333574,0.5632183124752133,0.789200451321916,0.5280687232770219,0.13862982978331845,0.4591100697582195,0.9726319154906464,0.2830912900756958,0.2936072941161946,0.10561625694919921,1.9543635922090008,0.0,0.0,1.0,0.0,0.0,0.0,0.0,0.0,0.0,1.0
413,0.8977109633886641,0.9438989084161588,0.5365100306893809,0.053806033661928335,0.14990822789229907,0.18808692926214315,0.947221313495487,0.6666666666666667,0.17391304347825098,0.29520563508768227,0.9626629199242649,0.8782247075872589,0.40641053407203853,0.41645453311931235,0.896922855837734,0.2336523406360782,0.5642230807822969,0.9269026744880486,0.6561545712116406,0.7607497311639397,0.9988912145008705,0.6762305951885399,0.3072915301731983,2.8332512394633778,0.0,1.0,0.0,0.0,0.0,0.0,0.0,0.0,1.0,0.0
491,0.6480947805742446,0.8225970551209477,0.40076021791539035,0.0018378939757191445,0.8505352934504228,0.6636197558688504,0.6649758614948623,1.0,0.5652173913043441,0.936692836643223,0.9475392789353134,0.617896108330354,0.9480004053575712,0.54919668463692,0.20064947960836424,0.8628220442255836,0.45382668249376645,0.21451796930559575,0.44943549822531675,0.7432160881015126,0.32603912805765645,0.7699589062209533,0.33793154070821074,2.3329510661913604,0.0,0.0,1.0,0.0,0.0,0.0,0.0,0.0,0.0,1.0
343,0.5937125594158174,0.5644930919409593,0.2863024281002065,0.10299499640501605,0.23365250700408957,0.5826365041355483,0.45177294209212876,0.6666666666666667,0.17391304347825098,0.3560133931915881,0.19702381819338033,0.0,0.26477121531034464,0.05954697055923458,0.838777632477854,0.7018328659242137,0.9225517422773868,0.47321283017881854,0.49012038587103507,0.9416629824409086,0.914577938703968,0.5445120504725305,0.9765111510211,1.621247298391774,0.0,0.0,0.0,1.0,0.0,1.0,0.0,0.0,0.0,0.0
769,0.6202362928894701,0.8276436398883856,0.9915822880149521,0.6307822153545879,0.7093460077026862,0.7468347409751421,0.391844952640726,0.0,0.043478260869562746,0.07848475716669318,0.08125334819604069,0.3720292221666504,0.006363968136968684,0.6167467062973094,0.005812676645598369,0.8880084637354879,0.2929121857834124,0.9168358837361352,0.10429875781169337,0.06042485708318607,0.6532084879126464,0.9086809100998747,0.6527202369499014,3.443342685348739,0.0,1.0,0.0,0.0,0.0,0.0,1.0,0.0,0.0,0.0
308,0.26579595703978875,0.052114407059969614,0.5974424647106404,0.5997162728574126,0.9401953038649026,0.1832784390113918,0.34929345548509017,1.0,0.4782608695652186,0.3720618804242737,0.3400858287446393,0.70408409883849,0.9889067920206458,0.5570010933399563,0.05687338544429152,0.33093793088114687,0.03148297959171281,0.5725082569294401,0.29782338469983566,0.9168470709479415,0.8888991221959887,0.0957439206257985,0.273957733777827,2.438926075004713,0.0,0.0,0.0,1.0,0.0,0.0,0.0,0.0,0.0,1.0
661,0.8872127830503568,0.639432948591237,0.3951562762370991,0.9088242960180338,0.9166173992181613,0.014375740091303324,0.883909076139425,0.0,1.0,0.279343485359581,0.7592114778982562,0.8316189667103169,0.2084233873634594,0.9309025934280182,0.8141479250735224,0.0,0.8731127426310712,0.21093771125414773,0.0837594038913052,0.6921761805054093,0.07960658629219677,0.8984714402650804,0.1361974209541713,2.062767708839171,0.0,0.0,0.0,0.0,1.0,1.0,0.0,0.0,0.0,0.0
130,0.16972112894117297,0.9999999999999999,0.2000707084696947,0.42667957529893796,0.731098817763914,0.2992414120620303,0.28733763288953135,0.0,1.0,0.652889665119972,0.08988124904844619,0.9631070592491562,0.5592853226093916,0.5884801801658625,0.4752690927175274,0.5178999219337297,0.45772980294380705,0.08938436782234793,0.8347772528107031,0.32700408814589343,0.37792025967006215,0.01851880582189716,0.4659276226192894,1.988476154331708,0.0,0.0,0.0,0.0,1.0,1.0,0.0,0.0,0.0,0.0
663,0.08375679098548172,0.21064668897178673,0.24408342712975561,0.6796467912083017,0.08225630137195417,0.12927375361928345,0.8499322648942609,1.0,0.6956521739130324,0.9286154920758058,0.8348351657248272,0.9132730333647785,0.1781736358963797,0.5650195416027687,0.26833689763404867,0.4052593225717587,0.1770312414027994,0.2550569405786848,0.04599374525048314,0.7845949949910855,0.40471205080356876,0.9014195994718264,0.9572266622710748,3.2413684443811093,0.0,1.0,0.0,0.0,0.0,0.0,0.0,0.0,0.0,1.0
871,0.021953756954311343,0.43977265633054874,0.4565423722973648,0.20329778846351576,0.24390590142608704,0.2889884986277233,0.5673508376708517,0.3333333333333333,0.30434782608695343,0.8793731330921646,0.8208020752798794,0.022793780887735093,0.8213309400588602,0.6354954554781143,0.07839153503791121,0.5784915321322148,0.03623629475113643,0.0,0.8547332630547759,0.8791648578794121,0.15990161646766085,0.6231906490268709,0.4079120117541163,2.0857832385059267,0.0,0.0,1.0,0.0,0.0,0.0,0.0,1.0,0.0,0.0
99,0.9627135761849,0.1673643465753636,0.23654384206311446,0.16950735435581488,0.9053632758820328,0.8626367879339081,0.13931108262067532,0.3333333333333333,0.0,0.9365442655408615,0.9709060373376059,0.7537006676306293,0.06711901445867374,0.20240879287752764,0.8325705644783881,0.14878398946894889,0.9330783709461599,0.6954188595249656,0.4128208873727606,0.4053279500056316,0.26677529541407063,0.8211882703482658,0.5000356684287144,2.378330106329833,0.0,1.0,0.0,0.0,0.0,0.0,0.0,0.0,1.0,0.0
372,0.3637331000701861,0.40491944712822237,0.30378105249159476,0.855576892768302,0.5117356694624658,0.029230381202368816,0.973790242011763,1.0,0.7391304347826093,0.20620862971601792,0.6965644394035376,0.5763101293226467,0.3457632865116926,0.4453997830268154,0.675717540925055,0.42016025910648436,0.026306466376048332,0.2963280307640942,0.23915520650899091,0.9620933783091994,0.7843917243137942,0.8834087345170132,0.2894631747830588,2.071951354820245,0.0,0.0,0.0,1.0,0.0,1.0,0.0,0.0,0.0,0.0
87,0.4616266625548372,0.7629081320933834,0.3473054729919282,0.4535312503628518,0.6168439591712896,0.4161605994375414,0.2413084249785224,0.0,1.0,0.17301827030008202,0.8199807630485456,0.6996078840935815,0.5346598770527762,0.11175625956969862,0.40181083011045804,0.07137529108167451,0.47319392178539077,0.1554710812235673,0.01378563239082159,0.13653476546255,0.24443662990332202,0.7798254222332356,0.4202305831512157,1.4491228324214862,1.0,0.0,0.0,0.0,0.0,0.0,1.0,0.0,0.0,0.0
458,0.7845175997712083,0.9462127468616351,0.2713493973543222,0.019825131329895974,0.044068675210454766,0.19128399044160577,0.5104794745509207,1.0,0.3478260869565162,0.6589122064008697,0.5855937981316263,0.6299334889697046,0.9698142943082149,0.7823972866993645,0.8105441799229762,0.5069619499748637,0.1274479006532715,0.6982545750661989,0.5559677084332733,0.44068564940384025,0.16762423245383426,0.7797100785577074,0.990304444853247,3.2761388443935693,0.0,1.0,0.0,0.0,0.0,0.0,0.0,0.0,1.0,0.0
330,0.7352249025132941,0.7752394689532142,0.579653872894893,0.9446684765718172,0.10096464644873138,0.7664445581055868,0.4368203993978835,0.0,0.6086956521739069,0.19192621630002937,0.6228566999778293,0.6283413160917812,0.54034972276338,0.7080409153622064,0.506153769922809,0.720874051355648,0.08504325505448307,0.89406386496992,0.16019107054710952,0.6652768681833932,0.39441539979349827,0.28210366052950114,0.8100612353973526,2.7105395047871443,0.0,0.0,0.0,0.0,1.0,1.0,0.0,0.0,0.0,0.0
214,0.7156973086150927,0.27047468341296466,0.9227112168077225,0.14597391191420817,0.5673113388918308,0.4045653086347209,0.24748352364173004,1.0,0.13043478260868824,0.2375543952010739,0.0021471393056892163,0.4348531664265937,0.4683039660861068,0.6624686360795162,0.08217650062869761,0.8170902487813856,0.4388287170073799,0.20777051739872443,0.94536927292003,0.26097469361641523,0.77636397760811,0.1948843987113702,0.7744315368439083,0.9361902309688628,1.0,0.0,0.0,0.0,0.0,0.0,0.0,0.0,0.0,1.0
466,0.6493821936608611,0.4347178163339963,0.8274785213340741,0.6198367907695905,0.16480501582324036,0.7968182512063728,0.24932982939602988,0.6666666666666667,0.6086956521739069,0.3911695791647027,0.19811079657432118,0.7591094924588206,0.9231681789179351,0.3926999405711573,0.06993805547282642,0.1608466441241272,0.2359818126093795,0.5397557414023388,0.8280359074535364,0.20057746163345982,0.07426137993155155,0.5760868040990152,0.35541510381465374,3.066301915386698,0.0,0.0,0.0,0.0,1.0,0.0,0.0,0.0,1.0,0.0
121,0.6499969483725204,0.11144829860305216,0.03020291605746578,0.33214449114819067,0.7982526232551542,0.30644391604386617,0.3642949197166273,0.0,0.9130434782608603,0.5814283725116507,0.9607581704752457,0.4529477612065664,0.9531239179292779,0.972525757160535,0.9450107890384953,0.7274007908785567,0.6579888668576488,0.42390862020782594,0.3026290245770972,0.01575780327988824,0.0856778329976442,0.19617954520049063,0.7808567990498818,3.2316255672079626,0.0,0.0,1.0,0.0,0.0,0.0,1.0,0.0,0.0,0.0
614,0.2876073068213729,0.8355234782604429,0.26932402422086893,0.6026577668451355,0.3225928418223448,0.6274295164155639,0.9857650185582902,1.0,0.6956521739130324,0.1146955446931156,0.047776583493775615,0.35606523986455235,0.8074512147418056,0.3735215572725873,0.11152551086081916,0.4990749849834182,0.6754223637105746,0.1318099554925416,0.06833984643662341,0.5282736226847525,0.9885419797765437,0.5765642596981521,0.0,2.029995628275364,0.0,0.0,0.0,1.0,0.0,1.0,0.0,0.0,0.0,0.0
20,0.7584689513421846,0.8929483624865674,0.6507865383533329,0.3930926626656106,0.2210387761159498,0.9204098112171,0.9794396687054838,0.6666666666666667,0.13043478260868824,0.19546470313933018,0.3006271362163891,0.4853739665449048,0.7684246077305701,0.5962214905149941,0.3677799965588814,0.7083646319056731,0.8465634889804452,0.9253327788197783,0.11427117030759595,0.45801269006314127,0.2646125448238479,0.3564890322451696,0.7568189019318403,3.422514648094995,0.0,0.0,1.0,0.0,0.0,0.0,0.0,1.0,0.0,0.0
700,0.24065118474114255,0.9183485292153636,0.688328287257771,0.883793018144149,0.9777641998270349,0.8244035783806323,0.23389673387849108,0.0,0.2608695652173907,0.27701460864810945,0.060896393402393945,0.07911634689773728,0.9150026334238881,0.3925674135963103,0.7073825820599416,0.8006098710820657,0.2305762098657126,0.5428479385130313,0.8208235603789606,0.25220533043017423,0.8481791074079825,0.6057508176496104,0.18421585100414234,4.0779174916771135,0.0,1.0,0.0,0.0,0.0,0.0,1.0,0.0,0.0,0.0
71,0.4081642903485093,0.6103781843877171,0.4470279787010267,0.9645610673612014,0.6469763350954391,0.34333570379729755,0.049973846162227206,0.6666666666666667,1.0,0.5359990862511799,0.31911066518391423,0.5005277710139335,0.9671824959412914,0.37235485624448617,0.2558173591036259,0.1382703177281024,0.7208615825323526,0.2128092508730034,0.22579645188810693,0.13314931270923216,0.37170341907972304,0.658435046626031,0.4888914704294996,4.040828288235162,0.0,1.0,0.0,0.0,0.0,0.0,1.0,0.0,0.0,0.0
106,0.4490842400075009,0.1153119012662055,0.7132453401791681,0.33124056488810494,0.7119372581401938,0.1640084957891595,0.9802380020521937,1.0,0.6521739130434696,0.26055962019653756,0.19831826334959687,0.2171408398718387,0.7404978210858673,0.10520323195105696,0.8628936546247066,0.13561500850998387,0.6512905041763044,0.2819917535203291,0.9025911950584302,0.7290205919053597,0.6755457176694292,0.1504046099053219,0.13123903442959164,2.516898299297753,0.0,0.0,0.0,0.0,1.0,0.0,0.0,0.0,0.0,1.0
270,0.054277867977705396,0.9714314843753858,0.6283250466811916,0.9602232339859245,0.9985393309086866,0.9573562627739158,0.4613134664726117,0.3333333333333333,0.7391304347826093,0.48960465412781407,0.0604716375736139,0.9896610007067981,0.5525953981029124,0.9600376928003549,0.34309029215077413,0.769610443570615,0.54622579281022,0.5540831804702658,0.257092530967366,0.8514312079212891,0.3678846606205509,0.23657528741494083,0.5148194145151057,3.282528480233007,0.0,0.0,1.0,0.0,0.0,0.0,0.0,1.0,0.0,0.0
860,0.7420627038343569,0.58256497499395,0.4130903159794775,0.46990265817192867,0.5050833328780008,0.6018867269919623,0.21720673933672213,1.0,0.8260869565217348,0.2142208737667951,0.1496842689816658,0.350342133655789,0.1017505428236676,0.9259202523102641,0.1887000348802406,0.15629469634925597,0.8546549254060885,0.2749825676170261,0.9261135684267283,0.9180185245513985,0.5746123519321389,0.6248530852040557,0.14218929869329786,2.364463213129127,0.0,0.0,1.0,0.0,0.0,0.0,0.0,0.0,0.0,1.0
435,0.20097679355569997,0.976288107132847,0.9574403677224919,0.5619917683600356,0.5671213812704518,0.0909926261553547,0.38846777099709073,0.6666666666666667,0.8260869565217348,0.788041265835026,0.5542134772004025,0.2480510266355112,0.8839783169945941,0.8566468255767022,0.5454842391413844,0.6093181080444721,0.446211728923363,0.16628956852255744,0.15360960126519665,0.5121253185422726,0.25070226184728484,0.8998465321182127,0.7618719251329049,1.9436784570890888,0.0,0.0,0.0,1.0,0.0,0.0,0.0,0.0,0.0,1.0
102,0.26520133544627456,0.7978672201608114,0.806913674705912,0.9599209142524256,0.5594744055914475,0.02179536223401124,0.8450726979996358,0.3333333333333333,0.5652173913043441,0.7525086134549769,0.4786168593603325,0.9714796439958349,0.848517767642366,0.7037342962392601,0.3896355053920282,0.4784404061983345,0.6936797990083207,0.38362038119735464,0.036003051889599375,0.9415163220963636,0.7515221637976717,0.444981425666949,0.43288492313106514,4.266929628678389,0.0,1.0,0.0,0.0,0.0,0.0,1.0,0.0,0.0,0.0
