sample_id,temperature_mean_c,temperature_max_c,temperature_min_c,rainfall_mm,humidity_pct,solar_radiation_mj_m2,wind_speed_m_s,season,year,latitude,longitude
0,32.80098911678716,21.55157766350388,24.382835282548857,250.47413094890456,72.96599823952482,11.708536137537536,3.916072838313033,2,2001,15.338920028806854,115.88785763511063
1,25.094204114297206,31.456551038412847,15.266958319305319,182.28783621584446,51.42693575379711,19.269770909530518,1.3914349217767248,3,2012,45.79576626733524,-53.564615268557134
2,34.7477521579618,23.225751429551043,26.918428715882378,81.00787668617761,81.11207134479267,21.036645845147824,4.768800700540822,1,2013,-9.974737785396414,12.02030006099534
3,31.03946466836537,23.808167753939394,19.968275563507945,226.24575019148693,44.45862961578704,10.832814431484065,1.673216210250239,4,2017,-32.66201960480953,-111.97635239376301
4,17.166079001415937,35.807070325755255,7.6656739023427365,34.499459746350865,62.303609405197484,8.74559081810457,0.95718750423392,3,2013,34.80895033155295,-117.60234781805882
5,37.439314087645386,29.823184789255833,25.357138729216416,234.58117199014708,41.04835302895095,15.472985380122758,4.2400087507164566,3,2004,28.21398939747747,70.47236965365542
6,32.50621314577812,43.046311253874876,16.25309938910835,181.09571445047393,59.71803698315052,21.15840946187143,5.415300875349709,1,2008,14.094248110677427,-88.06072193428781
7,33.079479021369934,27.97891236520175,8.257696263376815,42.11759233495646,39.14799053870317,19.063257204760426,6.906104798047948,3,2010,38.38084567562913,27.908224019920766
8,17.946613551537556,38.15450320959753,8.511873078352677,33.05661329678736,39.694717462291315,19.93198924704805,6.371266654657277,1,2023,40.607593538331926,67.92202019670538
9,25.358876571598046,31.52748575387269,20.813280507527054,227.74253669657412,66.73340262252094,14.848268779887263,6.929303845674112,4,2012,17.91129772163564,-111.2966617179974
10,23.528354557349367,36.49878252823197,6.089567654778265,94.95141288611278,45.827162530546005,11.994074269302189,6.200515781156679,3,2015,51.93350126685432,1.1601777693341404
11,36.31559474351784,34.99238391789976,11.591656593017706,267.8975367224919,40.342033593854836,17.040240335838362,5.774295476796045,2,2017,29.774075285559448,64.72102298617673
12,29.808897761855285,31.819599318974955,8.215114580806967,231.00117609875105,85.78609500810438,11.474216793736346,0.5760317685552472,4,2008,25.918783854636587,120.22736672080953
13,33.92351710522909,43.751527365610926,15.144780881197537,212.47517096813766,32.58019504440306,20.345887848746116,5.195767338569079,4,2023,-2.4720386697219183,-39.207872837552756
14,25.198526573028616,28.567841068873896,14.53013675587031,90.79575526370077,63.90888676175323,11.348429751311109,1.4036135310433826,1,2016,-34.79672792599931,143.03846301476915
15,20.226490601049868,24.430887531231814,17.003157997843687,215.5939105162692,62.89583050999592,12.951475534143803,0.9400034924940579,1,2020,-13.31515934952398,108.0262049081183
16,27.7554501013642,36.95235152199571,11.431635569358196,284.96282850930186,45.03653246418359,16.611261231491092,1.6730911407924154,2,2017,33.752845613316694,55.671469462100674
17,16.46779689039603,41.15018903269772,5.7370025556980755,36.552351967464986,57.16630470676907,16.274068880439415,6.674691210813126,1,2014,28.888412899345674,-14.18011304354458
18,34.03551695582939,21.006343498498094,19.13088045030927,104.58716618103415,35.26426698495813,18.214439398919502,6.078870448250161,3,2000,-5.208006965291524,71.9998015738646
19,29.528281179807493,31.240817210567016,13.595514066294081,78.0549569838623,73.27620875543315,15.436558208498589,7.615793039039093,3,2014,21.302467708459496,100.37218264899542
20,32.4360180219636,42.31219224218316,19.98070497102107,124.04253897619334,43.301828902609394,23.631046244671552,7.842321939878079,3,2003,-17.424126847417654,-38.10903378062953
21,23.154097266986973,38.74046547307169,7.499340328498175,225.27646990764447,41.60312158959336,22.2788796013522,7.199629897804866,1,2014,-11.273505265786035,148.06411752489794
22,37.32605456108277,44.795192912440704,5.316879171763158,147.5303486133621,48.89270869665018,22.94492867102285,1.4969453823274939,4,2016,50.266728451224694,125.32722983375251
23,35.54178579041054,33.285345289931094,10.710767701361734,175.5118757748714,84.14219521578852,18.701781713858438,7.087870556937353,4,2013,2.186251564203509,11.085388892589123
24,32.90282043269652,36.49989297002878,15.500588428863201,101.10491754271928,77.78799889701256,18.79513456963371,6.78977851091484,3,2007,-12.951116513103091,75.1640772593567
25,19.476690280595253,27.562007028448203,14.063655405874748,50.97388745525916,86.81353746802546,18.356377623171127,7.03314394894773,1,2001,8.839742215509233,21.482401547071106
26,25.734583085721788,43.68838999164981,23.636958771289727,87.41075819194127,69.11774076198512,15.393030625164755,1.6376421283736857,2,2016,-0.1685708191370452,85.45124909319708
27,16.007486613106263,29.158387213913407,13.690265816434952,259.30728736017625,69.77529066192525,13.475802018143465,1.3759387082998815,3,2016,30.657613361419507,103.28519504705497
28,18.5486583175536,38.46276781716571,17.200147130870814,184.70091902448902,58.801859965573016,18.064049086630796,7.4285665968806125,3,2011,51.5904495841793,-113.72991010759851
29,30.710125924576456,30.078505102977047,18.65085862617042,119.61671522719779,84.31117940201852,8.434041231353655,1.803699868508784,1,2017,18.256368201192267,-98.6343519808247
30,32.129529585879794,34.04547325157498,5.502122007853667,239.0727347033204,60.65262895621974,8.126759334204651,3.264662982819509,4,2018,18.203246824322356,-29.15379771328371
31,37.25272384598683,37.994563375538654,16.848067667462345,28.69265541192354,51.30360424770148,22.477911047044728,3.919886371205452,4,2012,-2.1649527148865246,127.75568081073436
32,22.493983237177495,32.72335379378386,12.93111896617327,83.62841549749184,68.42250059505992,8.789208761219577,1.4333189587217334,3,2001,15.81678387777658,-12.466132551284787
33,23.520573238801987,42.67715817273771,14.689442936714856,76.7299146766284,62.76836960405781,16.921517555668107,0.6547571602441056,2,2020,-6.2604020251575605,119.62829810451956
34,25.799783659343582,30.482524698195256,7.306610165390756,295.7557230287844,37.44118891859373,18.454791970143965,7.955678523253371,3,2011,-34.901713311889225,4.857156410573296
35,19.35784125893857,36.176794953583126,23.00487300991884,214.76858889390047,53.56352483474578,11.368910903581405,7.074929336262208,1,2016,42.94865555906365,-42.00971151587518
36,17.98819462271585,28.559060832501352,26.675297768596018,189.1579215526807,48.7995246656688,23.22742425050752,7.342534470129779,3,2021,3.6499676969534676,123.17419942687371
37,25.941213303196477,30.203916705775328,5.5121828744808,11.445639935397141,80.8100265006679,11.231628119722375,2.634223019540889,1,2008,9.287963654859702,31.381107608042925
38,20.218915028170336,31.00125270583881,18.831573544661,63.44990060605864,52.73055341838652,23.03675478523347,2.150761795590793,1,2014,-27.48491761166646,-22.66924034188885
39,30.405721877697736,23.14517545780713,22.568413547632236,194.3069749621927,79.29331395833356,20.970834578661595,3.6939991863156996,3,2000,40.33994620648528,-108.01010902048947
40,25.054494134063606,22.293091976475168,11.550574538947457,120.11860467968306,56.54337563405673,12.092630209911297,3.8998952673350513,3,2021,-19.669663666016866,-90.04805423897955
41,34.151598509330256,36.687248078668944,23.113778451853985,278.04131126692766,75.2100338067366,10.562650826693591,0.5419957914818048,4,2001,1.9559042905884354,-82.38621153678676
42,31.10609734605173,36.3879434585763,19.54416616762493,231.7700235511098,38.11691571067139,13.375956073165998,6.344398344198747,3,2012,40.62389923574932,-21.49420158913631
43,22.184432751786943,36.572742855252386,26.37074054223461,139.7413811131948,85.47901317950775,14.76515962659467,7.975002786065129,4,2008,6.200464619216753,43.97989805097288
44,34.14197543208962,20.494161133567292,27.563110661136776,227.35934348609842,58.833593447935094,12.178339500481698,4.46518152576567,4,2000,48.803710191981736,-36.950669106078934
45,33.50958022242644,28.1636710667945,5.97396062197021,292.86725390960424,45.58789473757838,24.981156328825193,3.411940212593384,2,2011,-16.16171269213793,-102.30753888350395
46,23.912002717694012,24.945246181479924,15.233568503621143,143.68443916342648,44.48937638188841,11.904089716072878,3.4456391991590247,4,2022,29.370954695929413,-48.50164092431987
47,21.631546390395613,39.453785563600306,17.58071911429902,196.3325074876747,45.904637314498316,22.120792058708567,1.2205784912907551,2,2004,53.019867120555475,-9.65595425710525
48,30.697396591424436,41.51576003490325,8.375094363776007,276.4127383677756,52.00345037507806,10.705001700538038,2.4962136377300883,3,2007,14.465227349827977,147.91288074152885
49,18.214307123014127,26.167009430653685,12.73457409982932,82.11565199049025,73.051171960537,24.66415862969111,4.265995914759734,1,2004,27.296550877959362,-13.893535717246564
50,19.59788865692749,36.69622897119966,27.71589129839862,267.1017949632207,86.97618257404761,11.833898790812443,3.73886000851023,1,2002,0.3903993640907615,-95.91723693819013
51,15.169332204273127,23.23407008645686,5.373300495876843,38.28796496416497,70.14224580741794,15.168705431321069,4.587760593073327,3,2005,32.620360575292196,36.90099990796202
52,33.099260682549186,26.878813140042833,15.407682425060834,198.04996947041747,62.82997625664605,17.49558913505441,6.86799236478055,2,2013,46.79866508713562,128.3028196090982
53,30.291569701616737,23.46636240583549,24.381056299518512,237.02306496617746,56.915868481028085,10.044857157653587,2.18931727024709,3,2018,28.27500103454763,92.40783869267253
54,31.21880370840571,27.08801916498073,12.449729042543634,188.23580358320356,79.69166802225699,21.88594114714472,0.7074813567973397,1,2016,49.233584024288135,105.77894348055389
55,32.95676771350526,36.868413683731944,16.03536556336853,153.70509320423747,80.9794321467642,12.669654055574107,0.7866908396205556,2,2018,17.978738679307867,130.6225849476292
56,25.55506283738182,42.75817275463131,27.495052153123538,189.03065897844894,47.582260465969114,17.337588327228282,1.5062660398014378,3,2017,16.942369640586662,51.86674591409525
57,28.081047506916555,25.06306019810465,15.922167238941189,53.98247554603893,87.20521491920582,17.3437747817852,4.778622386033019,3,2009,-7.583535070176019,148.62913727644462
58,18.21533095693612,33.55197587376798,8.011190179369478,72.51550599576332,53.70692179238293,18.244891089538346,6.561386075284435,4,2021,28.866474204740726,-111.01397613249428
59,17.634191691327388,37.53477753108581,6.189594308326995,88.27080974733917,78.00468415149166,8.943261770913349,7.151044544604737,4,2004,44.37572695805399,105.4067125587618
60,30.37326812118085,43.82306171213914,26.744581166118817,183.35600878271106,88.00919268493399,10.866518951136655,5.263349014812285,4,2016,23.168460351603812,111.39288077101065
61,25.835212741292047,35.251512072179345,11.113616505326512,138.15131138607043,72.21948605133667,10.740268129697192,3.523574393381701,1,2002,-14.026470146127533,127.50910550573053
62,28.000430449067345,26.37767327568452,16.593469850984672,80.89799432089346,39.69304358707163,13.134871410069483,1.6588603111711058,3,2018,13.96982032495179,9.10575356167925
63,32.59497372056859,35.636953922848406,7.086140620069278,266.01470632192826,65.16821731043585,10.463540666591777,3.5106375458260928,1,2002,33.034367525627346,92.694099377562
64,29.59852136001359,28.012279041950404,14.744067772663916,118.43733368503479,37.12662738573471,23.672662453162925,2.9931135043083765,2,2005,49.54269833854775,-67.32829223728146
65,27.732326215133902,44.403209767292694,26.392426942752852,139.34919857666844,77.34852239213558,16.72022565869211,7.025194106428533,1,2009,-20.906355543150145,42.84516079811789
66,27.861764697144512,29.99190337909092,16.555498853511583,128.81331219920844,46.878910432432974,18.600777510945633,4.1503953305795545,2,2016,-23.525261813009546,-23.16580886186543
67,21.990852255440082,37.135693019025354,27.33610849145354,62.763457030258266,71.71288938360112,14.077298981768054,2.196469249658966,1,2001,2.1649177209615402,40.96688567873338
68,15.708810195062606,20.58068955866896,10.953219656460192,222.17183447476768,84.60538044781194,12.696184397576495,2.666008001118349,3,2006,-23.694994748365023,62.40133693274109
69,25.044499952344335,30.001536153368882,16.604540513190557,140.0528960579688,40.860591040210345,16.55401189394762,1.5235262340701676,1,2008,53.23860212546066,-26.291459978531705
70,19.93544747484917,41.87769033306279,24.76920821161448,14.71456186888835,53.571470316070005,13.00349057219217,7.389390868018484,3,2017,3.187393055430327,-61.61565918822457
71,24.39615880566663,35.25568611083115,15.309804154736106,289.56397368434114,68.82712728441398,13.841980737405994,0.877593846773514,3,2023,13.024946716111444,-33.14426460797962
72,34.62827068516782,31.09857215989941,11.42820959211436,246.57144736266997,55.17951556857007,15.69676486260457,0.5963468641692067,1,2014,-14.562099683650583,59.26845617900949
73,20.38060817490284,43.39843748589315,24.675933358611278,219.83221268662294,40.48913649748292,16.597472682134043,1.8724170014515156,1,2012,5.421351118323635,62.75604309165885
74,16.34096305884852,41.34960940368073,13.967457784070007,262.0366424503734,31.74429685012782,24.733338200291257,6.581555134329693,4,2008,53.62245413750978,80.1555727265067
75,21.47182951650592,28.055391845573457,17.206635694385383,272.9741035456096,54.39588862211777,11.796483998752988,4.4260008997331095,3,2019,8.981843623027252,-85.83511568536937
76,21.752656428633724,33.61371005103349,27.46012252754835,107.87201485148721,68.95254159491523,16.295594803005002,5.193824655327398,2,2002,-34.20584667759624,100.99969536870464
77,30.224079838718588,32.245606402311566,9.289115779384868,187.1780167408426,64.43905248914932,10.541699571318762,3.182987565618011,4,2003,-13.17252227744325,65.79990641605798
78,27.811739503849402,35.80506250287156,11.93221464456427,186.5542646696223,39.37447438563854,13.949986956035534,1.0150848916187754,1,2004,53.060934743065374,-111.76362929352743
79,33.02965880944751,28.35278167396889,5.714600801606319,87.51690395507312,57.0416066320432,20.194282218008873,6.921186218691261,4,2006,54.01607620696592,-29.38858065253629
80,30.279211427529916,26.105125019147206,14.012267327931212,74.3661529196495,52.168262770875174,10.965856443929768,1.9392070409405557,1,2011,-16.05562192054649,6.012039094748815
81,24.346897813121622,42.8167958813884,9.60421890345177,43.033103897516405,46.452144137603995,17.882972228350734,0.7479440040883601,3,2022,20.373767905946814,-22.633277595560003
82,33.722468847318794,43.09686248746266,20.640803514381503,201.20111681577131,73.75627463162336,15.083917400656123,4.795281019498953,1,2015,-28.0782502545127,-88.29744018372845
83,18.84037715787719,41.083072144049474,9.170393551614605,236.46650739892615,48.57912180163106,8.876852254876042,1.124669152884508,1,2009,16.96974782001662,-64.0165031836481
84,15.52237768207879,44.45511076911403,20.520693305335,230.6763640599311,62.408517139981754,23.86227910513356,1.2182138889487566,2,2005,-23.66713686622063,-113.36842337426421
85,17.07110079783976,38.624788144492214,11.059934848354306,101.71985938364256,85.39341211617699,15.031253384979069,6.502827736118938,1,2015,38.67953712783921,-94.86916643480804
86,31.614265063718356,39.11668071404999,13.170010184787595,69.52535663490865,62.35655893521495,21.326751107769827,4.187071919884966,2,2006,49.561748884202004,-48.09896821437292
87,25.62317629578191,39.064752299066015,13.023794997067142,141.54811175184037,67.02137460963365,15.077329308440605,2.311313391853573,1,2023,-19.431187275546563,101.39197172164725
88,18.70925091777284,32.01519077355766,21.485290253763015,168.57590346974806,34.394759170053085,23.935125466839338,3.114698175196391,1,2011,6.644095173534161,22.192127683044077
89,26.524029827377362,31.41130486285679,15.729713052181891,276.53526711088114,40.68804862450418,12.937995685291257,5.969307341323787,4,2013,-25.816130137282926,-5.385569513401379
90,18.503178362402874,26.00565690372508,13.309874673611711,263.6987147394757,36.057071957886805,15.007921044690846,0.9976560856745138,4,2021,-4.4773993634322515,58.783994868808236
91,31.01536862678793,36.120479858982264,24.610322537907347,275.65691607753,75.88877690135041,20.90069208440787,1.3736046194990743,4,2007,-29.141202071552616,26.207851287751396
92,25.261594338202706,27.233003402558364,18.15486438974766,256.57609168943407,80.15526485501054,13.842344359774568,5.121965262429272,1,2011,-11.190812478431564,-84.49123977598092
93,23.763488200219097,26.44521024255886,9.918108889393949,289.72854928653027,41.187317591674656,14.19407021269805,5.052288008503305,2,2012,54.12013003803713,-59.891691767468814
94,21.93477805040116,34.64903435240137,25.7020993973047,144.99499917902665,43.15630505538546,24.911993948041797,7.7934663840152885,2,2006,-30.98570594107383,-59.91896253253594
95,29.496499641734435,30.24955970562608,12.880956808773734,23.767314255597366,49.39243736956698,17.445446936735983,3.309121109415872,2,2001,42.307149665680356,41.98717840533237
96,23.32169004272798,25.471415219865804,5.8965256833583695,34.23298932305869,65.46465701723012,19.719467712392518,0.988082203831369,2,2006,-28.029268002130564,4.638578871123542
97,17.01594814427032,40.40140041882078,16.375805151412415,123.18008111397951,67.30777162800118,18.938857980611367,4.531530761372209,3,2002,12.609723800562413,-15.3520331085695
98,17.714135748771852,41.5142479823594,7.850575252140189,84.72925646916921,71.20523751248746,22.074710501661727,5.287601088213427,2,2016,5.690781318461113,30.292576678082753
99,37.12364628463884,24.192487991944525,10.48472820546208,59.28277149470952,84.31156537280776,22.65102669050963,1.547020893396868,2,2000,48.83991940185804,141.93126216129042
100,35.897355886274966,20.187675819999995,22.183550071810455,286.4290946075081,47.702408429792285,17.575354251995265,4.646464801513975,4,2007,-17.085512394341936,-35.16776686491326
101,31.09326407764724,28.403249213234343,8.007291707655327,66.6716806390805,69.52553935240654,13.007453274428789,1.9832534124369845,4,2021,-18.828618615832838,20.45276708104967
102,21.115009113568952,39.93777089201882,23.55971716014282,288.21998897141697,63.58337074666153,8.38760420877448,6.835475434108012,2,2013,32.384267971104904,9.699904223911233
103,37.29105667899765,40.97934665585811,26.548867627011933,230.64326369315006,48.35023442475403,18.44485526809344,6.763711218378723,1,2016,30.314752579031847,73.49361857137808
104,32.911270791213276,23.45822675290123,18.950238309382726,195.8742449163148,84.44491119562039,22.032970165515533,3.7222182199883136,3,2016,27.926359344351887,77.17837235538735
105,31.488474350656897,39.35839752957628,21.33826141652507,206.04549842591973,35.72900471755305,15.65917669369821,7.75057392884603,2,2007,-32.648559544485735,76.84909478152093
106,25.33531454930714,22.892604182735738,21.4124920278706,106.12755386114596,72.72006160992308,10.800004388344693,7.8483040583730626,4,2015,-11.603628194758222,-65.5897134165389
107,21.261555922438657,29.75156475391323,27.834583017220233,197.46384103690184,73.67242278135612,12.897395239905896,1.4693831671071462,2,2005,40.590566006886945,1.2551468175206963
108,17.21699212953048,44.965237875297895,12.855380030637326,64.14071430156693,84.9195916613977,16.669811801701698,3.2578535362435073,1,2015,19.07723093110954,99.01716657786713
109,35.75985512050836,24.814770580772745,8.745700678582157,281.93457543543406,61.11483554108121,22.223580722620333,5.002411025349835,1,2016,19.197542865896345,-16.986853954026188
110,25.482854666173054,23.84908956444066,16.940846403029393,97.52006858857213,49.297340293154754,10.91980348316315,1.1362835718608328,1,2021,-8.367505513566947,145.74888166828077
111,19.654357390290297,30.570008313669838,17.26474562612929,84.00408856512723,79.66444019160123,18.40654788706174,3.369916278606028,2,2022,-11.584422029874691,-21.50757971610622
112,22.037002355465006,35.491713149246536,9.091987230811323,216.23721147630567,76.24861690994356,20.80726643715927,2.4587906301244304,2,2000,50.18993992164292,14.370043382331403
113,28.322050085663605,43.32251956033133,19.10151663686521,200.37012823919275,60.01893686516822,23.912807845691994,7.640376657250281,4,2007,30.497975096789105,8.121910596687655
114,19.06577400760233,44.52052863832586,5.324868869966951,140.87668631955853,76.07144253802866,9.98396275854061,3.586893671236029,4,2013,-23.582049397834624,-2.910773333304519
115,34.70212853412464,21.741015914784867,26.336373256447096,193.40940806032802,46.07253612463565,23.748657780797476,6.220031439106344,1,2007,49.39362479293874,108.32046944629784
116,32.44594918620983,23.449937933697633,11.085208389889019,56.25299081064828,65.37037982420807,18.224948097966152,3.400290226341303,4,2014,17.413313663624933,-78.07568586203635
117,31.547647986871546,39.76844934739985,5.909884792974411,205.26520914656697,81.91100728727253,21.03392698634886,1.4885905281412661,3,2020,-4.997386973862071,33.269470731775414
118,24.938139914827385,26.765803806771512,7.489737153921713,88.47710160660623,49.07907027699075,8.914170062665443,6.973636476206356,2,2006,0.7425501759638564,47.022425885964395
119,29.42810333615619,42.121226487659015,10.525725810431759,89.12243323617263,59.01299894584459,16.604518645890117,0.5031268767732789,2,2021,30.286405931735644,109.8297531787301
120,28.43425328499292,36.58633143072717,11.299841877939041,57.03218113369753,87.06269125037336,18.584704459373494,0.9195565548083752,2,2021,-1.135461348252477,44.48404318004927
121,29.94647183576086,22.79612005951693,5.75462998844776,106.38936916048775,77.8927105183042,13.216175277838282,3.2328830442278242,1,2021,17.087031920674626,139.20549390270077
122,16.94221938621745,40.81323212310018,11.425160680455772,106.06280749028515,83.22234121983317,15.338053537721295,5.651736916390524,4,2001,28.944954698356433,115.4852823104508
123,24.56357024992402,24.408909500201897,9.437659939350088,141.71191339365808,53.11482365342678,17.42306829975317,3.062782214680818,1,2007,-17.416250242463192,-25.840213944762496
124,15.957125998823527,30.587384866991343,13.708281330993927,65.22165635324134,89.79031557807353,17.39331497614066,0.9973461321573123,1,2002,49.981733761829446,112.17474022852531
125,26.361788842623938,33.80462321398325,13.858857959187292,65.97218548604224,39.15393628102878,8.711645931916248,2.883800253006116,2,2002,-2.9444505708131175,138.78900980523304
126,22.58680788365406,32.51915372700696,12.797178033866219,167.10418578233623,61.12623499297854,15.471190031841171,2.337356442426217,1,2001,2.743728136922286,-50.556761150361694
127,18.32405634391908,37.15407289037876,12.542249321206192,47.37444735443779,58.756402937774965,11.634908631467924,0.5406484986364847,1,2010,27.866293108103854,44.75637779939029
128,17.378268257618686,36.317168371731384,7.063819388048778,209.78013231676218,77.90593144800806,23.583816327450947,4.5110143488530134,2,2002,19.79065804489877,-43.91294366762341
129,28.515825160087378,44.801050138201376,5.57971378390173,283.744666500153,84.51706635090072,24.60185983209668,1.3748443605813954,2,2007,4.610785324526127,55.383165352198745
130,18.92363827634838,44.985547730604694,9.64862890359873,133.7707302826697,73.86836261448359,13.093997237985175,2.656222165974996,1,2023,23.476783627071228,-94.71644277230409
131,36.27776272266634,32.91148506589102,22.402936830582153,271.32054081369625,67.60897416781816,10.978151753267998,5.308923726668109,4,2021,46.25454768148401,78.23076590464552
132,28.364406213109085,22.3799771740216,27.788624607675807,38.511811426500685,55.645751450910225,11.731570566121832,5.938367666172328,4,2022,37.025525498087674,-6.648646279257434
133,22.97800550430125,38.19608247421796,26.356102026318567,22.457711938936924,60.61955502454405,16.12178834100021,2.475917201420169,3,2000,39.18331089592962,38.57293824263792
134,28.591056304072588,44.416601955414734,16.597045177368678,219.1969744790136,60.55801879348931,22.86659518492403,2.968952532989255,3,2015,-11.743243228941836,-113.01715131865551
135,15.524489033683043,27.95815969072551,17.231948682892487,230.696256164634,31.22210842106266,16.500615653939875,2.3518192859559894,4,2015,2.746301436787384,67.76919290678865
136,37.04686190455324,31.530222145939344,12.235376087824378,254.48688988006788,60.182748289660665,8.94166504916006,7.676664502371439,2,2003,14.843722748865332,13.917665616515734
137,26.092979049686704,30.6194231203864,22.800607088666094,26.477126735994613,81.35824801044748,8.678055246123447,1.9288979524055212,2,2021,-31.022826275466535,48.81777207571736
138,33.00291022675658,21.285478863923235,22.58940382245092,235.30304593748082,72.55644066853489,11.865646075588426,1.873854527252572,1,2009,34.28129623395921,-34.769647458433
139,16.902789998216086,36.80661078058612,24.418264224396225,119.19623251100872,77.74251732750028,22.32711171936029,3.83776471873649,3,2023,-5.888291802641998,-80.6285531762181
140,26.19314160927769,28.833442376711695,25.59660527552834,97.9679134778376,53.42909938611126,18.565169478097445,1.9197976940042687,1,2002,-9.566352976308714,-2.434185661041653
141,26.28626087015398,39.68659686578756,14.990032709181802,60.17693718955611,61.738394214777486,17.570283514366956,1.6753134221420611,3,2015,-11.663719157946826,134.8743627473181
142,36.5700084644246,40.80300188204966,22.638138066465544,298.84456897973286,32.00901413982603,13.422483073904916,1.2190965327581411,4,2003,-9.495866112194204,-58.49561280347256
143,28.149745204649733,40.530769664946135,23.547170762305207,28.46244090247045,52.97987653016061,23.800231885785184,5.301284360811871,1,2022,-4.5786651057951,62.476533249517956
144,25.890256224309937,30.416649950997005,12.094571317448253,249.83232423631983,58.46496269355864,13.630030164356253,5.09061691176422,3,2014,19.434210226854326,-106.54224311067382
145,21.140440251113553,28.03864205602249,26.37257161214145,195.453386292253,45.3125339759449,22.194055015100094,5.376221689084747,2,2001,17.520878971005686,73.88694202207068
146,22.6260869388787,38.72051949167637,7.169854560712076,223.17332883594148,31.87445873943899,23.23035980559003,6.299750060070472,2,2005,-11.985942175831216,-55.621959563596874
147,26.975465256845368,40.034735846068074,27.868191120755505,216.39796477732096,71.42448652673713,16.216695224674325,2.9476850959443186,3,2008,-16.421815108411327,1.9096062619197625
148,25.094963587016075,32.28143615978415,22.712086517653997,258.9460006712229,56.1052650509306,23.202917581172624,7.388178002089411,1,2000,39.37223710642212,-20.70666283941101
149,15.4970778372476,42.32577548840757,7.145230822459527,63.29970025827141,54.94069158673405,12.7056558856478,5.99903458301567,4,2000,-26.654899609127014,-89.53310730431402
150,34.00471425647023,23.597717401963955,20.093281906415015,10.239138882058759,44.999205241710534,19.19336824511569,6.5353144143589015,2,2022,11.154055708083476,-26.692872821820558
151,35.61169775231463,41.976719491474,5.7861264513499835,183.57326182254718,62.26982393988103,9.495383724914566,5.907216228700334,2,2023,11.85047867703485,-25.4662612608399
152,18.22572904696805,22.402380824297033,22.714299837216206,112.61900540376685,56.281606876243885,16.056881639570697,3.1884173407442136,4,2012,16.672312613045946,20.968522538032943
153,27.742831301398134,23.83813805136535,23.382127198158273,45.89832602396993,58.43906838174546,11.694640636691915,2.622743660469762,1,2021,44.70851043164221,142.53491389379656
154,17.4972420461152,33.34600033184901,18.8554358211033,63.98023869022927,64.85228090618293,9.06697572482025,3.6688780218426063,2,2015,21.152254608529084,6.904731077870196
155,30.46152213991567,21.687962004685374,24.707789014081122,106.20730061317464,30.379478834384123,8.063333637319552,1.2277277040001884,4,2000,52.6270389623221,126.89506202081114
156,21.46837702829719,21.32017753500276,7.251315444941773,30.367677557143935,84.46175421230535,13.520785979493741,3.8846037617446036,2,2017,43.42177750138548,4.620567811889956
157,30.16672059791374,20.01296860414264,11.346248366938704,26.504828617250748,34.265243816704874,18.022020107124966,0.8235573732142988,1,2000,-15.673376646150963,-90.96330876376635
158,31.7208761285983,30.907916492356577,14.526082996631422,275.6476139014088,57.05548483895967,15.738915910069675,0.5295947002039587,2,2019,-13.293502079722895,-57.85871827549615
159,32.67889231410611,39.36559703230574,5.976532915046261,100.50979731257189,42.44237251436289,13.130078074831435,7.4862420460601955,4,2008,-3.9703277676346467,-9.97022746444793
160,17.478041756985622,20.87095875699789,15.308970014136822,294.84690226733966,61.42694216219252,24.850400523196267,5.6700264544091965,4,2003,0.23629735721181788,-32.15043129805012
161,36.06827243816498,36.306440161646385,11.099909490589017,289.66643241581596,46.81380652782827,23.971925679654525,4.713852102994767,4,2006,14.769560827692594,113.77390763377275
162,20.294921790582258,40.57818293540466,14.03290527834032,51.345671874863,81.60038988375624,10.136106216237447,3.0582652956729337,2,2016,-14.073863039329506,63.234312593068864
163,15.860488792052134,24.200021214446778,14.777360535823048,217.32804783989536,53.78159003774522,15.056826253364411,4.779035110138056,4,2020,-14.988933699761091,36.143282018041816
164,27.761606796004116,23.671593370535106,25.226469870216757,184.23341784685007,68.32533334610625,19.03039787789138,7.186818322537488,2,2013,-0.6749038368728364,12.631978833906459
165,23.531212528836093,41.5200243405134,11.217842322135699,210.28765120049454,44.93278368887274,20.469343558008923,5.392851004578985,4,2003,25.48208018914768,-12.736933061951959
166,34.0851640920455,40.57811524875237,25.556091960474255,37.89539000419769,31.16436902964105,14.228326633461336,5.018614984651282,4,2021,26.931305178656956,45.29195875464305
167,33.58978385747894,33.473544156604675,14.797332190695533,64.68242280402183,54.24927213679656,20.68679081650091,3.9515337722875854,1,2018,52.85050660362606,-86.35606533001713
168,22.294194534922454,40.479996982349505,12.539577575961678,32.22521182075563,62.189189373497406,10.110550219481532,3.092727729881435,4,2009,-16.782610947036737,-76.11603918143547
169,36.91668608660413,22.31890193561237,16.55777713470836,185.19891951295065,57.572829075705016,13.64081462938098,5.739103354412838,3,2013,0.3573236671282629,-38.15858458289101
170,21.691110277222727,29.86203794846886,14.608095586345312,296.1114119962364,87.7208618291316,20.179363987850387,7.857357057618607,3,2023,51.82097481451544,-73.78015355550991
171,26.846313972329433,38.44493890265932,10.91956320026836,204.87551592080302,72.4103504307617,18.636607434426377,3.685682701404426,4,2009,27.10078683989969,62.81665413670049
172,20.887197083054865,26.436298983099086,16.56162447030954,216.1208451563596,89.74018803752372,22.232573652648135,3.441539030106506,1,2000,18.305067233981724,-113.31255322031377
173,36.52900211112616,38.80822286083882,8.49143986081312,295.52966204755154,47.70360541883832,8.796569385341636,3.7108510427378185,3,2003,13.568144626121224,-76.75207724997748
174,18.785979804386418,32.604465109770345,13.09438868952822,206.6233507098209,77.34319677642878,10.964659202991825,3.6915797603729112,1,2014,-28.20406578773691,123.70418956467691
175,16.03294424602357,38.75664969870583,18.013175045604083,21.652656062256398,63.33350805279683,8.82440789862343,7.929685800263713,2,2023,45.40364279343193,149.33665001996349
176,25.007232380069873,31.61699094643324,14.508389620966748,261.4316242484133,66.70562126690996,11.265941812236592,5.800836931320055,1,2017,21.295469387359688,11.64942901358512
177,37.824637973284254,29.19760850554544,23.949984304168318,115.75670420985092,89.15119202653966,8.072807780759895,3.1938833690794377,1,2014,16.450066713523064,13.74991971587474
178,35.50857712386302,25.479730411965807,10.904600515308823,11.265450239267455,69.23923198506702,16.571575128540726,3.286267803700419,4,2007,13.555030898965832,88.81766580410832
179,32.217984447509835,25.209483535875375,27.30474631311323,157.09791149263796,83.92901354021507,16.981344724660342,3.730976935580418,2,2010,0.2722786589000563,-110.22881404244472
180,35.48822729020607,38.7872702642849,23.048606479581082,281.73435025411646,73.54501408315483,19.18416028390191,0.7753414068533727,2,2000,-12.080177777519651,-4.704199886735907
181,35.549272713050854,22.972758700849013,27.25463959794186,84.62589928654512,37.643167303485,14.543511602417738,4.458623015159375,2,2008,32.97897868010358,-93.04647190996084
182,26.93374228888833,22.14955875277363,24.277140761096994,152.53882018532357,71.96542261933875,8.054530741648128,6.585357136420735,3,2014,10.861076598549587,-11.749876682748791
183,22.26636819210824,24.407284125553254,8.268390294587782,60.39529745689332,59.058935321128914,19.456149624929832,5.454258449056329,3,2021,-31.945442093970172,145.63189710479622
184,32.75628593855272,24.383662786348047,17.108582084605317,26.73087478326763,85.12787957894054,8.922948491714514,1.988156350711562,3,2022,0.918504979494692,83.48098581690749
185,30.218209052858505,40.57769057017249,8.90950598750307,33.35803454680283,78.41006683142732,22.724897323901647,5.960256810337774,4,2019,48.57432744005493,145.96238643500885
186,23.594127764095333,29.96266558685531,23.819229110426917,220.83316272879307,36.248081256433515,8.385117791034935,5.895939547490228,2,2000,-1.3494894613223423,81.43312893106247
187,17.17273336541485,44.75971143401206,18.435729431215805,260.5815965152232,38.034938619213506,17.018077095362752,2.4690441173674778,4,2019,2.190970713301631,44.189719387778865
188,32.1761610610276,23.43028144476531,11.059334230208833,51.556663383222414,34.176660107916334,23.21360400055385,5.171559926427014,4,2005,21.156501074953205,83.63962489035572
189,21.036591866225887,36.33849564234109,26.38077635616494,93.61238466503593,59.59469248467705,17.732322788409263,5.082117748414521,3,2014,37.15073234342941,57.95475170216588
190,36.546702462276926,31.218237680031265,7.649279226227996,66.55854561699992,34.84630555244118,18.34308469124681,6.798407178921361,1,2022,25.161500593424094,5.297828073515262
191,20.54232322513075,29.82295441742685,17.96883527984022,17.7881753086641,73.42070019448164,19.587384421735898,1.5205423387508095,2,2021,41.504925801065184,-41.012489818593295
192,17.823432445464178,41.87710497635206,21.583932757334686,170.49509726722525,63.14151488702596,10.08095041141794,1.9612887838364206,3,2015,-24.742647166337154,20.448076020275835
193,34.11559145887284,44.389891145709996,6.353516358645932,212.9774293399178,80.15310105318855,19.473760713779512,4.144771278258539,2,2007,48.2133297986784,-50.20676204661376
194,18.52553928236336,41.82147396935447,18.750688763742684,197.88446945667044,46.787747320278974,22.96603299421786,0.8310886166923027,2,2012,46.35297391702474,11.402613539379217
195,19.123171087628,24.807516975878325,23.765727955651165,122.53552871765181,61.14844704966845,24.56175415820038,3.6169564820127995,2,2016,11.723372792702904,-80.54344040130678
196,28.7858042049794,25.51994803022335,6.5531282316152275,170.95297132257255,37.048781154632664,15.531883989091899,6.411642814997925,1,2012,21.226801400848096,32.656676721911026
197,35.11492693926168,36.40184697737658,16.781588335452422,37.28879892450516,83.07660015901683,13.856582478518296,1.6153579548799866,1,2009,-15.846825481873843,-53.773403480731716
198,19.517997311435185,27.227089540954793,10.94681509742102,54.74807842957849,40.5002977373903,20.80626346513739,3.949615527023936,4,2009,5.315269418325002,-40.72581193577619
199,22.13744447670218,38.3681282695145,20.24726238534918,280.2204396703652,36.1417350810243,17.228862897620346,7.923269250368334,1,2014,-16.75669751721689,14.737598281244885
200,32.88031127954709,34.16051627024112,7.729579442813433,230.8372468677701,42.303035911391,12.374179125735518,4.294400100686483,4,2000,-33.02209889530825,-76.11791168417321
201,37.352007799402244,33.77271921226007,26.55218290542166,277.59433778929855,78.37388932337889,10.92668404448495,4.237428680915679,2,2023,53.28127613143472,139.84256858169817
202,26.517047282653873,40.713673120969645,25.57875737943883,275.83728250481647,36.34887166108097,10.893915110076643,4.690951877931261,4,2002,-11.676813586081543,0.674965156076567
203,18.309642558678767,37.763319293566944,9.277411657141311,198.32385896124478,66.86564969028996,15.806009622304586,1.895032777495559,2,2023,18.379747800805177,-24.884608000777206
204,15.320534617288635,20.66444412493229,12.435115340397406,279.1892079525279,74.77087803690753,10.892114895466051,1.603729120144582,4,2000,-7.977465481592326,-112.11691662500314
205,20.28208868997367,21.236478428650393,18.51560441701999,130.84418989391435,75.06486962897227,8.335222048195257,5.580159718363314,3,2012,-1.6440541810608593,107.67867804030288
206,18.031911009089985,35.03896131140039,21.51543374258776,11.048710987632871,41.403653196487866,8.88550917448473,3.4682510742932764,4,2010,0.798540272404729,48.97515713272378
207,30.58614949309572,32.15480189055689,15.18108834868594,28.14562359538622,33.69743990265672,23.808037247200417,2.6742997116160683,1,2013,-4.845794180771808,-7.570608192849747
208,17.802147606456217,26.504616383574785,8.594700405102426,41.75132445323641,56.92838302633305,9.240342799722308,0.7354371493992319,4,2010,22.365978340594218,-53.70614417861155
209,26.64558842727456,30.46640218287004,7.395484357466047,37.65250142302948,42.14912071467276,9.244071739876313,6.845378728838618,2,2021,51.484264343974544,81.18710304235401
210,30.96803601978639,38.94775796832151,27.99460274902991,111.99369334657639,71.95624854083627,15.670203574070051,0.7424664938362455,2,2000,3.577118500560971,135.27813545025012
211,28.365682012080754,40.665287116448255,15.473098793200206,213.36853406171372,51.401567979325264,12.166704799695554,6.124873430624895,1,2023,52.59940516488386,-17.181379473954536
212,19.594839988181327,34.03057669725111,25.06823023041546,239.28815391414355,56.96123646198792,24.365795486932463,3.3649141924893575,4,2016,25.10175136103048,-83.58346153760755
213,33.49486410219204,29.634237021427573,16.094648106469634,181.16184955994115,36.80909598610271,23.486759271462674,4.990158578784876,3,2018,19.642257551890815,-90.51741823636091
214,31.45436398116344,26.767419037377675,26.214225686558077,52.466490621524066,64.0530171928915,14.880635227411542,2.3575850051762175,4,2003,-13.660653338096928,-118.28226746985081
215,31.99663209005746,33.047961769231335,7.018465803745664,226.89146462297083,41.13145137791444,15.628435830076405,1.6654974967405485,3,2001,-29.33713646905573,80.86796900836492
216,18.014328285818205,27.868740464109525,7.622441400694672,112.8925565499037,70.73913965489622,14.376932102284695,4.500410006262106,1,2009,41.67412932626459,144.97675419345103
217,17.846337483957925,34.10237842618057,26.38154031765716,13.768071114820911,34.270129352873624,8.64372398293318,5.717132712156077,2,2007,16.65829575498421,148.06079324346342
218,36.333938673149675,36.91630956274094,26.792340036030055,91.37069995449731,88.55367553687941,12.978396267330048,1.9661997120885992,2,2018,2.2972476182393677,91.7332586725899
219,24.144298457973633,21.651980272984872,12.238501291703358,105.87416070088359,71.0716187151487,10.08544898340373,3.7726921057442313,1,2021,38.07705898796351,-76.21037986006823
220,21.921819910961613,20.02668662556868,13.168792400859052,89.53120521324985,40.90377406871557,9.740295610257087,3.8349122771854676,4,2010,-7.04776556804131,143.98155309654283
221,26.237433043085268,25.306928471018573,15.406355401199434,245.44234442439983,30.84567872771135,17.534646739918593,2.119843618095971,4,2018,35.525553036803856,-31.490370389473256
222,30.245876893562397,42.36278744296953,14.571718641547688,230.37865530228618,50.067773532313126,9.679002581130558,4.737870846890983,3,2001,-5.483254813478272,-29.922705437013207
223,36.979334912080304,36.15726908071398,9.371039967070724,211.71008881966603,39.16879584313244,9.749832504519482,1.594517650862755,3,2017,47.87930677637472,65.5809772809585
224,21.588263218287267,24.29900879842557,25.662633830605614,50.31147276855693,43.10467998717276,16.168733151928926,4.32311879988935,3,2002,-10.88298129888777,-106.75671948989813
225,36.270593874176626,42.25659904559047,10.826074816229806,244.27183381482178,82.36501550627337,15.518800207084858,1.3507363352449961,3,2016,-22.6201294182886,102.957827075041
226,15.571768301883896,31.748898507183497,21.221265417985986,206.3810288823639,66.19227960305096,10.33979134725028,4.141568066413531,1,2009,27.828703751447065,149.27026465169087
227,27.769554973516968,31.902293916966517,6.544580587904377,66.50292907960365,40.58745918173397,8.075633421750672,2.8369929115666763,3,2009,-20.34374722417063,89.26884008427768
228,29.581427568664957,43.38854859606638,5.891280625153878,197.94723978163975,63.399564041246926,11.280565510053346,3.8918471906115126,4,2006,50.4426745260087,91.05265262597996
229,17.435640286267326,21.4871673045835,20.035800869269174,150.2183758910675,45.34683920549959,12.010168321094692,3.753120195823806,4,2009,23.99996011499794,-14.615308947031238
230,18.22781073246999,25.379456865717962,12.797364724184987,137.41151793830528,88.57205186148535,21.60422354135075,7.3094984211394465,3,2020,-14.222540484392663,-102.20122496577264
231,24.639629344274987,34.64428312886806,20.07556603256003,42.515717406992756,31.965433815821715,23.562451958962654,4.174516999673471,4,2019,-16.20629591431141,94.0202072432943
232,37.22333397929318,24.887162739550103,7.162487649883099,160.30823999509795,73.93910533006891,14.901054757295485,6.638741779076558,3,2008,48.14875352083794,41.232683464296144
233,28.708978724390576,36.988175230223945,26.846581738064856,38.980224601985455,76.37982157148564,14.885454350516623,2.192392946837864,2,2007,19.70721215649018,125.52144606296278
234,36.45953409680486,25.352307233418003,22.215832738541195,57.633482303737324,34.029765837462016,20.112181823917737,3.140620959756941,2,2012,45.43624060051751,-88.69001695495521
235,33.50030105909833,22.47892426497036,25.154146359593383,48.438431139681185,40.31216185388109,18.65767426697971,1.063170354748932,3,2016,-25.079731563875733,-37.61677296459075
236,25.749776835771705,25.174628991020995,8.138822743023752,286.6914009303022,53.05839954623745,11.130383173787955,3.655608461161202,4,2004,48.28529760212585,-22.622838494685666
237,33.049559332800314,30.56835085680156,12.363702284535997,92.61076022872813,82.08928959174406,9.830715079029643,5.5152491530619825,1,2017,11.80443807946795,64.48552130706668
238,15.410246031470718,24.403457479326995,13.471915776745913,113.00925384284224,62.21999630510996,15.439402141135863,6.786252755820471,2,2022,25.157972469821544,92.69119403785186
239,17.510311925611905,23.367300623083683,17.354970911516826,103.40337582585046,69.31841100043744,17.60208217376697,4.744361838493664,3,2020,-1.4412075612847417,139.47551031779346
240,34.07685814230294,41.50704715547352,11.827975166670528,270.4926291016617,76.98077012741055,10.358029253699758,5.300545021948089,4,2013,-29.677371019475643,-40.2400672524783
241,33.326793031478715,28.009930089932695,6.394507070356317,173.26011428711766,79.6873673002512,12.985649387943557,1.8295030821271112,2,2007,51.21751972076463,13.281830312346756
242,20.350737065227975,29.01896716295634,13.484202756961826,276.5563706906604,58.577072585020865,13.201030939319773,0.7790452867507953,3,2007,54.51384961976338,-112.18054887804944
243,27.20770058377823,21.381760237530692,10.85463423642749,96.97822269008971,60.527588326408875,12.442069417410789,6.43766108882987,1,2017,-2.1907836115601356,-51.69327291060027
244,28.93836387610025,28.934240587551354,13.876189703653942,43.302055585265194,73.08035142526677,15.832941526960447,1.752786555809648,2,2010,49.948113677678165,-19.019052807697108
245,34.957995936848256,26.620179433039493,9.530069480260604,171.30335129001062,45.800541524137586,19.102080933435555,1.1837715164956433,4,2002,-19.90463381345922,40.327675761871035
246,28.87146461879069,35.262126683544714,11.023616614988915,110.20572761910508,81.26938418193146,16.659628021471867,7.531717406799465,3,2016,-21.078399530728202,7.1282832717769935
247,24.48914609329465,25.134757441810166,19.419903829942182,242.552981712317,31.247209468550494,11.424761558204851,7.7264102304438245,4,2003,-28.419934399174565,-21.591733860210724
248,23.6062329983652,42.20913632657101,13.927538195295497,265.032788584381,41.74629613258348,9.749963799805796,5.12192968701871,1,2023,0.21424668257356672,48.50105096292222
249,24.79528798659073,43.24166552298888,12.943818042898318,147.0463181630508,78.01199658219019,21.971797869277907,3.3397795451547005,2,2010,-30.292797483656074,103.72623282159009
250,29.994413588339405,22.495776429419756,17.27982955261458,291.6941169847974,50.41549271356033,16.148179606202355,6.74929655723039,4,2008,0.5191470651607091,-54.74609409410691
251,34.95228453030347,22.68507390721443,22.752792439410293,170.3737718398777,38.98996996153836,9.056366130275912,2.0353996950155935,4,2001,-22.54486142152986,-27.423512599688678
252,25.439628287754893,22.8831609527747,13.713962996003016,88.56691408203062,41.2052853426842,12.388065494042486,3.7204424557226146,4,2004,30.747501601566157,70.32938541549538
253,20.700309947881237,35.4892314077578,18.512948328784333,151.8028994498396,61.84538411616417,21.66857423253063,3.177629742504513,2,2022,40.002638440276726,90.04396166480316
254,20.443234348944365,23.049224105240572,27.222660383468053,20.819984796849006,80.77089176069927,20.77934752115035,7.345249930562612,4,2012,26.903388501665923,102.85715536835477
255,32.15832844559927,41.30955794825665,17.005542624715165,243.1603364762896,34.239042946266636,22.888882759255424,7.398330615217052,2,2021,-16.95552628074597,-63.48057089780226
256,33.78108155874994,38.85678787344731,25.92534425990352,39.41616474778208,31.828854547478965,18.235493042028764,5.381644447427497,4,2022,34.01633736171601,25.60207953599223
257,17.421395836644873,40.4952214559506,23.25447035789782,99.53706166587143,57.91008815021058,15.189400884086936,1.3305510520451889,4,2001,-12.544982267005253,123.0029966018268
258,16.530853709969097,33.15151317215052,6.3505296779534435,173.94179863143358,87.37124490321808,15.25279495842566,4.1164459224372685,2,2009,33.35397372716747,-14.173377125297236
259,28.671974266398394,44.916930287978836,14.869274043792908,22.462786437600673,46.74058820484758,11.298000756380043,2.339962746680426,2,2020,16.065781740675178,-3.9315656401799686
260,18.36198461643206,21.104377573604033,21.061323380977527,33.00190076261999,87.5502323440229,19.063582345803994,7.136867473883614,4,2011,-1.9958735337911264,145.90219485318516
261,33.967276380495846,30.031624104652835,27.694373986308598,211.8737437077737,83.26087059540008,17.94616885357852,1.5380209926215143,2,2012,-27.48568597855481,-89.47578557122354
262,22.13769750025371,28.098416723440906,15.54265469671479,30.815356987622934,46.98810458325067,10.63269499429021,0.9073270689553052,2,2013,39.47585588263232,70.5125371546417
263,18.30905445833628,43.716137467816026,7.134065444915008,148.3540312117392,79.0168838553688,23.056269640771372,5.783217751625587,3,2016,49.56876287184028,109.54971430104081
264,36.18232086721136,34.42152396243982,17.92621101839596,108.22173369201761,71.15203815412913,14.26395945628015,3.8996455622611466,4,2022,24.932600200057372,-79.2857505088153
265,18.807229622911397,40.154774136118135,7.910967218851087,76.14302830736078,60.709343334285435,8.845559013858164,6.7877366570231334,1,2021,51.80874100240949,72.90237372195409
266,21.54856189377252,24.258529841462973,22.28494988642605,64.74588038046298,55.374968582572485,13.573975653256324,1.0597222337698382,4,2015,49.070027713869194,6.82931994281941
267,18.533108089417347,44.46585359751097,16.67657094162089,231.38927518244805,78.93016535552741,22.787564150096788,6.508070994558818,2,2013,-17.48524392766217,110.28053886215366
268,17.656271464303163,32.46598867190788,21.63892147267759,285.9472360135819,77.58476596170127,23.58826195965034,0.7800106463311874,1,2008,30.809111373839215,125.01212554569466
269,15.48640437573812,32.34180190676614,24.995322018206046,50.65212523896621,75.41618015655355,16.33677309341377,0.7105250893546773,2,2002,-3.5625662506074924,115.57092385173482
270,16.274094410777984,44.272118213643445,19.465804394743877,288.30755356049684,89.89535707291776,24.257778981248105,3.9598681379827227,2,2017,8.876562450906341,-102.61601285366655
271,19.01675383152461,29.518309030428625,19.086104572823174,182.4811260077801,58.710747656483036,22.879110756603595,2.1596846726048886,3,2000,-20.87311119660388,84.35092474004304
272,16.227784450425034,29.938125613874824,22.35511679511152,196.08151755534456,78.41537866919495,22.02892219068683,4.95289030254898,3,2016,52.730148525188724,128.81244524617392
273,28.596307770552336,34.61881757012341,24.37646503341135,215.87864966134873,81.7487020190087,22.6150710995975,0.6936274565860283,1,2011,30.352364476876772,47.76407898115136
274,30.656434116388645,23.201315263694674,24.98823708437106,214.1944782028285,42.696154887221034,14.49188200687,0.765421567722339,2,2018,-10.97825213321287,42.23653632919235
275,24.053500507136647,28.02714066029637,5.837894500706316,247.7452213738496,32.52398652318366,20.85997199284424,5.953613721289553,1,2022,-1.567547884876987,-107.84854540251003
276,22.31379522989714,24.830208061128264,17.792376826349155,150.20590889083226,54.284904131314775,17.814763052294538,2.0762387186923377,2,2013,3.0234634145905943,111.12891599560339
277,26.604103451511293,22.58208697767624,9.974194125343683,164.67399037926333,81.40420106620655,20.234628029585213,5.423128427455501,3,2013,32.27803517294562,-107.47103857612639
278,35.125113671395994,41.6536151582755,24.787955487981016,103.90983071439061,47.346196871670614,11.022363828873168,6.124416211255689,4,2011,48.312754009262605,-35.352406276138026
279,34.57602741691073,34.7332791531869,19.913146759677307,40.52470219710395,72.00060924404545,20.433696500174015,0.9449837429372558,1,2008,-6.070388031388553,129.98302762754818
280,15.999926426294214,28.966819788197782,14.665117017746077,202.74565536860354,30.44088834385576,24.27907138130092,6.273154658481794,3,2002,7.5250079452377605,136.4311885369683
281,19.174463420720052,30.21673443416782,9.32639724679108,19.746891064012765,51.32186593921426,13.145276480484302,2.513159134709645,2,2000,18.388681555123107,147.81314592849907
282,20.44513203540111,30.787975092183864,12.797543396156009,89.9341648141768,66.93100168548906,24.76474250724566,3.421594686498112,2,2017,0.4009593160284055,8.628617115479273
283,20.735914244140872,35.828729553617734,21.186886974425164,37.32666068936908,37.785431404340216,14.432392251691308,1.1497939422148753,3,2021,10.376319102911673,-72.09402247712708
284,28.138350990083772,43.16923478722483,9.700269539867692,65.31087562358823,83.79641472884603,11.395299449357559,6.789724875236395,1,2001,-25.48631338819082,11.745011443852633
285,24.574035791173422,43.31949049142456,7.152407742782573,195.23196474024044,39.376438627024754,9.908865906604053,4.705465897443229,4,2007,-19.909305105185055,-92.37551022757671
286,16.132844758334663,29.787299488266584,25.424661439233674,192.25822275942627,84.58761270023967,21.344352525899023,4.2849895838537915,2,2014,1.0991131498130429,115.58474942189184
287,23.593125184570148,28.23156148994424,22.576838040342686,132.1059247687565,42.983358520978484,17.43203180640166,7.764161081770667,1,2016,47.34451105934973,31.345052981956314
288,27.046317820505656,31.276162504631376,9.59528340513705,36.14987318195244,89.65672043495044,13.221231992254491,3.008793199555031,4,2017,-3.557775882982977,-10.783407224976074
289,17.338453766785467,34.19835576071232,11.72316549888981,135.67843577322844,66.28492279773545,18.343656286493882,7.18084464857522,4,2016,-12.518647225548772,-98.52671033018281
290,34.16954673713687,31.545447786243706,27.35761407401037,112.29601283890509,35.060693666298675,13.64572019329708,5.8976591079845315,3,2002,31.857599876434833,-10.585017259509783
291,16.195122928697398,36.46883524541752,21.2882431954597,218.9331543282254,33.91663406871959,15.622081874583799,7.4639610188917915,3,2006,50.42171494689484,113.8717342653294
292,36.27136298741543,33.859975584494094,19.04200609691797,177.917716377725,34.49530177556812,22.66529013780255,7.308515395718448,1,2011,6.321125535719268,69.91960176884743
293,17.279602256337135,28.017888667351905,12.075455164754999,152.55407252772972,65.39356483745712,19.3588301066058,7.932723537695522,2,2001,-34.22555399895352,-97.73701027203902
294,34.40222388674832,28.643270144065816,11.879878315830013,151.2248038684486,78.57475213964312,20.96083127498018,1.4875756402786817,2,2008,26.933439832805618,-76.82505607393253
295,35.76102231033519,29.464819688993273,5.909043229875301,290.2260973055215,54.177764506230346,17.919390374982797,6.470122940686963,4,2009,2.3554721454530423,-14.076707508973755
296,37.53012565349163,22.365994206234717,21.755082938744422,229.32532429400064,56.69014555691171,24.853766831055555,6.533707662106274,2,2023,25.628098295459367,-92.62872767480197
297,33.44659524629265,24.15156581034933,5.993030176308344,154.12407253343707,65.35726221987768,12.103971126945176,5.332801461338651,3,2007,-10.005513575371683,132.19112183818316
298,32.927983437740565,38.077845053634654,5.1117187688774175,148.9745577378035,61.98243628718134,12.45894973221985,2.5914571867865153,2,2023,-34.783267056473385,56.11885205033647
299,29.777115347897595,29.727417788052,21.77838702080252,17.678939378439402,71.2837039860762,9.57350195855166,7.738612037212363,3,2016,-3.99534031289566,-94.39778964793484
300,32.91691615529697,25.36347431400359,26.824096414429885,283.3276863627439,58.30714320978159,17.41833153520208,2.033166034176572,1,2016,28.431310835164737,92.77551484272439
301,18.094700793502383,34.06681026437143,22.39957009772814,102.5604518125256,72.83164110384405,18.42710701894225,4.246815337688293,3,2019,0.380195470827033,-20.530399285575427
302,27.329564826795657,38.888488561835686,15.84772438436071,84.2223337454157,89.83864455279804,20.341346739279935,4.411153346143896,1,2020,-15.274327431209663,-53.88492597063038
303,26.82712601437953,26.435559058634286,16.17904073990008,299.8285883624247,51.01787053492589,13.702580741137439,1.7137200862702913,3,2005,6.760617772069139,33.8959343237166
304,34.72415931481882,40.66974704809361,15.031137720929422,218.42000473631208,30.73292777492105,8.208365631705462,5.918966167499307,1,2010,32.71136709685469,-116.38952405745384
305,25.644385408650866,43.18762149062624,12.466804343537675,23.735494256793515,37.53750273309929,18.747902130501437,1.1665037313517983,4,2012,-24.25102218869246,5.65736822814884
306,23.85705841030813,34.93486322684602,16.999426926274325,27.94678833741717,63.21085109921723,24.977823372846505,5.698233341350332,4,2023,27.257683028198308,107.82734813569579
307,29.70995523845353,36.72369147478949,14.916472014245647,17.395453548457382,50.65546722867912,13.007339014429872,6.864616222179777,3,2000,25.060962142355258,130.57555091610345
308,21.12865630251946,21.314399758076384,18.757861240937817,183.88948085873204,86.39895562229955,11.126885691973335,3.1204731881179963,4,2011,-1.6335908283435785,-27.51022980756126
309,18.214673451941007,43.63799727554766,25.65676185152517,30.753705017966023,67.64676540644297,12.790038283048005,5.820656064494002,4,2005,52.330257224154494,53.45787880456197
310,25.991177302546156,29.812118356623593,27.885216598447638,280.68262348502986,61.22131115792807,15.232063071209803,1.6758050611088735,1,2004,45.523476953231636,-58.75767164041494
311,24.588455477682356,43.09751001363575,6.811095667307094,281.7028966065766,77.88237007632112,12.265519792193599,6.84461751089659,3,2018,-6.545466727813714,31.25752916587146
312,20.349108632164096,34.47443811875606,13.847719871210852,168.35567935694314,45.51539226294571,13.898320431248008,7.640237739149185,2,2004,-32.20180159455412,-51.412513938638966
313,23.452771632647945,20.11546997108319,9.156242502636617,188.82529010482574,79.18431241694158,18.849514555849165,1.6452027012483268,4,2019,-7.252567392943099,34.2662573294123
314,23.427026346003693,20.963549983085894,13.098770900287274,94.64937644232245,30.183666291845576,13.86547577632445,5.688946054792491,4,2023,-16.575025171306105,-73.63502833082765
315,22.532397981488543,37.010470141748044,11.61187942661373,28.552037298399263,67.18064172814306,14.733002061322129,4.293733224173943,4,2018,14.252672264283348,134.13279032540072
316,23.727673833719365,34.066700345798324,9.01435402741613,223.8635291056265,86.08542906274673,8.680531467587487,4.48624498874284,2,2004,47.68699790639391,119.46771862996874
317,30.772096945486744,20.66331093015186,22.57374922868968,39.51793673721507,77.2715971220322,23.605022527588787,5.798672889505162,1,2003,43.33037590337693,-29.03207264881324
318,21.82815891513956,38.58649903055964,16.414641085072425,34.81171589533401,81.21805152884156,14.917061318552513,4.16555374502328,1,2010,-7.475375990165595,89.6989800097345
319,36.823732314452826,41.30363342672955,26.142648390996193,100.2547016692249,53.81728171029003,13.578439772591503,5.002447940132876,1,2013,3.5737780200073317,-94.21388470230747
320,36.07600444937809,32.41043706098271,5.749626194681333,13.615041352985797,79.45433676600757,9.470231336171537,2.231757645585329,4,2018,-31.71120208283902,79.89744535046447
321,26.060939850901807,31.643936008931377,6.540494302035768,135.87032856933163,63.049899901816,18.78111466171812,3.338799473664727,3,2010,13.974715688423451,-43.736035004569885
322,22.552307715107844,20.136827720865686,14.275292407397915,215.22746392322225,67.11241419019194,22.685024154483834,6.989302625536265,2,2004,-29.296881795434402,-83.37672245751718
323,27.315000166090073,39.66624281233998,6.846378369292854,242.3911901123623,33.53492036014821,8.699604400890806,1.324268837362892,2,2023,49.474554960618974,63.111628833975686
324,34.51689124179336,28.267901668652634,11.04278071754117,185.24911810168717,42.093101830463524,10.469631945222604,4.981814457002299,1,2021,43.0240451367045,6.847840811235102
325,30.009508832882346,41.96909049456349,27.678684090762342,255.59351890303466,63.05786493081315,10.488627091065524,1.8821529667616765,3,2015,-15.72311362062473,23.137692467219864
326,33.501012042782776,29.326514688951328,9.806070972146124,127.885639092462,33.52806346940986,18.23867254091248,6.84904698442529,2,2016,27.943181187584088,20.543041717238623
327,27.252612349512024,34.12694776576764,9.556708052478086,256.1439046675382,74.48680839526278,23.660918546212272,4.842829653901624,4,2022,16.121834418999974,-103.94904483137472
328,29.557105473155275,26.758544704983187,18.19373538230131,156.87726004453,80.4034205113141,15.442062240113664,3.5228658700270334,1,2011,37.12219412645648,-106.12733274497721
329,21.62757912619662,24.014707814622966,16.453960688242603,74.68047711950564,85.2217416776883,13.844709619295461,2.3736850523886344,4,2003,7.8086896076367935,42.31522606598617
330,31.902542733136688,39.3726975845332,18.35008083566543,283.8022375315351,36.10610755078835,21.019291655143753,3.776335243922258,1,2014,-17.74052264007998,48.44345343596248
331,19.655305641891523,32.41476197115704,13.664911398796574,89.74155341276378,86.383214881368,20.623674049846073,7.682092444413067,2,2010,22.585906011054853,-107.26286974091906
332,30.98035696282546,33.41219809380627,24.015534277583782,17.598430414460005,34.0572004577577,12.194854367712564,4.319069673077154,2,2019,-27.77477057036495,-17.821380390289207
333,34.79653857149556,44.13539883704338,8.187352683176645,80.37547245695781,58.44337295566892,10.734048159234064,4.021171487748951,3,2018,17.612919205157986,45.46984548131539
334,18.03836525793551,44.08949780555384,14.85303085435371,116.33939276465405,80.41506123766871,14.082770551061058,6.097053601252318,3,2011,-15.856567508198818,57.303777053330606
335,29.130734032464154,41.39105304256009,20.864522514214002,111.89140815388659,34.218668313867326,21.18525766785273,3.3428530312393003,1,2008,26.644279341120424,103.6344550046689
336,17.187202209288497,24.69023231912584,24.96943812650669,162.1535777386358,31.093864379339017,19.81607762855463,3.7056796241059553,2,2010,39.523884555529776,-6.402283428842168
337,31.691459450242817,34.8568173575395,13.500146946205426,266.10679579041783,31.49686312239904,19.319513008055488,3.027107986787143,3,2015,-25.14277436461348,28.029600909681562
338,16.943344032940963,41.953685616388434,18.058148779156312,94.77808586181276,60.676214366162014,22.100285522774467,1.6318981649704354,2,2015,1.0241696933733095,36.21130141438064
339,36.5266159221144,29.361598411223444,6.5902187351670145,161.02347630815896,78.69580467579978,12.711215309803693,5.853569106519879,1,2012,31.016942899839705,-35.747773508913866
340,18.16038239086945,22.527654148389622,8.917339026572066,108.64029656965901,37.64560026435598,13.774623332981673,7.0477318541271785,1,2012,-20.266724463302737,-105.46714134076487
341,37.05424565590885,40.274072555998046,6.590177736720634,248.31418721822814,37.47661524477244,8.719770660355993,7.2919448693207425,3,2023,15.98713030321418,-118.85899992462174
342,33.42033604995722,32.04408878405429,21.741260515966005,55.70443885365873,64.1128113029875,22.76867818866007,7.106022035283347,2,2006,25.46550836881508,105.7538623520017
343,28.654686102726146,34.10981700897946,11.625379280609236,40.017977809916964,44.05773604871542,17.90130549367703,3.8883785182849464,3,2004,-3.068575348455596,-65.93740791895569
344,33.00035440647958,44.55360740794611,21.64614167441227,155.8686234389045,73.81282410869244,13.068078962022787,2.630496441523972,1,2019,39.87840467823409,50.168759322966594
345,33.28764129661097,35.1802857623518,6.527160417995315,204.84739987199265,86.978123290605,9.180081034639214,5.284428122006176,3,2022,10.95923665420424,35.80281923385829
346,36.7586224447986,30.624484641652536,24.838599409391485,240.7023083163223,75.96200439602478,20.297961553761816,7.660286839295238,1,2014,21.4295355946459,-12.09906928005988
347,20.827817138301306,29.249609196179946,24.217194556555107,180.99120734254177,82.63052198273499,20.72853783233404,5.952879861264537,3,2009,-22.32144829656992,105.0431933491711
348,28.57174559324111,30.44048231635114,7.045361090156501,234.4164307825102,61.17516345430022,19.325037085955383,4.211364211926174,4,2008,-32.91558429205978,68.56843083721233
349,17.18613154398123,22.959977079466718,5.54639964851529,123.8859169826679,79.939158253052,11.464276506094402,5.666064308850862,2,2011,-30.432628625751235,-113.85980487142331
350,29.17181110055479,39.868763960439296,6.294642698585797,19.531624377276003,40.974191039200946,23.52467299464628,6.2940343434079775,1,2001,46.35281333783942,89.70739980630486
351,18.93969999413414,40.942921454676025,24.63349398237488,43.66879929145139,34.100873423737646,20.803686323354896,7.394519459960531,1,2012,44.4378145823426,16.889680860475806
352,27.993864063866162,27.10992836433522,10.398180248193603,21.22955435640889,69.35718660748115,19.181857500927496,6.224118154791156,2,2006,37.68322952456583,-26.304791947631344
353,28.165901822778544,27.5949154602486,17.61028631073834,105.39365863818287,33.11715022548336,19.06604669817039,3.7489291672692917,1,2006,-17.03491178886253,76.25885725815303
354,25.71765851856823,41.85835640837033,14.803616673141304,153.69248896791788,83.54888514838083,23.3740809015579,2.552048888491131,4,2013,12.291278675455295,65.23772000449273
355,27.020530836801825,20.599258888198886,23.297087103257848,113.33207026051242,71.49324882644513,23.781221262651105,4.249112485471935,4,2023,36.6505390493536,-36.14117577538376
356,32.570237970151524,33.011436094180695,16.244660933825422,172.57384776925375,87.13204352453472,18.125836106174077,2.9613345845410386,4,2004,25.720226313019644,145.42049530442796
357,33.38262847977754,31.591892867037526,16.515199335209203,149.37665306290842,48.833199378794134,15.083379986363322,7.570734445158605,4,2021,-24.603092569165618,55.15129141217338
358,26.319523958234868,37.25316923946149,27.749114608497756,206.60341254054268,59.16949855209725,14.183477652510076,4.309743825874717,3,2012,45.59870798311813,43.56052236255127
359,28.790649155020084,24.084792503736363,8.452979805232914,203.4190274333878,74.50142190270714,21.924340298372282,4.040422519730063,2,2023,-20.5385846499834,-101.13230185992154
360,36.41843342087235,36.70826851987884,24.106190591156423,102.23860266151705,44.566739127649235,18.95829077718367,3.111471636161472,2,2009,-19.538387592799808,-44.58392930692089
361,17.753872535525826,29.418350196871913,6.1902441488893505,110.40219205471654,62.51092920670001,9.313522514312112,5.295552427187002,2,2023,46.090776625363745,0.682980628139191
362,17.693382015702543,35.467869454241054,15.985921700178327,179.69286827597796,69.56803650032869,10.417162221255463,4.400384589657108,4,2015,8.615524518506447,50.268940163612626
363,17.017307273947672,21.002375246819398,25.38570095045954,182.96541568834414,88.72851926682247,23.303160216782388,1.467866921736924,2,2016,-1.4397356639179861,18.446180297202005
364,30.13085555593214,31.543179929612734,20.299921208894787,101.26297495476861,74.68219765454309,23.036468517776516,7.019058581228709,2,2013,14.829106806825088,86.01889203727563
365,24.627990918178728,33.0562723495593,20.75993624542106,105.79218687487331,37.08785101674444,24.18115162785697,3.1925962410784883,3,2010,53.32575995489003,-49.10671763366649
366,32.80939257126239,25.358160071374666,11.056297491899167,211.27305382398265,58.52000708299862,15.273466444581503,3.7443382246861567,2,2012,-24.233259028306144,69.58238872627078
367,30.438322506097627,23.490591354478017,14.627220201313447,197.74913863406016,65.32624697937433,21.329035429892024,2.0425029249768434,2,2020,33.125396391285875,100.48120266061389
368,22.673668441549477,24.711857575307533,13.43136446047816,49.164733357134665,38.79738857186116,22.079825464343465,4.650486557134169,1,2019,-4.910672398028524,86.5634934073974
369,35.66243058931532,28.603526951583703,16.993193833633867,137.9021451058641,55.9179634188647,13.366847399249282,5.765412968214372,1,2000,-24.465565623713864,88.12857783876905
370,32.53823938262501,22.420253732624285,15.631242393304367,268.88476282607115,47.04034898014938,10.470741090861418,7.108739904694547,1,2016,2.9740019817644736,119.89690546078467
371,21.22230364093404,43.68299489324011,12.518662093170754,20.52864607029781,37.12965253572156,24.94944814786594,0.8870574872919699,2,2020,14.387758995274382,-97.27179353026784
372,23.376416408757244,30.124851537395433,12.026054084536913,257.997544480422,60.72251600780727,8.513726463772949,7.799989322745337,4,2017,-16.463452604466777,68.24172427100783
373,22.232119544698048,40.22424006266873,10.76961650806781,57.32166554860165,39.93798486074073,18.15471061809453,5.778633065152675,2,2011,1.4742513186942219,141.54311430144446
374,18.62506791837499,44.36042807772117,13.396086678349445,157.10210341389762,65.4322445151434,19.05360866108905,2.6322401330863805,3,2008,22.210842292506143,34.88567546612532
375,18.39901756847041,22.018382000068478,8.448653992483395,133.05756438767332,40.181815934511924,19.59041881348402,2.0335606626047453,2,2016,16.880321774819997,-61.324595764213996
376,36.530931657642114,36.29173669837485,25.058398946082196,12.937507829023058,73.41569541616926,12.345671647474525,2.7206593899094846,2,2015,30.084453464936544,149.6635275590375
377,25.071792855571324,41.78522716853035,18.848746012168828,275.4651117559933,41.71449738178023,20.266847153080462,7.067943137498318,1,2008,40.276407964366115,-72.83713093820069
378,23.816355923880426,35.85586084916821,8.077087788658675,141.92831592694864,83.77710604656897,11.678792575781515,2.685426298969628,3,2009,1.8226298592436336,-29.399421708787983
379,31.782771299579693,30.725653033935316,20.95876468680703,286.73780026057835,31.57256139292853,22.0936503477786,3.971158509179268,3,2008,3.0670547916004693,-73.54320912736469
380,27.718840500816697,30.77690894094846,24.496328763953382,93.15573128397318,61.319843222744154,11.724983459438787,5.7930354068167444,2,2001,9.702292100963781,5.418474562518426
381,36.53121969728463,20.897472150183972,10.463320457201956,261.21997429063197,49.20628595319282,19.844002494293317,7.039923977929141,3,2000,15.971804054317317,-6.903477405041258
382,32.94693435991602,33.365018782231886,8.46381366975707,277.49297645873287,43.50459154647545,21.31802925917759,5.439283717595781,2,2001,-25.25095931858975,12.635042057854662
383,26.025499974864427,44.83857491967119,5.198196914076298,171.48140074752638,58.29616674990888,11.212077757857209,6.14831897400817,2,2010,-6.862818122470333,130.55551801496597
384,23.656267890059002,43.967688149298354,6.0867577936991575,68.77655848163808,80.52117217945565,12.045770289754248,1.799950972219667,3,2012,-19.529738416067815,9.14758417524078
385,37.692525533259406,21.00998072105408,22.531781010980765,208.7217553106588,84.91663233159892,21.244763558484237,7.080558707683541,3,2009,-0.27325138902816093,18.949108077683917
386,31.5084854280838,37.6449250907372,27.70528563695896,169.20363929354343,48.194917088870746,9.461982517794198,2.56789387713583,1,2022,52.60186653166329,119.40416859798637
387,36.87747718008835,27.54412166742327,6.032247416954362,283.9136030972615,39.254617325704274,11.24293619193329,1.4628362304238678,2,2005,17.445786101288178,100.79465838400472
388,17.725007275991953,42.57472883515342,22.20563205883753,137.3888979250426,73.20842685397844,15.744025405228559,7.821832177555019,2,2009,3.644336792849167,-55.275051569130056
389,34.562274621388,21.127868642731965,6.652829814342081,87.86895781554838,64.91992352735929,23.813092788661102,2.012299440906207,4,2005,15.934320570133792,-116.50999208821044
390,29.652699331797773,43.39685255027702,18.619054972784337,50.10323043329106,42.06096892065359,17.551923193181178,1.5248897755848234,2,2007,25.216889988446134,49.96488989455381
391,17.80419860170759,40.936893594694425,22.38973149584947,212.60373491913705,75.6177472852462,14.590523419539833,5.195156750763399,4,2014,4.145811696136086,108.10945243613043
392,28.529933999292076,22.93760955631504,13.261701137157967,292.49178950436885,61.13582611452847,24.632293777782102,2.891473621220715,3,2007,5.293882382759847,29.269530404808023
393,30.78021639742532,21.495608432932478,5.251498585545266,18.219693465705557,69.20371197044446,15.883092205761905,1.5001190388536998,1,2007,28.126101644353774,-62.982231596531804
394,15.282961775437865,40.8676916081734,18.689355098884796,224.72915288565676,51.56034203780332,15.373494552687195,5.0084083791190706,2,2016,-29.522367511486888,80.16587448233284
395,25.44931312236017,23.893941774364485,27.798626447220638,278.80980514230333,56.34585367814256,14.9979533870913,6.1923892041667665,4,2019,13.607251145950976,60.775606305042885
396,33.98418875751538,33.372453824396764,10.925200725285404,31.68664492593131,40.82052590249653,13.307061234315537,6.448987806553674,2,2005,14.259503099593132,32.55878510030928
397,21.793257582914066,42.89362144696774,9.358299375305965,41.949313080778616,75.39095205872046,13.536811765538934,1.666344507592043,3,2002,33.10770350155428,113.10076698566562
398,25.546605881366673,34.18620283873308,7.8502955333308435,210.66755855041552,39.42067944910751,19.693230018801465,4.676503009549567,4,2005,53.438027710299224,91.74543529353886
399,25.173224922561545,29.930832536820603,17.77087925770129,197.90937900977863,76.69815568506368,8.694205154811979,6.602587780110955,3,2013,36.61793081081272,60.347064684150695
400,21.944330003177306,31.125401371349803,18.718237285286285,29.959950441711253,77.88047129307516,19.590884335987422,1.7081525856813893,1,2023,10.34097513854212,59.484840636268956
401,36.12416359685775,21.577929267596776,23.222229254919256,251.98259812383537,74.7960578433073,11.420476468139839,2.057616888280062,2,2003,-19.74921383535393,58.7947112605342
402,32.96976281492486,44.21880803403997,22.320685293271723,161.7929158750188,31.165367283524425,14.53153605447638,0.5180854807375821,2,2001,17.94348744698535,21.794481127472267
403,17.54353345291054,27.76635462702707,25.528454380287005,273.08723826761764,46.387992756400415,10.491162533525644,4.4347561729646605,2,2012,40.08689980414174,5.258844053838686
404,37.93179713026418,24.734087291821346,23.532772061872933,264.6173554878843,58.10026456750882,17.396767749231984,1.9601127264646319,4,2023,48.917265728079926,71.59212406465431
405,35.22160055907814,27.15118254600988,10.687142910827223,245.62725302454805,65.73266272300775,20.398957564186375,5.931819317951743,1,2013,39.27793415446905,44.83350999696239
406,21.529894070872896,44.10932987228697,17.785180312142504,159.61067991088217,85.15332596214301,14.0291447929582,7.716603917132043,3,2022,-17.992825427369283,12.294751821146633
407,34.24862133220158,22.357151337200175,11.84047505915234,82.99608610733536,52.53635832772214,10.77808181818447,2.065666167493027,4,2015,29.131827791439832,-85.80143444401877
408,17.447649233041805,41.68257601252954,12.585063729684556,156.73289613422844,82.50139912643725,11.850594892829985,5.368227588226494,4,2000,44.2139452737259,69.52077293635469
409,37.97940880090749,37.69609736003619,26.434720492289916,39.23529956251622,39.805757288210195,21.907919614934734,2.088758460938835,3,2010,26.29152699642777,54.41961405605065
410,30.310748930450348,40.750479478975706,20.68360581654269,201.0653830572936,52.27682925051762,12.550028496017491,0.63505144234778,4,2018,26.717683683539363,-27.592924987154035
411,29.95287535785233,44.39743850919741,27.415579504775433,48.85339357641221,33.13692064927938,21.169944081190863,6.189156456609386,2,2012,10.014605762597085,-23.792745121929272
412,17.080136720635053,41.0538663879218,14.588988344531124,158.2401591252097,74.54935746333733,13.630389915705589,3.7550350748816963,3,2004,22.327859991295455,-53.384956283481884
413,35.63176817462238,43.58455878194632,17.36106418714146,25.770772508377156,39.039165445974774,11.208453423830363,7.600901461359898,3,2004,-8.505735269928099,139.71711921855507
414,15.666988573702797,23.173381419772994,16.2036546580777,96.85862217964731,45.42120093890747,20.364245513666326,4.507144116075541,1,2015,-27.007092189282933,112.2543679745551
415,20.53904533494638,39.89471412917425,7.467602323045719,77.30333359423847,76.51399513159289,15.965265501078514,1.6811215173176297,1,2011,39.49434142708604,31.48323794129854
416,18.289503128832607,33.64189235202619,10.444145874111877,189.80914738638444,62.0830030453626,8.531713271671709,3.8733083134795843,4,2013,49.88298766523641,-11.553650429201156
417,32.865662635921026,33.58738987699652,17.13563629390309,238.16814648652752,30.838363165107754,24.319021128854775,2.0216884610451236,1,2008,42.114010183924975,78.9428211980343
418,19.55869722589665,42.47303940801284,6.549609018059144,26.61785681675258,30.134112284843827,10.511808566225826,7.085219545149308,2,2008,-4.947780159727728,22.48660755401926
419,35.94467922401036,44.29509546616778,26.423624374104453,256.58226869506143,60.63963790439382,14.007918599702553,5.681773856656436,3,2015,-26.582286382286455,143.47977915708077
420,30.094187904532273,37.620958076079525,7.848404684697528,259.6226315368353,48.297330824951686,14.541508794927024,3.059291034910277,3,2000,-9.787545113173412,-105.11689424101827
421,15.831742341378012,32.0734597367946,9.553557167588863,109.25803154352661,40.81868675971063,16.320308287393026,4.458652421053554,3,2010,40.85518382289101,-110.74285180556171
422,15.124886184960111,31.41009644754613,22.60238815058864,201.1111791313934,66.81563626296665,21.3525483796809,5.521101411597713,4,2008,24.023305686989445,33.5249748528108
423,16.188132091331177,29.658536430579545,7.229494461154215,126.75777919400036,43.70618830304562,8.103534754477154,6.371432874840689,4,2018,52.00248196926434,-65.11460987399518
424,28.936279085897738,29.039975739316567,25.706396291154416,54.71535583499314,65.53242898109687,23.85202487271327,1.1011040740290627,4,2017,-4.1587083406606915,43.16212415855196
425,33.434081649766554,29.787671042110787,21.69112232661832,163.312101383302,52.75595703517637,18.98182082345119,0.668891314964351,3,2010,14.632490826247817,90.98421770773788
426,20.486714874429936,22.243830881279884,6.578279713503755,35.04430560546303,41.204773060187385,24.161030945531905,1.3583952287741736,4,2006,36.103439947440506,-82.71036448008434
427,34.53640338723068,21.935902131510957,20.912482409570018,264.7569250648365,38.28628427212492,21.895622136080256,3.4624723262942223,3,2005,-13.940725154136889,-1.0357794688274566
428,16.316334623524988,39.4967460968078,19.52745646994031,278.0440302287865,44.21163618763728,23.773249707414685,4.00029957561569,3,2005,51.76809771936992,65.94011253132592
429,33.42216863375855,31.151822323005653,22.41903695301813,248.26780973330705,31.789926480779105,18.217009365906527,1.5234622266038629,4,2006,18.315790524263335,105.14316408170222
430,36.339294893962446,43.26711221361551,24.048550607254725,173.13315501923378,48.48761772217611,14.074252708911972,3.5836485342470397,4,2018,-34.28921930123121,14.012904309816463
431,32.75849317940075,35.305525214848814,21.522062952982566,171.70359142638193,84.11728141090765,15.529539072931263,3.8121708977137287,1,2001,-32.73620519347888,-64.33853153537417
432,31.056778031508657,20.879399554610494,18.482054791232354,295.5361392142696,79.88172755298169,19.18654927652992,1.3181747275811502,4,2000,44.399441476143565,38.1657990081209
433,34.273545029073816,23.938083532936986,12.416656327380887,81.89149005104304,52.320225403179535,15.257841616027717,7.374949701468005,3,2012,23.075337498496978,2.719608555749872
434,15.923479889582527,25.145494825325187,21.03729422208837,32.02502611251017,64.55001711490823,20.438437318952417,4.993594456907807,4,2005,33.676526715747585,88.41986529121118
435,19.640988546538274,44.39340060974152,27.010346446507928,172.96286784434156,64.0416335408435,9.561416273360503,3.4140164784221154,3,2019,35.56144008612172,30.005537334795974
436,17.87324462402979,25.467605653790873,18.513000952164106,105.34782336492995,79.72425235162274,22.109773032743107,4.30180387604155,4,2018,2.8413798625698803,-44.55583185798369
437,26.60421277443869,32.89389190720128,20.27993197398784,103.47824411433282,44.177406091017936,11.47120687391407,2.8564811485160506,2,2018,36.87501215280716,83.6860883247208
438,32.13932695156342,43.4044232910049,15.053944970595417,12.054752709284934,47.78324932758074,24.047109361920285,6.907482737334448,1,2010,49.37792003312842,19.79169349972912
439,29.49027242525717,44.42981824785893,22.39077862409071,182.90942876890057,48.10712602473669,10.644278598933555,4.812612811763778,1,2010,-19.504600300734054,-72.06243088485158
440,34.57601529452451,25.909010884588614,27.946350023788625,86.56977365992807,32.45219938630046,10.195791333740763,4.2117186079515765,2,2010,33.77227595878186,32.029527248338525
441,18.569898826145092,21.227941093751003,8.68895445355793,64.47897897587748,48.88127179735153,21.801893879985677,7.331640523216982,1,2004,-7.298719314599147,136.04641615838568
442,31.896285114508714,23.84004581344396,9.655321428586532,21.725260103971078,82.67482659528042,21.917931070951244,6.784847736755507,2,2013,-6.065629725153151,70.48939045318875
443,19.439954289984794,21.58321196756395,17.407068449280956,115.66485717792727,84.71925885428885,20.558910137981204,6.59601418569387,1,2020,2.147936593274757,-39.323092406345694
444,21.227451280309406,24.87810602730841,16.071634137018137,264.90097299207264,36.57812074611302,24.32901788637998,2.192069031738831,1,2006,42.73475679172769,71.93575732907169
445,31.32780803746999,34.214242867593384,18.146105043654533,107.63453420323798,57.483512497105885,12.599173687652073,1.6484233360126759,3,2001,-33.01495394209557,-43.696296029411684
446,37.544710052669686,42.81121990739105,6.1287030976582795,206.93152093468217,52.88093409525835,22.05302856283489,5.675723897845607,4,2013,4.053358612923752,26.525986136140688
447,29.0655029374726,33.4304720923585,14.298358495600326,229.39861938655312,59.36155179740327,13.984689010738155,4.014816922560469,1,2009,26.20428846123435,22.18085622263925
448,16.2535072447998,35.649738917477016,18.4085000275079,105.14923466515788,63.28317144352063,17.13577663467879,5.627845347176327,3,2019,-25.06260875457302,-53.204462693813014
449,29.175106308333255,25.046681290238528,18.459401080014143,248.27581315349198,31.215525601064765,15.575200504922588,6.204704240833373,3,2020,36.302823731567486,-26.072076032449132
450,15.974062686343844,40.014590516846255,20.11868112067259,210.64510130341523,80.53453487526964,8.099450385451323,2.7148513050856318,3,2022,49.77123381076177,134.38899279223233
451,35.33535136143679,35.44472271263958,21.56496866706127,172.18024632327595,88.4198443904003,17.765857290165684,2.634878248421065,1,2009,-26.815866103071926,-52.33839516783293
452,31.320300557314276,41.603420729818126,19.7555856768397,10.287814574682386,69.20428872021853,20.707600091987203,4.181236746936378,3,2021,-21.23466759522097,96.27730178036617
453,18.981940467717575,43.7210776751446,23.175592573957005,20.176322117614358,69.62713430960216,10.967390520779611,2.5516198514487303,1,2002,52.668750245158265,60.19005660327781
454,17.109583133956555,28.697519393914806,19.369494597745607,297.3510947907584,61.67879146984251,23.838149652181635,5.504714570121497,1,2008,-17.192992329283257,23.809865781956404
455,19.22126426424734,22.264476463385982,17.362676238355704,236.8623378160322,50.056404702862906,17.016792170114563,6.100478344105376,2,2006,-27.895429186711596,-82.87098524440587
456,37.54062512974643,25.64822394791956,18.94251786441965,281.8939250441546,38.938669450771265,11.03018205356859,4.040292095399333,4,2022,50.69732827563102,-64.76589676927799
457,25.546894776545265,30.94603914189593,7.327447435326643,271.667929426228,65.04380056176304,18.981108705587047,5.928498241989824,1,2014,45.336043882852195,-71.67604163059094
458,33.03386181185238,43.64234129561183,11.282600436686959,15.928465111397742,32.69648421055243,11.262686044760848,4.328281768030822,4,2008,24.0152925459818,38.43444992291313
459,29.63739186847887,29.45774555933538,17.130194955137018,239.63571403941143,79.47015406151243,9.08006692102072,5.846537914752569,4,2003,14.628783455879798,142.8134631139891
460,28.16550244904866,39.26933034163425,25.078705954239265,140.83226576323483,55.25470196823693,19.650359121127117,2.1872618584679397,4,2018,47.73094266724934,116.85460094924858
461,18.337995857296143,33.51191730426888,20.61818579462384,238.97187916019016,54.88525344971849,9.881813016193407,6.041322844497815,2,2015,23.996806760028043,-113.18199160901415
462,36.75856243183618,24.570219260774415,7.079385804853644,11.94757740738169,49.630251508554345,9.8056966223994,5.8634301759276335,1,2020,24.255699338356294,-46.09381139516644
463,21.930880547838512,28.01835297383629,18.6223238602213,93.57779734816363,88.16123332191518,20.579040574090826,2.4995428028688322,1,2010,40.93170077817577,-77.54048608700401
464,28.29439596357347,36.329797125570465,10.099973715653276,227.88389497947762,40.49501716624313,8.93843796453721,4.669782432801313,4,2003,23.792110956317877,143.4330173124335
465,31.09484672554852,36.82133486712233,21.882380875140626,239.97602869446104,39.07846928851267,21.76607604381523,6.914837509058012,1,2008,10.330919833390979,-56.38523665858994
466,29.932362570642105,30.868993670226153,24.031139607701185,189.71723435224095,39.931890092701806,21.534528897013068,2.3714198522932923,3,2014,0.07493481086031295,-65.64544003952564
467,36.633671422996926,25.716140066552867,18.649494269569388,97.3642949394165,69.51164897104584,10.403688277322022,6.019848380110073,2,2005,10.282050351211666,47.63632926720999
468,18.414096768161333,38.047669487816904,18.601340024289325,100.00515147348025,89.5137191237759,16.81247100370847,7.654750378601653,4,2001,12.0230784178475,30.170377565192354
469,26.692112984279667,24.22182604031787,12.787603193848723,290.3615494561895,44.128510224105284,9.64263334647202,6.996814398181737,3,2019,-2.5251306993573337,-59.020099379066586
470,24.29279098703762,43.416742296628165,15.263750486710116,137.37153197791932,84.33704382404926,18.753710736361782,3.511400620102071,3,2012,5.330656808231147,60.99851342505539
471,25.90588077810022,24.69758947591192,24.874492137752945,139.66640957071274,46.716993552490344,9.069810220499292,5.0540579974110384,4,2009,37.16847395771691,-93.80805295043393
472,17.742003102548125,22.68280907081301,21.6363676122446,170.17649756980285,68.873995207518,24.056174557486703,7.938276006895279,4,2013,2.4862031808299037,-114.77035217165911
473,18.084176027073603,32.44119255913447,16.95433417300439,128.75567769067274,32.429937116002066,11.531422501282888,4.763280585317888,2,2017,-32.699621002811355,-97.74800650928636
474,21.395737552968917,32.98873995274235,13.469344883712532,170.27475373325012,59.73923847457134,19.60920915112697,1.3627070182277494,3,2000,-9.528261040353577,-21.485578986541398
475,22.00820588649912,32.70482286945612,6.15873398063675,135.3772726025918,69.2741979767389,10.180954214410871,0.8407306608407068,3,2010,-14.143232231747163,143.25440852620068
476,24.84177391467105,30.916687233470988,8.289170230506858,249.74732668463415,62.179186633357716,11.5631396215552,6.427358823080213,4,2006,36.42238106487716,27.75668967852826
477,29.05271358184245,44.87037232074021,9.439579359405524,273.62479574150234,44.27012309290747,15.6661440310173,3.677212440513846,2,2002,5.436375262462789,83.77604781417614
478,29.596469700620048,32.15701531676454,13.58782149494952,280.31197534645486,79.70981689607493,17.742634402805777,2.351096679718958,2,2000,-9.772051126838019,-33.19614689747897
479,24.471650621468115,31.948664518495775,26.715303882754316,173.6458996905221,88.20819067429441,24.98067508665861,3.1075402299571024,4,2010,37.96343954574621,74.22154768049887
480,24.402011516860036,30.544151567864034,16.61852808175122,138.22308166470364,57.55176574152392,8.44074587754605,6.180296499098392,4,2013,-33.27048758990492,140.8689234930365
481,20.005456114030125,21.670643867536572,10.401323754962315,214.519617049633,68.15515591135522,8.00534513394948,3.9893550172537187,3,2012,-19.317424154190416,-23.404559623845614
482,28.53104371340719,34.8239157787404,7.432253161614824,253.1138414758129,77.42479610073435,13.956240610154115,7.013746193944074,1,2018,39.42593374562199,149.74604737845675
483,22.291940960296472,25.69919430557956,12.781027065868173,173.26485019924937,44.48934363730764,14.224658252641138,6.011941915832745,2,2010,14.558655489436234,52.37068677854984
484,15.829376188379365,35.94022450572625,23.761804617674308,212.99449632845577,81.86702291572712,23.02523301367674,7.805106128340688,2,2014,34.628479712153236,82.11968136547543
485,24.62320101560779,21.27083654871193,13.816884248441681,227.42151170916193,46.81205431859985,23.513903310854133,7.163778250923825,3,2019,40.43584132858699,-51.91484551099951
486,25.905051527073915,44.534677531325045,22.76763353851551,206.15419524801314,76.54984821091432,22.96892459810842,2.4091040883950683,3,2015,49.776713972968565,53.634507677855225
487,20.18863596869685,31.725126975316805,23.462214450918214,226.37873116149976,36.725953945585324,10.434038758262812,5.44294424601915,4,2021,-29.29178606269958,17.971687894844592
488,28.16653246180866,42.41888428976746,7.548877703070195,70.50714644123953,47.30320220485018,15.005782198078249,0.6540727589610791,1,2005,36.93112689686248,138.22871427890772
489,28.01275370993418,31.88902933082337,18.999174310416024,154.52861863632128,62.017196036392065,20.680047759015395,7.933300433221987,2,2018,28.788953339785138,124.26226290316919
490,31.14605016553854,21.508270464355544,27.059209457535548,180.59788083547528,61.49532574225891,13.314388152332103,2.4575458160194743,3,2016,-16.367695939109673,-12.898398290229153
491,29.902815090627833,40.55533865234517,14.24917572278174,10.718599948536694,81.02587106918197,19.275046484679372,5.4859632021768805,4,2013,48.85320397061108,135.65483291532303
492,30.005960299983727,36.20459324167836,6.171714047069512,258.2291275559678,89.76763545831643,12.031428674248565,6.868652158996739,1,2000,1.3781692275752846,118.89938924250262
493,22.27292549195299,39.543926189348625,26.235961875931206,186.9071074490245,36.432650751608435,13.498127385333737,1.7034849704597859,4,2012,44.884947470932374,39.4036395996676
494,33.11094110567694,30.704246587721833,25.324324476167106,47.449536192478945,46.283287969502226,22.627304038924226,6.859095071078594,1,2020,19.46023341984329,-97.82816462682412
495,27.630320822792626,35.94841860616612,17.00925328580704,246.74355104698986,51.45589261338455,12.258653613512916,0.5918424934311681,1,2015,12.407315188686091,-76.58663502192482
496,24.92261848913747,41.405725094915184,17.70182176791222,217.94652026775793,58.735104468600305,24.39350947704267,3.8148285356405554,4,2000,-20.642845949361853,-99.24395393807394
497,29.39828706164431,35.776636071797185,9.870045363850872,229.90686760445473,59.634584589263945,13.206412535926397,4.040282168983539,4,2006,47.28948618585815,-90.84185904475352
498,23.29511869235585,28.691840870897583,23.84736737752666,123.6923139399383,81.371703788905,8.399977866995716,3.305680349440519,4,2013,15.099571662602159,143.777141086131
499,26.793002625955438,36.563239859155,16.46780088301891,257.71872694154774,76.23355816710598,12.333315364643699,4.897885597253748,3,2019,-34.45168350528643,-62.71482921163888
500,31.944230835091066,36.79635471535168,5.7791892882788,130.06799881838504,31.1310947422772,10.910484018138238,7.361317615269741,3,2010,-33.35439130367451,66.530737231979
501,35.38726639464528,44.01467406266563,20.70934399832695,175.4476543542215,57.30130563499127,16.616058425698345,2.952418357252168,3,2020,34.98693445162428,51.86262957434781
502,36.18431553778941,29.27280803854173,26.86141420546224,10.18626807296338,67.08443029464533,9.91617312757362,4.844449153748181,3,2019,-20.425728195944934,50.409113510311016
503,26.583557279211284,30.62704418785328,24.070461277952255,197.01320325658006,57.623735225581406,18.642830913171963,7.080968943074922,3,2006,18.88645920653307,-64.18992010907195
504,26.96632763903309,40.30307402967648,11.375557224842415,218.27097971710165,37.83871536154214,22.873284199460407,6.297465463260336,2,2004,26.297376574058227,36.423580483844574
505,33.39701944756824,32.64405786856853,6.226476953466835,174.46171599174977,53.84844502143889,14.162820990663507,0.8054994860412199,4,2021,-9.857096634635283,48.89535438793692
506,22.232365910116627,38.414327327893325,26.62808248837815,154.00205694264866,54.699341707784164,10.864376228191876,7.570930730957467,2,2014,16.238242757027116,34.009435494179996
507,34.259794333936576,31.4927366113398,26.552442672233134,244.8815773763954,41.26295534698553,14.80042492833502,0.8498517819395954,3,2020,-13.376712860983275,-69.73613383556676
508,26.365257869900738,25.38737854531751,17.245552353395993,207.59808797792013,75.37842686825721,21.361435964660657,4.915688557807472,3,2022,50.16838846311555,75.2263612101714
509,17.664704659711173,38.630096069525266,19.773300468445306,90.64147151880667,49.28404080854861,18.055290459353124,4.815152152363736,3,2010,42.41531407142503,-100.22434628254203
510,16.657360382677705,23.278879229617747,15.63980139634859,288.1312680431959,65.33923743411697,9.719434626569253,6.39792673026737,3,2001,-9.076148765227778,39.6240031912979
511,34.36584385390765,24.9645915882827,14.65460344327145,215.10748631664882,60.94381085752605,17.132181623559568,1.6133228888673323,1,2021,12.593304185530577,-2.209980251645405
512,16.278062088858192,35.670624569605216,7.747314026360108,296.50228938460316,82.64562475298332,15.957451484745084,1.8452779404702784,2,2014,10.056957143851513,-52.422619854070106
513,21.454063031074085,38.68174500480174,7.225316662305208,291.6657817179718,37.32089591177029,13.560908352359744,6.140801995537704,2,2002,51.40209321550667,97.99502703705747
514,22.684990931535552,42.36719717169537,10.352839373552312,276.48381961492606,36.85578049520761,9.872730132906495,1.6212856430871883,2,2012,0.4625902165468574,-72.50900699851036
515,18.978872239406655,26.81466243539729,24.24273716735052,229.0577469553392,48.01918014738095,24.678902905544675,4.020838452992297,4,2000,15.600479915941015,131.90507517244677
516,22.219547505445753,22.768106465013858,8.35414291692064,186.73451686412054,55.8728980875501,10.992736438185347,5.987360676581989,4,2006,48.58359353986934,118.83255764672049
517,32.081929034676975,43.901166488065726,10.214068994038346,59.929492468048025,47.91253492512837,11.276629143442673,5.3843144658701085,3,2008,-20.347005394109768,-22.641362266237593
518,15.337705401881628,23.86057720055356,17.61812336441077,167.57191105288973,75.79122494371462,10.47490576573801,2.079531395848214,2,2010,14.543704295050425,-37.608708668179816
519,34.024988763975784,24.94167455636599,9.948018015800312,231.9591914943549,44.71595058655798,17.693281657881947,2.7797019401456415,1,2013,-25.489437167435334,-82.87859547689642
520,34.70060454221483,27.283236338961643,8.753753748509103,161.04857602461468,35.08648456633468,15.542382766205908,7.7673117743078075,4,2020,20.57490386366505,127.40851030216808
521,23.56201618340561,33.23478385065719,17.95627355905313,261.78934723764075,54.82798859304886,12.24247209445145,3.8650296511616293,4,2008,-2.0885116951695792,49.433601882283455
522,18.5330966783946,42.070639150851946,13.466145232922155,41.800210765592496,76.40275728830903,15.30019751136598,0.833431073272854,2,2017,52.087246586164056,-111.41843282128114
523,28.81932938273686,39.013650568246675,19.40166357433079,120.47270093410388,81.03371661520447,19.449871468049203,2.1468867459974947,4,2022,2.3868263033673713,17.969841931634818
524,17.75246878489257,37.70393884606588,25.980722829399554,156.72968139216061,74.00069090180105,12.788909035476713,3.0682631724637823,4,2017,-22.743112621246386,-96.83428408606554
525,23.39314530479981,24.37951419640009,8.472842023006557,135.37433580204134,63.473200709984646,23.559178192516466,7.996170532209394,3,2006,40.059996483556375,34.91268493726727
526,37.04387116072236,28.942065788149357,26.00897417570047,41.49009886825039,73.4515021049506,13.207886032020998,2.77018660607689,1,2016,38.87800222806227,17.41966394661938
527,37.89568286942365,31.96012315216695,25.75726925072713,54.52320527294285,70.88337211823168,11.369043523988505,0.6979688658690872,1,2006,27.537365758850598,-97.63156771426506
528,32.75841250115547,23.685648837139645,24.069014416725764,252.90901492809127,44.06199794970365,24.227653396837844,4.34691183166502,4,2011,32.39306216958052,100.28236014152867
529,22.152114728177622,26.835742553166813,19.51957609803996,150.47143516842078,63.04553353219163,21.77953037200905,1.127040387304828,3,2015,-11.175630407953381,-49.17436216510502
530,30.816296130820128,27.708330098821108,19.26337312170759,24.129503758291015,76.23655995830592,13.833339622338915,2.5555069902179137,1,2007,22.78481503805032,26.200778325008713
531,31.22434640613229,23.18190495822598,19.701891178539537,14.782465103518476,49.02723971250829,22.30434146944589,7.942873820704543,1,2000,-31.578211591514574,52.54049669024428
532,23.920358988763944,33.75599229770644,20.8813976780097,147.30786657835472,69.23838880301588,16.8198422356146,5.784788891976158,4,2020,-17.27988704989689,139.82222406529496
533,29.740438595481667,37.625704913104826,5.379090613711611,57.66983051808867,58.88882565112791,13.894792470438068,0.8799997196215277,2,2017,48.9051502797778,13.329157077558392
534,15.246735834440553,21.74829078692153,27.036129320694943,214.48652433977435,60.1895310567012,22.27339702216664,3.86515038943847,2,2002,31.53117673743928,127.67525851773934
535,19.808326147851552,32.02807754407874,18.468886513708334,240.6438041330479,35.403302266929586,20.78680613669549,1.7872813447163698,3,2009,-14.239471310966795,-24.188517836121306
536,27.07703096824701,39.55527988169487,22.973714306255697,76.20604545256062,69.9730299183228,13.063872324932799,1.4220849230159094,2,2006,-24.97552194326407,111.50804444549863
537,18.766279997940806,38.69975322381117,13.677482298411352,181.7313140157164,81.94122212127121,18.313534759385554,4.9029906001160155,4,2023,50.40275003816514,-56.32691872311748
538,18.815857961160273,40.37682740546885,5.285135920063307,54.78894661076194,38.485877281551765,14.279633799836553,4.292419172301617,3,2022,-24.903110054588055,71.0195358575628
539,34.23499868265547,31.206015829265176,16.72389717715821,98.03896896237224,51.96633973298696,8.017883533526598,6.071499382366312,2,2016,-11.86369567574766,-96.07476168615094
540,37.75005906172292,40.51392706599652,16.665372744266364,267.7506933126157,32.9200472904501,24.350867603804748,7.192296711738948,2,2010,-18.562940630048857,146.233596304588
541,27.787296844654314,26.018826780356736,15.05075363116339,167.78844652987013,31.777913158583466,17.343694293238222,2.3501139307374643,4,2001,-34.32825616294088,137.56282796283938
542,34.29860381027941,29.020264035437883,12.813492245727765,266.907721591818,89.37950980030462,18.173354228318313,7.422439899915478,3,2005,-6.727870331176039,-0.6023176003080124
543,37.77739827950427,24.408889410445035,10.746000019623608,75.32186321205702,59.60829049838308,18.198154236514014,4.384938294155716,4,2002,52.676098443888634,21.462508857368448
544,18.25670543708182,31.687113485714296,17.133532113435205,105.70705954211314,51.331141118114786,17.360904833929848,2.4412618863883786,2,2018,-4.228702477157917,41.39921282586599
545,25.309649104850074,29.80150056038608,13.631397212950365,146.57612015247693,46.492624597501134,12.930813361151088,6.84339378576957,1,2002,10.387439152099631,-45.7398588837891
546,24.02917246436416,26.023177910357806,27.3084333101456,149.22322180641743,88.80075869669754,24.516794123436956,0.7664743852176688,4,2016,32.13422055296033,62.10728750539391
547,16.841133523862254,38.79451773076954,8.977328078639424,299.3179104832731,45.13504713130102,18.568363012759846,4.696320331047205,1,2022,14.597209187129451,68.61172558321931
548,32.37259397427913,27.846169302791164,12.352308055423,43.18914250162772,73.5425037442646,19.405663129417345,5.91216151272475,4,2007,31.92323566710759,21.770652927824415
549,24.97691762841964,26.82010825364589,11.761090831265133,257.06986032446133,47.02548574835603,15.731476874389847,2.5998326536710743,3,2016,24.54722813714637,-80.11001302899122
550,25.79451948637923,23.272258271262377,17.49611105342701,260.4677914323423,34.229370321415146,12.893643808343302,6.976189381724134,1,2021,19.770672069911328,128.180204850732
551,18.465478397704523,30.970542545048716,16.4834459104054,170.42760314595833,70.99659687107648,9.093932696973798,2.3021342251848864,4,2010,23.468401649057064,-88.93782776668388
552,19.161313001309967,27.57411572093255,19.80603070475828,109.77077879515458,30.097850857791894,13.953913341654065,6.799057120488044,1,2010,36.92479258704259,49.87648555183807
553,35.86338330959295,29.231821033524213,26.85004072320678,160.57557024360588,70.54491069363416,10.993656297562666,1.0890872287434292,2,2004,28.917225532099373,-92.16607891536611
554,16.026929046408416,25.899931565513818,11.56008496635895,94.81563439390351,45.02259593938939,19.2555005603692,1.6994569390132348,2,2010,36.25974286346724,-80.5528085341109
555,20.355602553705243,39.07888724549751,20.93374609286492,241.74116004758247,74.76625392429008,22.94306604164623,3.357384379264311,3,2020,-21.89621255448218,-114.45465521221617
556,21.717364597234152,43.250083683867935,5.575924669119223,154.50095602599575,76.18501004103896,13.14683259017609,6.905416345986344,3,2015,25.990635943948632,-21.891697358674918
557,26.274543475236488,32.44829631972219,11.034934872873364,278.49423187446064,73.44643432905227,13.65900463203879,1.5843902384508683,3,2004,31.33197210929798,52.68729239395023
558,28.488238979340306,36.07496058352081,15.665553743921635,190.5804898632527,31.469006488056625,19.3961965650932,7.065786798456811,2,2012,-8.003021075284892,20.816939327875446
559,26.34566944456533,41.67930691516765,5.712880135066093,159.15260660325816,72.2241971786261,10.537614382101019,2.222986449595953,3,2016,43.71195950589541,62.125570837091146
560,16.934652694808285,44.97074093334146,19.206397592733694,216.21011265351916,89.40873684334579,23.800436253520886,3.8938129894589655,1,2001,-7.575955702756964,62.25509243515728
561,20.604351443281413,35.337912118245804,20.60114399323929,156.14055968476794,44.557522111537374,14.185395277433212,3.145508031952533,3,2018,-13.055109256115244,-82.15308912155557
562,34.402532849538446,42.244486663496716,22.174829441275072,272.30684162163965,46.454314333520315,9.720390580755168,1.3859466996089265,1,2004,43.03871339324601,-104.5189010761368
563,29.66454011100456,42.715206163891054,16.88121361138928,63.489328657183975,78.81159297483237,10.969628083650907,7.582323046393551,1,2007,-12.768214569521597,48.84669791736087
564,29.93042815308831,39.78628719519055,18.890727294508412,292.2711182863126,39.62380830336483,23.85668329212679,3.7863371806416013,3,2009,2.39522161886201,56.37056234331553
565,30.414674873081164,31.523284776827754,14.109500779405206,245.5352600368457,69.6350205302731,12.201027902273339,5.677484460171459,1,2012,-1.8869452966862994,30.310008488260195
566,32.54676943790917,22.028850010597484,5.948819747650939,259.6126749408122,75.3015826500347,19.25856966513187,4.814507574980233,4,2021,45.82556403024452,-53.644134092500906
567,16.336495079593288,20.395138886003345,7.2988926828138005,150.04327138761064,32.22963970916143,10.654808800150507,4.2628693763915555,1,2005,5.971216445916781,98.90660858520855
568,23.431992853450083,31.930015832073117,20.064906256633677,252.78844930790325,63.22572565591357,11.29972876992922,5.124332176676368,1,2006,27.4878039966594,-99.56477581601058
569,27.40913101101861,32.35786333836545,27.897771890472853,98.9644842373895,64.55263551215297,22.94704972129962,7.237567296518217,4,2009,36.46350141794461,50.72418311676702
570,22.7844991158385,30.18405969657431,5.363474500755812,230.9649717836108,48.206573843507655,10.51656474174355,5.7448428177058215,1,2020,21.51132226724586,-87.48888531256952
571,34.42301408560529,34.20418378228411,17.824420427006803,50.73054593281657,82.58068016385104,8.318759974516746,4.493600595914159,4,2023,49.93250484924232,56.70088343697199
572,26.09916769750776,33.80406758261068,22.27320131629883,99.04505562912752,39.76498315799138,16.5209642219467,5.338894704994822,2,2010,37.22567763304073,-7.214037287655955
573,32.67843455756572,40.91532602581732,24.01582104431921,139.26247237432253,51.85168257035163,22.66635582546989,5.047957103817661,4,2016,1.0185964907376857,73.88782496817129
574,34.59635688826689,22.71642758155656,17.539712728120723,103.47271826159233,80.92012122883976,13.541847772065621,3.748409056147348,4,2022,50.57306589319148,-105.90810533122763
575,26.610204106780458,25.629441652638636,19.258067544234418,122.23496353101325,41.43856539635955,10.178758600977078,5.185730075978378,1,2020,12.21173499442007,29.872406889699363
576,35.91970160904105,39.825124473990755,21.02467374131473,247.83037598727242,79.28244817966049,24.697924102615843,3.826773501231227,2,2016,-32.96804093495937,-80.8829673023785
577,28.503850632350556,41.19592168059137,24.756223742948904,84.43600872122859,34.744150642077344,19.504556701320027,6.182107834039343,3,2012,-11.598804831239288,64.24304053482791
578,34.556308873175595,44.87060534052169,7.812659355664829,226.13153992482594,59.3537440313994,22.46174074311866,7.766843626417142,4,2023,20.95566283335399,-87.61197954584574
579,22.833588298605058,41.8228004096771,26.302190514321858,31.376500042379035,34.51983974674221,20.786350629591702,7.698990181229219,1,2005,-20.886658790800695,-100.13250280298003
580,26.472790046224162,42.24747517680828,5.59840028168611,232.06434117936763,70.67421510369086,19.870118657816235,6.655518398187353,1,2008,17.566124040388324,72.5431555095754
581,27.222453943105286,27.85869856574762,24.232594272028834,239.68674042063418,77.43608934333602,14.537589141225645,5.013191727946139,2,2017,-2.456177992322317,-102.84637766656377
582,17.414533465609622,30.04154085023441,6.7650298108730365,126.49264489571978,80.99151289480817,13.513779884461869,6.119989910530554,1,2000,13.09469320524466,-59.37667915849066
583,24.166707654135436,26.702127620513778,9.476448866913213,219.51856871856643,88.87573504463933,20.18829613020606,1.835362214431658,2,2012,-34.831263691407244,102.67850322393147
584,36.09876646868855,35.15748495481789,5.08956536676605,275.39013708607877,70.32094333797521,20.184121139012912,4.09263842985442,1,2020,41.35792192018286,98.6158431082211
585,29.509141528389073,43.47013385517596,15.240904227328937,242.20676233081278,76.14371483040122,24.160002528834585,2.4297857374352327,4,2004,-2.426706100202445,110.61395460080954
586,19.082651396050252,28.616022162790443,12.690262214500022,123.22948801511836,60.345496699279764,17.66721690342148,0.5262123583201033,4,2019,-22.385740914984225,-31.9530298110473
587,22.793679619020914,33.92504454703626,8.817836964201629,150.4219191412187,84.76421407086757,13.00855879839045,7.75053181004057,1,2009,4.412427130457196,22.572967762556516
588,19.406869222242097,27.407490761337126,15.375073698489844,236.01368798788357,68.62550293196776,16.321989588618116,6.97886421388881,3,2020,8.755956413995065,88.80378520366102
589,15.570932031367168,24.244999344317687,14.254530312960227,94.85243105624583,83.01308437508061,18.433134884340625,4.352739638524451,3,2015,22.366243944657,-83.01391094700827
590,36.33159054559262,24.879638245466392,22.656203752071054,243.12599468957333,44.12712102083285,15.254406592807513,2.406142160892551,3,2003,12.210619631705178,75.58553738824392
591,25.308768549908045,21.44863361345325,25.541997039610745,105.14063134267293,59.80426684308386,21.449263097112322,5.697314076494275,4,2017,-31.082877613964364,-93.67868566344325
592,22.073306665678082,43.73233807523144,20.009046790642884,243.73726889180605,73.78913526382823,17.93842460766924,3.7610081341244563,3,2001,43.43610898699883,126.57766432925428
593,28.76497540582794,30.07199021269074,7.861438940710049,35.17212857170977,42.163305273761,8.16040736967006,6.525121500670246,3,2005,6.085803860826516,52.07374927813899
594,15.16823249473936,40.8530223000527,11.793988278326564,22.87521610407114,42.6803875957187,17.687278099944145,7.996385826357121,1,2021,-28.071100472029197,13.192434426234087
595,21.39450845181872,37.03323681724228,26.006320827142435,299.32587973724844,88.68256442433824,18.77126436101164,3.1181195561740256,1,2021,34.55454128762666,10.876898760134338
596,31.16976971107453,24.798029035277136,7.0408933391814505,262.14256573805983,56.07662164423236,23.559441276249203,2.333022826085358,3,2001,24.41389769047614,-71.0322470818742
597,29.576704780593047,24.386556164477195,14.35768430598901,266.02577600519913,40.9089271754263,15.033268452291205,2.505368665960687,4,2009,23.44939954922996,-26.602309437243505
598,37.58153679347832,40.29970503776362,26.677606242370068,285.8711848059191,49.88783291889036,17.76595020761309,1.2000968426050398,2,2002,3.422260156200494,76.32338963563026
599,29.26822732213501,26.617792765488435,26.86529135379817,137.1117297302015,53.84256889595554,16.07495666214436,3.4553464737511654,3,2006,1.9447356358889536,26.054777630684896
600,25.982635093437853,42.83212959254939,14.457673072124525,93.18231085724413,67.38511544821327,17.03815928397105,0.6306878953768198,1,2023,13.270477274860852,22.91267510707098
601,32.512948953232176,23.501385117237266,20.35012842627234,47.70724855519187,85.38087954286516,9.14416920137294,1.3579666805095671,2,2004,-30.446502839080708,-67.28360847269357
602,35.77654105517322,36.942715361361735,15.505148762141976,155.3506487261547,89.19540455532547,23.253822348062727,2.537718104545027,4,2015,-8.093801220387121,66.39782422749468
603,31.576006774522085,40.361846900773344,22.32959240703586,73.81401293821628,69.10192553466675,23.477009777137635,1.6989708193211055,3,2019,53.91047562061361,-14.150846713435428
604,37.15385814163573,25.881409710391125,5.726370605938966,281.3097484544027,71.99534164786348,17.317013367324755,5.991193246255439,1,2021,24.597324021526823,-70.65659862159578
605,32.98611892697808,26.905184086414152,8.315614425191244,11.160917108405938,49.30975018179534,17.461443767256075,1.2920359315092522,4,2008,2.7040748875589884,134.8218829310089
606,34.93643308002431,44.112972153480044,19.126572481502784,51.52705394550526,81.42951572692495,8.978452611047228,6.994955787683935,4,2016,-14.987320735359226,16.835661653713373
607,17.624393637223655,26.614940133653956,10.348702036190463,81.47799739419376,43.0679001132189,18.165158723035866,2.1583587778321465,2,2011,32.06884257102101,22.569894828338676
608,31.84551056885712,30.748926247501196,20.319202883190417,67.69744636202657,36.382838958658056,15.295580427945762,1.3144296272867577,2,2002,-11.573872126442776,144.9704157579976
609,25.122040089129477,30.812889831059152,13.078127331609862,75.47574660811598,88.39535940585905,20.05374171398543,0.575799833234439,3,2005,-20.38669065383342,-21.07034296396678
610,27.72138745545933,26.325868748242087,25.392847836939893,200.25380546774176,81.84832060923193,8.801123582124731,5.864037532416098,4,2017,-21.093658978914146,134.61558483186138
611,30.044355418094206,39.39477716092726,23.842965867879688,104.97850271081327,48.218708072288,20.085090606401327,2.424625594539065,2,2016,30.63369512482592,67.62984750657961
612,37.305747684228095,39.29623358072888,16.33526940158199,188.35707075197826,70.51024298286295,12.877195005149336,4.321239538533311,1,2012,22.85292288598457,50.93582084109596
613,37.64529587292736,29.45795035559464,22.776587003181728,268.17480075742446,58.02110144479197,19.078990617702836,1.3371203500411681,1,2018,-28.717451056589244,-56.70705847553024
614,21.629249646221822,40.87814477701834,11.236171383407079,184.7414620024536,49.38769236872825,18.66114158030609,7.88971942427187,4,2016,-24.646146617401776,-106.02596845529666
615,31.87633044107207,25.32687335997506,16.36797486667284,211.41450947305063,47.20645264561769,11.856305238747954,1.4403855430246646,4,2008,22.04621806182194,-1.7983636630125233
616,32.24962137251118,20.107644391691966,9.542087192855398,115.99595648419361,38.161646713254385,15.487689868676535,3.5894444498140867,4,2007,16.400449168494312,-117.25384026115422
617,22.96933581020012,34.27918405139353,24.800381875982858,56.324155610585656,62.959084936550354,22.20576540390652,6.887371267508494,1,2022,26.73991543346321,-100.82932209199647
618,17.849004821877084,44.85194431130947,23.930555181073544,102.96937811047277,56.79580140705047,18.295057941111157,2.3366521136030514,1,2023,-18.976498247306424,40.738224037480705
619,15.941780086571555,20.966107745672115,25.749442373407028,289.64196812419135,60.73118521799666,9.168551133632995,2.5022883900963,2,2000,30.39291155954504,75.6073949297174
620,32.878891933171104,25.199951842711513,25.18197056815797,190.32530149140976,42.921430048764265,15.529450132454105,6.563746369180497,1,2018,49.24868205974947,-74.65395038044522
621,26.263094061788834,32.972866062177104,27.07071402736838,90.47822463586441,86.31664024639485,13.30011479922459,2.550047428940095,2,2003,19.09452830818971,77.77511142191895
622,37.667423898383305,40.248518411121765,10.251733327534296,140.76542747701012,68.31547177983249,18.907976541497757,0.5215348332110974,3,2020,-17.348298232149453,136.42597318058296
623,25.69438949245402,22.22605012687633,26.431958688292255,252.29878085498837,83.97603944300022,18.447587002019432,3.7093529036746236,2,2014,26.15894697556959,80.6575417960731
624,37.492090518698326,29.880866343972357,18.137903401095947,203.84863550467432,36.55626996196533,8.17676772567239,0.5940140725885624,1,2016,-4.122648480854206,91.87310928525886
625,24.466248050463378,38.67689501574716,14.717386930117499,172.58932381145877,67.37105795137049,18.33082366011387,7.323442128720251,2,2016,-30.564102825285072,69.19239667246038
626,33.25468946287937,29.28858021015904,17.888599607261078,266.6972342238139,80.96770911864967,20.492444117743922,5.313599181344157,3,2014,-7.789517418275139,-59.320891077217176
627,16.95084326317214,24.720910511890974,12.879854202956391,205.00747594286918,49.855246788868,21.068410550826783,4.872606996659316,3,2006,46.50265917551188,-22.55971561792427
628,27.77561933316857,24.887395684914683,11.636719160101897,196.39162192941768,41.70859014815918,9.00258809662934,2.011921331467723,2,2019,2.0025388158377666,136.30207994785064
629,33.44737510067166,30.251219672874857,10.550229773483162,65.03275979112276,45.90127834833718,13.162193090867772,5.749596390714772,2,2013,42.819880422798306,58.52685632193206
630,36.26813834605744,31.98542687014728,6.895843757513917,40.852718073598254,46.376023604987935,15.161650529375905,5.579409827587593,3,2013,10.779340917051243,93.03667816219951
631,33.91941108420093,41.54536044540035,16.42099263438531,289.89121394664573,56.83193789541211,11.0561190325135,0.9534768044402371,1,2007,11.528019006363998,141.54754708806286
632,15.850326725627006,36.05631046419984,25.41851854141941,183.66892732910227,49.55781616675989,15.152475809805168,7.106348981079294,4,2000,-34.53053110415951,-57.51203146158025
633,23.57215385005489,37.26004886288754,19.493495293310847,130.54818865246443,46.27644436247948,9.20920210903507,4.845600221973541,4,2013,22.339366596007494,-33.14459982183055
634,16.12006486321858,44.574679288397675,16.98243955338279,180.8160380639631,68.91073790430828,9.924693811119877,6.443501607789576,1,2008,-25.29675394726218,54.09644626531491
635,17.513492695634834,30.296086007524345,14.857637119771079,27.92546871079746,33.18194230031307,19.36781096833813,2.471855540966332,4,2015,8.087357321384886,-113.42348207831802
636,30.532029459352135,30.08386008122821,15.681237405295414,248.41690943219098,50.421826688383796,12.463731839722634,1.4153584981509062,1,2008,-11.571482990771099,34.22915088010055
637,31.404938515169057,43.083674193145306,9.81337899415487,72.82720531365743,71.38511795642849,20.093899407152733,5.768371798900884,2,2023,0.3144669246383387,98.34586246891467
638,32.795575703287405,26.146889675126467,23.927525175441236,243.31834183220465,40.550984956860354,8.817844976283356,6.4541201469137155,3,2016,13.336962010012073,44.8197109325138
639,34.905500605280245,38.24538115757167,9.562808155475146,164.96974854644708,43.25567173277474,17.56595190173955,3.3952515021446854,2,2010,-33.69822968582245,-40.24381334805007
640,32.00692377495973,38.86432845545337,21.4823234047282,90.2058839605018,42.039997524775046,14.654627280976285,0.6776920648723344,1,2016,-9.387477505553946,75.50810250073667
641,33.42004661845254,22.444699936136075,22.47965526441151,18.760884990200434,30.055566403884296,21.54851366256291,6.636905184903984,1,2015,54.06507408626784,-80.5714613364147
642,16.12616532593542,31.7057851423396,18.22198796663789,246.59167304471566,58.42606510989437,21.32717686349455,2.045704297478305,3,2014,-29.834078676149634,121.58883670519953
643,20.394308460149865,25.01406178303885,24.847306623961057,61.173441026098935,32.33752736496739,14.38451392177764,3.0427395642311614,1,2013,-6.25458606583685,-92.75294161907703
644,29.303648787630653,24.634381820062142,11.69415810636495,25.0234835355633,46.37638870649401,18.58613823949114,5.211732558328477,2,2022,-6.0720672531816575,113.1426061158574
645,34.736882006370934,31.595702761571907,25.277196088585853,229.20454193950545,89.68820547551829,11.868330769931298,1.2496603940847704,2,2007,-0.8552671160513654,14.408545488782778
646,15.10350287361216,27.235742687701624,21.776440570783997,111.51253448816385,85.10377268341799,17.866916215067143,1.0399682460384736,4,2010,26.63028265981108,-4.265309058293511
647,26.836474868676046,39.90151119064677,23.371246038520496,122.9068616215785,42.90454848938005,9.381499797107882,0.6927782868145569,4,2006,-12.703058118533185,15.178675355366465
648,30.577610185381136,42.69012228476206,20.285333319128227,81.6496003114085,48.60014591483596,15.388272830016371,7.374798951795916,4,2013,6.424240972244753,-65.94429816491127
649,15.680967649958104,40.06801513220914,24.465889390769295,259.1617588221002,57.82227493611309,11.106370586147856,2.8353705820149173,3,2023,23.037721016720425,3.5751064808796826
650,24.231177823727922,26.65077181554163,27.841273842505625,96.2255625708943,80.66481279955461,23.017480095555886,5.454941113378489,3,2014,-5.9910147504270235,109.4243502926378
651,35.59960227182503,26.85335984221521,14.66374565406669,70.95584522779691,78.15875648358546,15.56331390543614,7.919264367633066,2,2004,50.38953224529291,96.25791539907573
652,30.44709460368475,26.368208752936685,23.720060725320117,99.68242063748527,37.57448619397693,18.043153726838092,5.5208809517145765,1,2022,53.17053714484132,-75.9768956873411
653,20.466142357293737,23.3759524014059,22.125334468914772,68.91337679854512,37.466930900901126,14.126491625610177,4.43821096892135,4,2018,-24.229378908123998,61.82366409484666
654,34.613965981533994,43.594959202592776,15.416013811376414,102.12001403351017,55.00393523364268,12.90859759907665,4.406899501379289,2,2010,-4.056210403927089,111.34606154066483
655,23.004722738418828,30.051194953926732,26.319826993847776,34.051504631770186,82.20572337682633,11.44963631204607,3.3268786134166377,2,2003,-16.28251371741722,101.33724892707849
656,34.626927436313366,25.617236863646845,14.071796380169678,55.973708444642924,82.92509994573014,23.501816905339332,4.99834741966314,1,2009,-18.188936399859635,-5.079240309761019
657,21.875703975734826,41.16677626270609,18.005716074353465,130.94533618488288,36.44195098119181,21.590918301258196,7.6909354215927825,2,2019,9.188185450445154,-107.01493310654872
658,28.577365770312426,29.97988256644476,7.436674210792116,265.04538812106415,64.4578372779331,10.265439455327524,6.410330252737326,3,2013,15.7444397321391,131.41574420291226
659,24.129621558200185,20.877920277741666,10.192829463524124,26.614316549462895,39.340511827506774,20.69432289696057,3.681699627749281,2,2004,3.3086836537839304,-13.111018721023271
660,21.320976167366542,24.04853925624078,24.336011922276494,71.67566496040888,71.16775860016696,15.115023209623104,2.9933362177439995,3,2003,-10.470061421237535,-22.536307940787182
661,35.39082392995299,35.98125850890425,14.120712625063488,273.4202459070629,84.98599487573438,8.261743134329688,7.1264864721734105,1,2023,-9.924058317172431,85.0690350092795
662,19.3146546846083,39.5726318542931,14.063934056550938,268.1042555063773,57.28615754853561,16.982244446395775,1.5183936921994534,1,2010,54.291534070665776,-48.72750181715391
663,16.95066659842255,25.273359712217825,10.657563418384266,207.04074165582296,34.98496648152309,10.210789481442724,6.871889427232263,4,2016,48.13096365912254,105.38193925516882
664,22.864319586550188,42.934889731653556,16.30703768884145,79.73733068761901,64.75525175367272,11.568883322591109,2.413075710067493,2,2008,-28.169104310957856,-99.46607857878477
665,31.505700395756055,41.27492800130411,23.533790111064317,131.74506270617786,54.51100020815128,19.83269634420958,5.867219268319383,2,2002,24.089558679651304,79.99202419337695
666,33.57092693745448,41.20951885152702,25.58877470879601,71.25408838700986,78.65392514003761,12.371414631400334,6.546654355811225,2,2009,6.118984673635985,140.76316241921353
667,37.97109751153559,25.691528669980354,6.612631937016229,47.29066764630895,50.42066783558326,23.16209943131088,4.077473879476044,3,2016,26.99326874792458,148.85757515602683
668,21.816327311256792,21.263399716251442,18.220876818522655,120.19953440902853,82.49383202835536,19.171885893210888,1.9421298210670574,3,2008,18.726463498649814,129.4271772173249
669,24.38266487601949,41.68558848706459,15.747287461523694,176.98826547040156,46.422024458087094,22.148819243483754,6.835758075967815,2,2014,45.03271600741758,115.10584945970356
670,18.146889394681406,27.645005718464184,19.1284825608463,114.38047588479351,39.451058153321156,18.45822215161313,3.2563125878998607,4,2010,-28.97105171400575,-44.70233939641285
671,28.222054381329773,35.472909529338146,15.28734079889019,187.1391196351312,48.38882263911479,22.770443047374272,2.9051019536188947,4,2008,-3.5361879148065043,140.99505791003628
672,37.944340857047095,38.99917209251825,14.168830879628548,95.91387325999858,32.09494750936479,14.148639475376553,4.325121367650797,1,2006,53.69447131980263,130.53208032987527
673,31.120263232775145,23.207331462778004,15.853256385878256,110.29665305062919,46.87475801245448,17.335389807054856,3.763146808279383,3,2006,-18.59431859084449,24.28057689680037
674,28.68989532950755,39.5209588629762,18.385979961397524,239.29534157693678,69.60705803292184,16.77013680755367,5.622891627790431,4,2006,-23.539990444401752,-11.439033313706503
675,24.024489137201265,43.46278647402664,16.522613853730867,264.71127195921883,38.53697871339554,23.364442037325496,1.5289835627949904,2,2017,30.607480540051796,-90.49784153928918
676,36.05187148656776,38.20937414366023,15.859322373474862,103.3898836440051,36.68189836719528,10.80356194634643,3.7676724053590473,1,2008,34.96916440157172,39.471201012783695
677,26.429081710998037,31.030568712013952,23.810212129035857,175.73958239013012,37.943117475261026,17.827032974173772,7.18776358418903,1,2017,25.50461929071942,69.14740610099335
678,18.090439006200413,41.91695346879257,22.149903798470728,90.66706232875774,34.653100455687984,20.825330301858664,0.7704703207979409,3,2007,34.85762458839328,-10.920922540987178
679,23.40370465358007,33.186440751813976,12.851705366167435,25.467046095153982,82.47812471057637,14.290845929072226,3.930037498649948,4,2007,27.434941488385498,-10.372018629756397
680,16.544833383498638,38.619273195418856,23.413273702852372,223.97858259451831,86.6469069297917,22.7488859184716,5.453989747889076,1,2022,-22.78063859397409,34.79407549286202
681,19.645517866841978,40.5126485964651,24.633965387103505,59.5910101384836,32.793669103727176,14.34125104032148,7.15783315281489,3,2021,19.739970773065636,-112.49829410506632
682,15.406381962997981,38.73382154247515,8.530320723606382,133.45663188660598,75.60430689261241,10.946248918230573,4.953396701998818,2,2009,34.91890143035792,138.62379202442224
683,25.425438079503756,27.19637190120385,18.401696619807453,151.2431930799555,74.22910480303187,17.92882204188554,6.683632034294964,2,2006,42.896494569202105,-41.72545908388847
684,29.594426093891336,22.946097522645776,11.562175852781916,63.496759411940715,89.81456547660243,15.149656170634312,2.170182642194648,3,2017,-12.83882815846631,-81.95946732240238
685,22.89572663471488,25.958463234051504,22.000963404314618,37.42105169238492,50.872239703264086,8.258231779594077,3.1460707717089464,4,2001,-23.53123151553153,-118.5181330436606
686,24.668780744621372,32.57187342450883,10.492062575249715,110.92377425461048,47.13053950142498,9.187256072389555,7.56599205446032,1,2010,35.29813992243217,111.3607161741426
687,37.061813275425244,32.6319230573274,20.442281055979734,286.16291318959236,57.18492724858963,11.31971206351203,7.1448133481951475,1,2014,-11.910648946790118,113.06599146591066
688,32.29515179622305,34.56610873286344,10.86786708932558,188.38932109664222,81.39451062895142,21.07860931180859,4.684647370165284,2,2016,-32.12634695112014,-94.26721678021826
689,27.439702649733878,29.87754593869727,16.756306558888692,120.60896623684172,73.71561855227392,23.16467177257372,4.066162533461339,2,2002,39.269220728437375,-78.89484822002373
690,21.54444012757198,39.67228453625069,26.81886876207242,21.284138024522328,58.297428838050166,17.27589485824178,3.883005435908439,3,2000,10.5392020429774,0.933602439597351
691,35.63092637177889,42.82884375868019,13.770073384497994,184.07925160341372,44.67377059715239,9.794612862740099,0.9409224617526203,3,2006,-5.603018081442023,-69.85987327209479
692,20.407233688255168,26.16812633698678,25.141985177153778,36.75471587125805,73.62094447610227,17.085122188111384,7.192828279674251,1,2002,-33.97138052916058,78.67170694592434
693,22.482882801883573,38.4130804425472,27.699725367689577,167.33778060378265,81.27161208253176,22.545292830148064,6.636121313115017,2,2012,-31.820529976284707,-104.32926865945497
694,35.90849073172782,36.94929631362612,25.121569522518755,228.06564739880545,53.997073864049455,20.741119695084024,3.9218835854590033,3,2022,36.33609435042652,28.421519744183826
695,27.179467271556664,33.07726248198287,8.814918683636886,132.83975100548804,70.11512674925905,12.948668782855375,2.5957997953960508,2,2006,9.073529646837798,-16.64627741924589
696,32.07331283661347,24.713255846854004,23.85213904930875,96.82933349679207,54.01272127059589,10.106140357902083,3.071904548198979,3,2010,-21.525015563318586,5.535550596907925
697,28.58713026576662,39.88080646456774,5.739436087312908,23.74142780710359,58.709606288489084,23.31158889595813,1.4237043940466712,2,2005,-2.7344935475883716,-5.315578222187526
698,30.02910180721839,44.01565714072082,14.04594332508408,17.18558379686307,61.49462279729482,22.519508692747586,5.91342305979292,2,2001,-20.12253672162294,-78.64702071564352
699,21.885815704840986,38.045908305840335,25.026867586310868,134.70770519720116,76.54354884133667,8.913161207468839,4.675023924161432,1,2016,-24.840660213765204,-60.52399896668818
700,20.551557417413246,42.94649991564335,20.841300893478156,266.17012850386067,88.65035904773586,22.002466327017594,2.2557756711867123,1,2006,-10.132296139327075,-102.50192129418483
701,22.417323984879303,44.604631623699994,17.253029828771197,80.77820585002522,56.66196975829394,9.652614842343972,5.172541790582673,1,2013,14.455769271615765,-88.87289466925077
702,18.57515597391872,28.801266855980955,13.920872576900273,176.47609667672816,50.538900374856354,9.07582176783463,7.8442266069123106,3,2016,-16.09940529689958,144.031602053107
703,35.10923040168857,35.95558882315842,23.68282976881658,208.44868770713092,52.415460388343476,20.89621525148641,1.417963516071344,1,2020,-4.069602684370963,-44.45756084714198
704,21.514679464752625,31.84831844095195,21.319843290809082,27.640661575394816,38.0333441625109,17.117280572724287,3.938637579689958,3,2004,8.013779556081367,-37.10310437831765
705,27.914256071530847,44.66571867158075,15.773322351160486,54.39910898297936,47.816324269063365,15.047316409535421,4.206191156915951,4,2013,2.8026765264836726,-85.68129078332731
706,33.21541177825161,22.345195600193122,25.527139755822176,106.07027009167444,35.186844796128376,23.365657331592374,1.750979103678518,3,2021,-23.423498079083934,83.89433521412289
707,33.02795451564141,30.309372857430617,10.288804409828545,204.32702050308544,55.67365579075483,22.268160725151816,4.486851582479861,3,2011,-31.502092801770065,129.51855875056611
708,25.082883947436436,41.8884761131809,8.919004710648373,137.3201825461481,40.04143615866293,8.979599016299963,5.044829439110675,1,2000,-31.8087145745955,93.23264500799576
709,25.95391809749469,27.101282763162885,19.784486579672375,222.91656978329115,50.78440475846452,18.47348311299993,1.6800840411387148,2,2006,-3.4838883774919402,45.406273947226396
710,37.878140225505575,39.69482126597182,27.355869882140716,261.60338101622585,77.61466496349638,21.12854585452679,1.660429242566573,4,2019,29.692187068359047,99.57288721485557
711,30.515741970517553,29.569579069506393,10.686901186055717,229.92796021357745,44.75565903534816,17.358339856174183,6.9226153672531705,2,2019,-23.18702311436564,-10.857837108128223
712,33.736684191711305,44.499463497253956,10.74241871547801,297.7516901208422,66.71367728052414,24.7110934842952,2.8354057750253365,4,2007,35.828210472798304,112.06428587178561
713,35.75874129204233,42.08824591059269,8.208473503130367,228.7647099321784,84.07088515491677,19.662807579008323,5.227500403089732,3,2004,29.41068783824531,95.60008940230912
714,33.1145662332748,27.533008941565384,24.79296177129354,257.13196655216063,64.0157512217728,9.770431215849431,5.200798067564106,2,2007,-34.645085820294995,-119.53434605079387
715,19.259124933932053,39.254827838446374,10.207143429460684,251.38624395485027,41.62755676634476,11.37106620399921,6.793781566869763,1,2005,-32.59269143163394,11.704416427729598
716,27.92992687596416,28.421413595831716,16.57310611467242,221.77707106121352,50.68597163795726,22.046175560390854,6.049209734236426,1,2017,-17.447010601575354,-48.55352445860893
717,17.343565618234532,35.15907100538838,27.790066994050704,242.52252683020825,65.42215243104397,24.9448634434531,6.804323250787084,2,2020,-29.949118005447346,-96.71711258072222
718,30.017208910971963,36.4620192098323,5.279240721207002,281.058136081549,60.39666838559121,9.671767536830625,5.189110922379992,2,2001,12.820879474327533,108.47293154189921
719,36.97303684831965,40.73988522714262,17.799180081748265,147.81013977262484,38.91719017661423,9.705598403365823,3.870928703854955,3,2017,-31.43354646874258,-117.85358523869698
720,26.792837478902563,20.61127102205037,16.782647982213753,195.10323693463764,56.80778068143414,20.97757992043582,3.4517489098480603,3,2018,37.238125419585785,77.14414555494727
721,24.958367335958645,25.50394727880749,23.57128965743356,159.33251925610406,62.584001694614905,9.094022789181173,3.342723249960769,2,2014,9.36658620512295,146.81187266924024
722,15.824383282617752,37.79794526471447,13.17147540971387,256.80072628570116,46.03996286745435,9.165521973102408,3.6379482343186833,3,2020,30.51589300052298,10.145337010683647
723,37.074814013572066,34.08808092423843,14.437851254677955,135.09428483273712,66.74673092039112,23.109880211164263,1.4698193911532773,4,2000,32.56322958422571,-19.76505691581265
724,17.36906173499365,32.39012695502858,8.862573553773863,247.72076363197255,34.20960596911259,21.607646809413666,3.679687782523753,3,2016,10.60875457032094,43.574897708172614
725,15.94481914601148,21.38024891769951,22.03875032762309,241.81282676657025,50.19642201393101,22.986574397694497,3.4208368040196584,4,2003,48.28265886281196,97.26841346487149
726,20.659532064613586,28.706897086536408,23.04830491132741,288.94696939689123,78.25660996665447,19.058727836256814,0.759287474886736,2,2021,54.12166964697772,-55.13196168067472
727,16.507199980122795,41.627505797766204,8.143256377913096,82.18700278465144,45.55708805448933,13.483119172960594,2.56348066494755,4,2011,-2.67067825869087,-52.310614128545225
728,25.46771037547053,20.772320925900804,14.0495127017314,215.78965786691455,66.3106110001847,23.40732423565745,6.139302310551626,2,2002,-23.67222737756898,43.93806380344864
729,26.870019428913587,29.910905884120304,25.53681489334171,229.506654317771,54.601782822618716,13.07829992456534,4.83459178557219,1,2017,-2.3085639216919773,133.76755163066244
730,22.18910882765743,43.628707191769315,5.062267294543105,281.52076291335305,48.987608544914806,12.683684270732439,6.546256225670226,1,2017,-14.898149268715692,-39.42120654513387
731,16.172091099222378,21.272018363625367,11.871458624320542,273.001701236104,84.96790127460162,23.06880712627711,4.570160332855737,1,2011,12.79051003555751,-18.276240928166473
732,17.566808469732216,38.74264377611592,17.765972556208595,176.32249989545002,50.595703084823015,19.573984072384533,6.905628241064505,4,2007,-0.945115887283869,148.1999913942782
733,23.843600693768344,26.440315404550912,12.684158772178925,177.95442390055413,44.2005540892211,23.226425440057128,6.470503247012876,1,2000,8.240447285811179,-72.42001539424074
734,16.39215436901033,41.66522080384181,11.257039351086396,58.514456237226526,84.55807893841623,10.65032191731753,1.2371342760668533,4,2021,33.68688184684014,-99.2185945386679
735,31.05836368902801,38.651699473984124,15.58086215277389,292.7391837028936,74.7566613561489,24.189045562015732,7.827547760119943,4,2004,-10.338112291233308,39.233914497763635
736,19.761472455070674,42.14262927145907,9.175031486522956,83.95506418399378,70.90798282189184,18.416616663905558,0.610605851759966,2,2020,13.372725217575294,-113.4479131261591
737,21.947646082023684,25.39811976078165,17.181380542068126,220.1735033508747,32.97209652401255,19.35659574958827,4.976285284472139,4,2014,-4.835487560418045,-71.28302755579787
738,24.06489287509624,33.282318870465126,21.254006190204194,240.78055139354063,37.87229764294655,23.539029865549676,6.443836319875717,4,2016,35.64647777085952,47.996478786426366
739,24.582021560590402,39.481748589370014,18.231783910455547,137.9524963373005,68.30039782857978,14.472800569808687,2.9892060488817758,4,2016,22.55829691669267,58.068348186659904
740,15.038196276520413,26.142493574874525,7.141514609746211,71.24617880842682,42.565970191575616,20.232774909829658,4.989273442228685,2,2020,-34.234574254045036,17.81481740485731
741,17.577618532970043,25.768657631680423,24.421398125808185,64.79851142370916,43.53827913782155,18.885790559116227,3.215918981355862,2,2000,24.404620699469653,-16.388027518066508
742,34.8435849660402,20.679553337439625,9.024490262212229,258.3838402614616,76.74831092061663,21.391796220721325,0.9546123125562642,1,2023,-19.685419274007593,35.573347793899046
743,15.028360437773888,43.962882349386305,22.59067601405596,158.11938115706928,47.15549693021656,23.248027461166224,0.5634613931699818,4,2001,30.202641118273533,53.71415331897447
744,26.687849183696127,37.750422001365585,13.292997547844559,36.13972479109734,34.29523812911496,19.56103454231161,1.2114652258339125,4,2023,16.060480016091226,96.94015249874568
745,26.258546149665786,35.88900885025462,23.003511005290353,217.93564710123772,32.185916838591666,9.149872426552093,1.238071955900351,3,2006,1.1334409950857207,94.0427236166588
746,22.66116570324467,38.59986806737477,9.744276778322952,82.54960531345858,56.59067923471727,11.113385879446264,5.081673330453125,1,2020,27.46597862865326,59.496206689035915
747,24.920521463368342,33.29032296738598,9.293228384994885,264.15447771775496,67.02771466107876,24.217629098540428,4.443989232218849,4,2002,42.09339572819022,121.44279747168574
748,32.95336616311144,31.903345527260257,16.431594463002092,99.77581794869282,82.13311400350818,24.467058047412845,3.9159747512985654,2,2011,35.08693424758658,106.26681847076307
749,34.347685242943996,31.238306028088022,5.757528338062292,68.07854072614151,36.648263701958356,24.44602633287216,5.689411067018132,3,2013,14.084134891471678,-84.02357778115615
750,20.98801649855075,36.01098030259104,10.181838791993668,34.60894863093095,41.80036957729778,8.625589806802006,0.6261960275933629,3,2022,30.042488823357672,138.30344915734054
751,22.417280142257788,25.03837438480958,21.65228180024001,158.34402962491777,61.78803665444826,14.50161885514011,2.532376110617982,1,2002,2.252309895347821,120.77042162583851
752,20.577105619651654,42.20146737537174,24.259820001024785,140.71390046730332,51.846501734518505,20.91443596779593,6.330445484657209,1,2000,36.012350940681586,-33.34966153285086
753,26.0368582126745,40.293809280481625,6.85806337056964,227.88052193491143,58.95224707472968,20.799058662183125,7.324828298878389,1,2015,39.614670246053635,-114.55020697609935
754,30.714942226152697,28.739090286300847,25.2877873170764,144.73475028598054,85.44747893905293,9.460451384149295,3.787524471781862,4,2001,-22.643554681124115,43.07350562473761
755,20.249816135658673,34.46523242031311,23.342895693223117,109.7066309880676,62.69349923188123,18.361311080521823,1.1111298510384977,4,2018,-13.577177636544835,-1.6272542460752248
756,22.606922067261934,23.525682498750363,25.002738801260204,85.87992553355379,54.907236636724555,10.428783515194576,6.490465544213659,2,2000,-10.701013638575745,82.38299889825561
757,36.398846204550466,44.308656198339946,21.063856755313317,90.66255618629161,89.36639440198468,16.38455865875249,7.138778249545502,2,2023,-20.05264529161176,21.641936417328083
758,16.117093666480034,42.57231719075709,20.505520547761186,279.07589153006603,33.912940193972176,12.074656914299066,3.602452030202896,2,2012,0.3281506207678646,-99.34758248224436
759,25.59770092051002,43.04743766248001,17.07714436693187,57.87279460546558,85.92680690227031,8.90373991949037,2.3251644044020776,2,2022,-17.627010969534894,-53.934396531210524
760,31.36583495672589,28.30407619258629,20.014106163300244,296.57116312157353,60.099710523928984,9.360330233952363,0.8297875116720896,3,2003,18.598537983394856,118.28141415416297
761,18.460442265821904,24.228367684571396,26.13952228503192,104.80664200574518,60.22538026602829,23.48518014540844,4.933121164211419,2,2006,-25.854610139214564,-109.82378215693647
762,16.089602460126084,25.29430408665776,7.312006032584294,35.63316827107427,85.31786005219254,20.65898139142608,7.324021179218744,3,2010,-10.707276227591926,78.90081073753751
763,18.178723547686207,22.250034776127247,12.262582990460096,82.12021042848085,60.43943877558417,23.84100769014016,5.584160191402443,2,2000,24.89685813517211,-41.17525285311328
764,36.1329334512057,23.002765752534607,6.666464392705052,26.94017007083942,56.30442543180893,15.989828849670396,2.879364484210508,3,2002,0.86906108200143,2.2127468214742123
765,15.21297498188584,21.782613354621134,26.730518954712885,239.1086330575356,46.34931552703194,15.025972482197673,5.321662432174752,4,2007,2.9316467668066934,23.371466616134313
766,19.331405420661092,44.74557673012184,15.241105717985924,158.6403446369206,69.52900600904525,14.092923972535624,6.740513055860191,1,2017,36.813272766255025,-52.478033527055715
767,15.719520796737825,21.85144208422684,20.532922825552333,107.72611947137227,64.17870545878569,18.47722063288553,4.0687254451209345,1,2017,53.60603979618878,56.02931960936894
768,17.544477753930675,23.31355202378534,24.345761483599393,201.9943853431531,42.860726216866986,13.97650957851267,6.648113674983789,3,2002,15.856100492879165,67.22939888642657
769,29.263433592450816,40.68136488976841,27.79300570575924,192.88749252559288,72.56477490367948,20.686644977694105,3.439322574997656,1,2001,-27.8839545682753,-97.03394048889072
770,20.557694900998975,34.50600541857358,8.720996529222113,282.5629058760012,68.64521144019844,21.622394545669657,3.1137925894682796,1,2015,-25.738732319872767,-19.03968952011644
771,28.091877159905565,39.36043011423331,23.38878993151926,288.7655498570301,53.84003305239245,22.889358088299478,4.872414694089155,4,2008,52.16506498264745,80.9818713256987
772,28.574493803620904,35.772800194316375,25.410726657144938,207.39829494296754,30.264055314213035,12.127615814169713,3.9851481327086096,2,2019,26.13114214736244,74.8421411571056
773,34.53701266106492,42.0543767582237,6.124133667570139,247.16661890080886,56.79486901057126,16.95937483797038,7.8283394034581235,3,2007,32.72222065004374,27.042902854414564
774,15.1090520369731,35.961688194118516,22.34408288426819,239.80327909720177,30.363487027815104,11.79855848440726,4.372920676461311,4,2008,25.818738191698728,89.97219056436381
775,34.62749756487443,33.053127322578774,13.158682387520658,152.47802448297094,34.49990935794239,8.6384489981458,3.3887902168701616,1,2005,-18.834415847436205,-90.93587887924232
776,29.239738987820402,37.81874234403249,19.91772620381994,214.2929035296909,55.83659414885005,20.03303017088724,3.462001573464022,2,2006,5.352594474228582,-88.08295768197688
777,18.743100180414025,31.184818794802737,16.82310850889389,32.69511222823536,34.91519305111966,17.33268165689712,4.609549629598375,1,2016,36.827239385742914,57.522111080013104
778,32.77755992711153,28.65159557261837,10.97407179799265,229.826114113589,46.539926027229974,20.306763752402425,3.1618402850614653,2,2011,42.9726666647866,67.20014433168478
779,34.676305461183475,31.691311311255312,8.110091326091679,288.9315720857866,69.3294821135381,9.489589493911131,5.921799514737019,1,2015,-13.639803672826517,99.92225093668898
780,20.84806012634562,24.242852627464018,7.689786361051791,34.64267840646414,48.51692055656514,24.923945044053013,3.3549719577623067,4,2001,18.636561175043852,-71.1200430012206
781,36.13225466076166,39.914293245067284,7.3764257272953095,252.47357753163783,89.85891564729062,24.903925638099544,3.381082898939323,2,2012,-20.860828753539195,19.528348046398378
782,25.45252089686913,26.517594533398615,19.669170923095287,280.5642077282887,84.97812203489886,15.904997033559717,5.1272993703260346,1,2011,51.244918580957645,58.42445022660726
783,28.878762449666397,23.838288658426187,13.082449582189376,75.59477804259801,65.11859427513141,22.722998158125215,0.9563515452200748,1,2021,-12.301613990676117,-59.60111506616593
784,37.6469392732058,26.158806044580672,9.982569078735066,162.19524440666908,88.01682831809583,12.140665448694467,5.415161885863596,1,2010,30.397161574350704,19.5705237103775
785,23.315329808701584,41.051753794305995,20.91335713223577,279.07888538426664,82.08103766595133,20.53862474079605,4.287291628690154,1,2002,-14.199835019583109,52.380156585460924
786,33.702664953862595,28.255032389943285,20.797540012628737,288.4655413116607,49.133911130429226,22.94683956583062,3.897695857149812,1,2016,20.444854859068748,-62.098631901026316
787,22.32317971005457,37.151246737647504,17.400870724210947,47.085891462171745,74.97577475911856,21.849326523373236,5.894397430309635,3,2003,24.333787632039083,-18.59787923246182
788,33.381911011554294,41.410240766393486,26.504029787914572,111.21122541108068,38.20990704023684,21.800159330099675,6.186918365036457,4,2021,-5.441470689072258,-61.58852126335884
789,28.816880133840776,21.94361667312605,13.86452732315269,212.4619459337484,71.07308546272446,15.871452745510705,6.846956475593445,4,2009,38.695047888344604,123.79458419572165
790,19.976180990184233,39.125610129451076,24.224848339193738,74.25196482191978,59.464909589674825,21.93982911223914,3.3110234061308543,4,2018,44.68338084227055,-56.06430187890222
791,24.52260015715244,27.69163665947575,6.728206382440515,104.18348230399944,31.009556355169483,19.74198182136211,2.9527826919003584,4,2015,41.956293722859556,-87.37465098383481
792,22.305619590361918,25.415559104601066,22.0161151628856,16.75440740136105,46.453789343422244,10.251673768451475,5.857565761208896,2,2011,-5.228160248175442,-110.50806588767121
793,16.796493040848368,37.222536311324305,27.73429051813439,54.521287470047675,87.32293304425491,9.941134869096842,4.863536443553344,2,2014,31.99062331113886,-107.86256244893545
794,15.686199712293043,42.744915568330846,24.47175897461979,173.0755533811457,48.94988910530884,21.122676310888878,5.238511597638625,3,2004,15.354167938230177,-68.27171655895944
795,22.96900907436516,27.375480217809887,18.332288544131366,199.396119228213,40.887267318086444,18.632889509139705,4.6664218032937645,2,2001,18.33654920428105,44.216298052877136
796,15.437785399802191,34.22084513460798,19.415619479524693,198.18443101779272,41.2518867943325,16.829393992253415,6.295197674028908,3,2018,7.9682576732615615,-115.23453388199688
797,18.806218424380827,27.245852846237288,13.125659637049775,235.72453652568285,58.75279587851694,23.42345044443008,1.9253066636911487,4,2023,19.023503317198447,-42.57914031557027
798,31.679216379569983,33.8571396431607,20.628160019936388,130.43160998424952,80.5589544402321,19.213036066810716,4.667840995560476,1,2020,-22.7911257767825,-104.29493934270918
799,31.28609842072252,35.546550766358514,22.719093813170524,89.3123077099351,75.48010590800078,14.734494666501103,1.6857634170772235,4,2007,1.7962509805709743,-11.012132019224737
800,31.9873488885198,35.258384719754496,27.95925506571064,14.518403012332247,56.21112045226646,15.036840738995124,3.554389544682439,4,2008,-19.00954142108486,-106.88428078593844
801,22.294522935989512,35.58865924106865,16.32664709100996,69.9226495551922,42.52361300621763,18.289154133898943,5.479953675620561,3,2008,-9.790502212571681,44.03627968762356
802,35.470447513707,23.376994805438102,6.409993512789172,100.5924655385908,32.763894006131466,20.924679839667924,4.198037062356278,2,2016,-23.49669176700796,65.87455169013413
803,28.658102604654296,37.33851173966799,18.704732866812662,61.679988379335,57.75781916896386,17.59400621813511,3.3469365250413596,2,2014,-15.875395530018196,77.46113840381614
804,17.89860586017241,36.86875890950559,7.737555449589878,15.841896734014654,78.88652091109151,16.648934997726055,7.137275010617046,1,2019,35.37363302089443,-59.42728236551113
805,18.305529213477286,37.06470305542208,10.629596001790532,55.65980651290556,73.78091961565883,20.35731194512109,6.296192858731088,2,2022,14.485281595990323,114.4950437296707
806,30.941194819383135,21.85176381846766,12.561937960031957,203.16887053459598,54.516046057635016,19.98949734841962,4.447180887502812,3,2009,-32.87211933389885,66.37780517935013
807,18.977710538167795,31.170971060353814,21.813687082413445,192.57977077705277,65.68216031505602,22.115896290430538,7.625398667566159,3,2015,35.967203542190404,-104.70444078904849
808,26.667732136386995,30.225878301143243,9.227586849205512,281.3482554254323,56.17479125677306,9.063380366714005,3.682739670762454,1,2012,46.85215563365415,-0.9929886506146914
809,37.81081294636034,22.16778709107998,8.812317777374108,241.46880450521968,64.74096658741067,20.83418624539364,6.410546956910795,3,2022,44.23863482043738,87.29425321056993
810,15.09217490886681,25.559198197420265,6.034177577473032,174.64927388394545,61.05031466361295,16.73392766617873,1.7595217985106344,4,2008,39.07151945859896,-36.05863978553796
811,15.38133544364381,31.024065794950918,25.08451853613926,49.89134077303129,70.85799600750954,9.269783040563581,2.643443578329477,1,2004,54.29947985208432,-16.979131045038514
812,37.84094538440165,38.57265774645205,20.950624760189395,173.5808274882955,60.46253061198743,19.543170478881834,3.0356418600046613,1,2009,17.77617599841397,49.99303337006657
813,28.446693185085806,25.92655192461658,5.918768709205409,27.862567665112422,86.4366598900535,20.181183298033027,1.2936556452839247,4,2014,51.63288656634144,-105.02016236870759
814,17.9189294369258,40.74374775312279,5.6507230296766355,134.9566202491473,55.68169089490117,16.90166188225964,4.26353611307051,3,2022,50.39598092512847,141.0724609371377
815,35.637950594344154,33.644957143486586,17.84950881892629,123.17500239468667,30.954978182382654,21.494582620045968,1.9419510059487175,3,2019,-6.808514254690461,-72.89012713537348
816,35.24874690293692,39.01054212961544,11.498291229594354,134.0660047152531,44.18241212453907,13.104217846698127,5.256394170872439,4,2000,42.70903804502838,-112.79856009550971
817,27.33260950156163,31.813899583421428,18.724706059934363,91.1495163344883,60.03641148639936,11.432422715034413,1.925692696797637,3,2012,36.32253990028994,-118.56279484908653
818,29.301216686797403,32.47985563555558,14.995896040662203,208.89082981090888,62.434311113319716,13.962477179635734,1.4262969300445651,3,2003,34.8218899660977,-12.12031875016315
819,21.283305404520156,35.492984734491,26.236188933135857,253.87389551664606,63.14308735872321,14.970858726031619,7.768150456991934,1,2008,45.66526941627298,118.74840867835198
820,16.16195301655612,43.199265204145604,11.619607344111461,232.8699278537035,72.87312589620493,19.83087124083687,5.436802293583297,4,2022,-0.42289910717230583,101.33576138884084
821,28.67505500448988,32.295314535322746,20.62034347409455,192.0481077793553,46.478888557051675,22.37383894392987,7.5233818603136635,4,2023,1.0049469298643672,126.25236552741765
822,21.779369443663548,33.21643845270727,6.2432491672277814,166.11999180657384,69.89422074248863,20.255609231337502,4.17415843994924,2,2003,22.604707828327278,24.121226218802718
823,30.263284073188096,35.049924088188234,26.984792286345282,19.014412202328806,72.24193638715278,10.957788504183226,0.7505184729753068,3,2003,31.402408403290792,1.1614831462943727
824,34.233639067379826,38.43787843244314,27.5574217618921,219.65085962065714,54.67684515724957,14.225690441604375,4.807783778235829,3,2016,44.17633923918531,-15.817536451165495
825,15.417692510030374,21.79625838715586,21.998716467377484,168.04505247776424,54.13014594877932,10.693033128612226,4.687466651267814,1,2009,43.82607885933537,-107.46711953634741
826,28.70141681777173,32.8921859630493,15.699886845962183,88.5149046925272,40.73548713938699,19.67431139248687,0.6123170445244548,1,2010,29.92056619476338,125.57073920239145
827,20.319452412797602,32.039789730151085,10.05984910452701,105.07419126749808,54.83924257532242,12.2189219296872,6.959315333013737,3,2020,51.12035000393705,13.96754491687642
828,35.09943545178743,43.042124605939264,23.687875825703188,281.325968076225,77.20897750242074,16.931577858481397,5.1497801046231855,3,2022,-18.923424294838195,2.868206383907747
829,20.834283650922053,32.337664510908525,21.936144234381512,191.06505108399585,84.53838033299303,21.46110733430963,6.085183770321096,3,2021,50.53058624620776,19.095221493811664
830,29.047713064414623,31.708013367358276,10.104942909901828,148.0146060506832,65.61679147907793,19.405967673667455,4.204408296181359,2,2018,-29.22276661697406,94.42171989083411
831,27.731439322061064,44.05499971336755,15.37795176561711,190.06730451543822,47.962220601257926,13.072357841307255,5.138018284311973,4,2023,15.005969307272643,-59.39280678470774
832,24.111829501362728,31.26441159002204,15.644375569786057,129.98527424584051,70.93738311958388,13.658734760477795,2.4310241992139314,2,2017,-26.882273869269,71.67318332862928
833,30.585277562795262,24.522110758052257,24.00744264937231,146.3528592288747,74.40877252176023,19.10719287225154,7.803183258264854,1,2021,16.120087767832274,71.90783003058888
834,31.692701598454978,25.422903070144706,20.72842773968376,94.18968444522442,49.932766726839745,17.34095173877905,3.5054000566074883,1,2012,0.10987412101474803,109.37925120970937
835,28.039569292345895,22.379688458424354,19.79285350142127,137.5574571715769,79.5928716893728,9.638689286990754,1.7174496600322182,4,2001,-27.65515116478518,-117.6554284147551
836,32.44371145524934,20.014203231473612,19.946030718955406,208.82174740699404,34.42174992830041,22.857857017650282,0.9193656378097049,3,2019,23.330512452176947,-73.99320332651433
837,37.61859274783757,30.798641525012048,11.220811825797014,21.583158275076073,30.64522305600153,16.714425216911685,5.271289498140283,2,2022,30.80781996605576,7.182650052083986
838,24.64326492171852,39.231064532455534,13.549358976079283,240.5579481158849,37.37824635792315,16.04713722435691,7.875348883823419,1,2007,-19.323312774201682,109.64590461459917
839,26.83541019336721,38.3366610699959,6.050232565044241,92.06406684978072,39.36050086965058,11.37346872274846,7.218458726347112,1,2010,27.499304737789203,140.5815526395557
840,15.286807192647904,20.803727195071254,23.09964612367885,207.94234009542492,82.73574197686328,14.408894922499133,5.765784256148102,1,2013,-18.88572057670404,40.61452596343835
841,33.3086567951387,34.24957258985082,14.95895894890572,196.3903412572174,55.49890213327685,13.658022659356686,7.929484467446456,1,2015,-22.634319561625112,-62.72382663578456
842,26.96529154205786,23.8570781353369,15.079482213014192,199.26213425097856,46.4959015182229,12.602506608100256,5.921211965315798,3,2016,-21.737306012772883,-70.16213212734567
843,24.383112898293,43.52690711911743,10.643194093473415,186.35738571418284,55.74450695920916,17.64591176899514,3.04438342551047,1,2009,18.91706220589014,52.649867576292195
844,17.163655151056105,24.184124991104483,9.816827473566864,288.13953304016513,53.69045356203794,15.858681124764795,5.009135997951298,1,2020,35.09117273139428,-63.28133029396076
845,35.46209769853414,35.66598044243704,18.519904380087674,157.41980718166334,48.08770007928102,23.116360650349343,1.0982498186417116,2,2019,18.720433132643223,29.333604458639257
846,24.0851665209328,28.15595905410142,10.348719349684544,222.37254349945192,38.27397494471792,24.002847609801734,2.162618676669056,3,2022,37.84163077164206,105.39922086885358
847,30.69937675881207,36.0390331491088,6.476803586005682,214.58030605802753,69.35492771843283,11.731048296877546,3.6315517694636914,2,2013,18.23296069633323,-14.748694915235689
848,18.435605596467468,30.30646491160188,22.652670567560662,78.51759741071581,38.19626416677932,9.70179228904258,2.013638701722839,1,2001,36.758912261363804,-17.812508769679113
849,37.11564147944375,38.99107630765987,13.658796991346417,92.15869336417943,76.52546716036046,21.35073837529174,7.65125761121128,3,2020,52.887025101997054,-110.24210903941008
850,19.10416052190211,25.766978133196446,13.745418429684003,132.96495846552068,42.10128079682722,24.912643861856353,7.96698145058487,2,2001,0.18638271714021215,-51.39716382537017
851,19.589465836688277,42.64479632285651,14.9203204748632,90.53239983433068,73.8822784279987,22.68120118752062,3.282019400912491,1,2004,-21.505204076579474,68.5116940972041
852,34.756605792827415,32.505241232833804,23.74603093838616,116.35549868968832,78.33516634172801,8.40285583601849,5.81921739557899,3,2006,-22.81428694655381,-22.694363814306953
853,35.989403115264416,38.90232869282132,12.379248606615793,123.37857803920872,37.519560586467044,12.271480362009921,3.558280479974304,4,2004,18.772983699093828,-77.25929233172107
854,19.879390373035932,41.24325478503067,22.43483285893023,185.12072267211974,35.20474609728024,8.736818709701486,1.546319032896548,3,2017,14.239275926980774,-91.44271188471168
855,25.805420428021044,44.97071527387013,26.609531337929496,73.76811239316788,86.97436623921959,21.95324940969983,3.0269513577658143,1,2010,-18.41881593121723,-94.33558789930859
856,31.870382804945088,25.598641639848957,20.199968506270388,243.24464110423932,57.78280840515484,17.883918596969377,2.250287740367474,2,2005,44.38944664009061,57.9660269418317
857,35.20241187764844,27.172310339086373,14.928664867071566,136.88554346373633,67.8141296983793,16.733215199839915,2.960586653055648,3,2000,51.107353160876954,45.40779927425814
858,23.71821198585802,26.260827168297205,22.19916363237329,214.81079238814158,31.395626407306064,17.42564799394097,2.1126626629828738,4,2005,-12.210592120702849,20.000671512562917
859,26.891448197536874,26.571783303994565,15.531639504281866,33.61831955983718,46.722610833380394,12.291671397842048,1.342588392936848,4,2016,-16.38053621890397,15.088141002967632
860,32.0594774419539,34.561118538484436,14.531827235487238,146.2899642960664,60.32385927356317,18.227852275360668,2.1307132202180967,4,2019,-15.74703329232075,-78.65304977427468
861,31.816127463014293,44.83806307864607,17.081512762171712,18.18366433142521,83.17309880336424,8.52133863388851,7.293177738723821,4,2007,-0.13206232777764626,15.163140685223567
862,33.00808299059995,44.756952177318865,12.307613700613757,206.0138976265138,46.28636505386258,18.982199307504274,1.1391625683239655,3,2001,41.79044577690517,-103.81680031789742
863,28.108477828755106,33.16933078405769,7.397754974440027,109.67592232915017,76.51147919152316,20.485375113040124,2.9356748281642586,3,2013,18.636454894700606,129.98178382272573
864,17.40614722650983,35.97568025661685,14.5415961271018,285.2833160906903,69.73277569552211,19.44144648310106,4.463374208769765,3,2018,-28.920191144059707,-104.33256041929616
865,35.79138569019492,41.499263592540146,7.848708265973944,103.99602223441163,36.9162460683447,13.645997811307744,3.158844921337676,3,2001,7.568117665486049,-5.6468473786419935
866,34.908168404383645,43.32333646133763,14.440153891775275,173.50371042514078,47.60251036751979,22.046469557168226,4.3820532126416545,3,2019,-26.87014852747167,-119.8458147711435
867,33.35624102382166,25.096515683238596,17.809475587909358,84.64239695143826,44.27184218631719,20.164247950997193,0.8256504517576547,1,2004,1.559270260759611,92.26061847147602
868,17.296836974696777,33.213543223561324,26.406357167729876,189.8326623947287,56.55165525439713,10.181054489712723,5.364272250232833,4,2006,1.3168128072985326,-75.1340490953799
869,19.701139442872872,40.820926366537805,5.833113614041983,145.44228153863804,68.12005458285506,11.317451749151356,4.7260910116704515,1,2014,23.35173991386811,129.7273248118531
870,32.102808397476,27.580051915864793,19.293543349544716,117.48219583663354,56.0051853305104,18.830843024030056,5.607246993910187,2,2001,14.450857026679088,-108.12600807764758
871,15.532222175384767,30.995226062011668,15.527909292951778,69.06991123325216,44.67219454510836,12.920074270452444,4.754433618704278,2,2007,43.72793041051774,101.61258033239525
872,37.522166575267434,44.640527537800196,5.466005948695201,42.341189751722034,71.75272609369652,10.03036000458603,3.7842768681924737,4,2003,-33.535233560107486,57.292209460208824
873,23.674327648180657,44.62616741802178,10.739608046590568,44.76494884743525,65.0682656826894,10.634472883548167,3.1260615672056185,1,2005,34.65989398851842,-52.571355900809564
874,31.544188274888942,42.652670269129544,7.725160804160436,299.7216050766104,61.15883444494152,10.81549206918681,2.1982639257483214,2,2018,-32.96074931397425,-65.34670550773939
875,35.414135035225,39.96120862070144,9.986265351823228,129.57011078859807,63.2651758467587,16.122445415912498,4.2505079510495944,2,2005,-7.613915437127062,-23.426957988203966
876,24.076487427451895,26.728262518070146,11.315115599601118,10.559615283268442,43.31403877762941,18.325552708301455,0.6953933928313023,1,2001,44.16968243616071,103.66877845734584
877,22.34004723779232,28.021251851679686,14.230045713790515,286.34934928154416,70.82586366554737,10.998838672525054,2.961806210744943,1,2005,27.137275450940955,112.728268050573
878,29.001045964659674,33.68207103012187,17.167906050244476,15.79417802664567,53.2500321323261,20.11244237617476,5.58404220173397,2,2002,-19.520298947047102,-72.67294752843205
879,28.36275559620517,34.019434364050305,5.02276986030688,131.38997641081477,51.80806918380118,12.777214327525984,1.3153777976476944,4,2014,9.170608970074866,-24.569029285230712
880,24.410219485370334,32.63757048392667,8.722995294461038,218.0684999314902,38.98405249600623,13.296488352697335,0.9716843173964644,2,2023,29.971376288018718,-55.877326346391456
881,28.840819384957292,35.916756997907655,7.152026869002416,275.2337808678109,65.81024007302679,11.799476558259828,5.39133953968524,4,2004,49.360898920557645,-86.88643113776757
882,36.51377150002938,30.20807556582472,17.642488183043106,216.7370245153093,66.1598646327904,21.348504311034247,3.4833104085676267,3,2017,22.08890792963834,54.54133463281056
883,25.75572590241172,38.72935393288832,12.568722019229206,144.45146892100342,50.418038619991705,24.31683515992691,6.513687774120358,4,2008,-32.77921297103654,-26.61482372640546
884,19.525070157264523,28.338748161958883,17.613147928798515,292.58819130539,81.59100341193204,16.372497427527577,7.529834779784929,4,2001,9.973167372665522,-59.14630791038979
885,23.67573760630909,28.266924923658813,10.101935950017591,21.402621079648426,80.7274739229257,8.714520904343868,7.677803402994327,3,2016,-21.233452474625505,113.81939884553358
886,24.064460599641727,23.1806490472957,5.557275144014452,296.19873873602234,36.54325838894588,12.42967837923309,3.691946404206344,3,2005,-30.699840457257082,82.04584134396293
887,18.015499939603057,24.717805250722982,26.651438729215677,256.32354999544725,71.7023032685951,10.686854949020383,2.4824541820627424,1,2012,18.865957121342582,88.91551014801249
888,18.746044512754764,41.26302197303394,7.4910867873468625,279.38970496664416,53.63008537110134,22.326958842484302,5.064603040568585,3,2012,34.9229712259382,-109.41710938051436
889,30.744927688054577,31.15705846451104,7.9177512031194865,83.88400298828563,89.98289106377356,9.442517786364487,5.211446944461773,1,2014,-31.754550005323612,127.08522129238787
890,22.807988346804763,25.696694663820843,8.370577009733232,51.31284096243823,43.50141778107914,24.430096091702524,5.167587020569226,3,2003,35.523034386896754,35.17936205304352
891,36.96266301268358,38.98352750055969,27.569360051845273,202.361431018083,46.83145232486936,18.004734202618643,2.9133396028916088,3,2006,28.574909183035786,16.026757264820077
892,20.602725143247973,33.84952814542149,19.20618552390991,159.5992370159748,56.526377673343646,16.801576380260776,0.9781380231297727,4,2017,32.67881993515252,-117.14195657249908
893,17.275263617410914,20.52890028558234,19.03666888918856,161.71870861587004,46.12290892083979,22.404960581126176,2.075036291191992,3,2022,-12.974446455586957,122.36879681720825
894,32.33060494900593,27.909036433417878,27.69405863492618,278.1395617601331,71.51960198319085,8.468309561954754,1.6581457101667532,2,2000,0.42359099440862025,26.850427031220164
895,35.26382919411101,24.425035278033526,7.03409169331706,189.82346292944604,58.85448673088884,21.211596739919166,1.4292525933748266,2,2009,-24.22242555135029,102.79143483194454
896,21.39660720804422,36.39682152457101,27.41352052847265,100.20851218033107,43.25273009097241,9.982268774664782,7.447124908036798,3,2021,-13.499814478898017,56.9879593993393
897,19.648026337845995,26.875776015756323,9.69230237074294,126.01930136118405,60.38244416919376,22.293227681987347,0.6038573448047595,2,2006,-7.748929567031293,95.10727564793771
898,19.272621102035004,21.62366948024859,19.330644581926816,48.713792176636865,83.32726598190231,16.99599572704365,5.013933044272413,2,2010,-6.250702441689249,67.09157211060665
899,27.006282931429784,21.37337472994173,14.661922001964209,65.7710716799499,77.54373881100317,9.03919984012156,7.606053468051026,2,2021,-19.246410071286938,128.6602536306732
900,25.773582748675732,34.54318244896787,13.830891709975099,51.571520360766165,59.92973546560926,22.165165659622517,3.200398456205959,3,2023,-18.0159381735971,-59.11926968832158
901,20.967116316654288,20.54308639260224,26.41859655502764,244.9844889512928,47.309556188516865,8.464339990211277,4.453235668793468,1,2015,46.13233598129442,-65.43297172211507
902,16.038981690756806,41.21980282840222,8.432237754125898,214.41330571191446,40.79318788215167,10.35230177919126,5.718377476063697,3,2016,35.55042533340452,72.38622172518293
903,26.07430082750446,23.88492798143189,27.932587254753603,163.80005510714705,82.70297263121373,21.56301690505269,2.8787727099367912,2,2014,-3.9970066857706392,15.376596157536625
904,37.064643995618994,35.16415837988575,13.719876405105616,118.56667175199551,72.61001642992179,15.902809105584147,4.082389907804369,2,2006,50.28791855328646,41.77351599041492
905,30.007941617311253,31.11720070026864,19.921822789436753,203.86334419406165,64.3297981888475,22.983607974032175,6.62827137749564,2,2021,-13.496955848690849,71.30646668163129
906,26.396650802458225,31.07128803079756,27.261854824117282,245.74255083177067,82.7660787572201,18.80229763744842,6.090167489601977,1,2000,1.6138408105045627,27.805613190000685
907,17.54591770268117,21.794928559001146,6.32482415871642,265.55763254479564,37.30141724244537,18.599988824296936,6.563370586196305,3,2001,38.217278029111355,92.67723086987297
908,20.806034682640508,40.06880625530539,26.225880347279382,168.63470617983674,70.9493571601241,12.967996804244253,7.905051227207419,3,2014,4.859773318326397,-33.90581389731983
909,21.779800840214484,42.32631211883131,18.059661863149895,247.76668532771325,43.002738744793916,10.27256890037947,3.2774560620213427,4,2020,-13.883720938266862,111.92741977191687
910,32.59048170996639,20.275416684605712,21.201128216481404,158.27872648968156,37.23464646095922,24.339930645243605,6.103184472018298,2,2019,-1.8318079140660473,-90.92738471008781
911,35.164348337086246,24.465104392427943,8.431236229386013,147.61372586448834,57.936510600415986,9.781560715437717,5.020884253264872,3,2016,10.064896513721337,51.18107377952043
912,35.73776263202808,42.597604719886974,17.26791090911374,260.975238130409,53.243575785861225,16.99318020125065,5.4995357541589724,3,2009,20.857994529430364,120.33577703223537
913,37.645077989767344,33.73734032000145,20.490815438680606,122.04844151675256,86.47041655951114,12.633666044191264,6.049054286247008,3,2008,1.5045849623370984,-51.77258546653975
914,37.59443371140425,23.750989456205254,15.493688069916683,124.81467692180365,49.43877280510898,12.49039128088473,6.122984877097361,3,2010,3.8173898007976845,-31.75463777054351
915,36.918980053663574,25.069761315228973,8.564659096439303,98.42429013262569,78.89413554312014,18.107965728147825,7.143088619711147,4,2006,-11.24507484787173,-37.53071980696049
916,16.65190923156634,36.499656105927855,10.614738726968262,160.42350120543884,74.92962002810069,21.564879992040773,3.1199125642704155,4,2010,13.18125685756705,32.351202179259104
917,18.16925132633952,38.12042055617182,24.651034192850467,168.00650976994362,70.07543220351218,21.21205120813174,5.401110170839329,1,2002,-15.248938960740826,-8.524609797409894
918,22.002730108948757,34.985670214498384,5.792832835153544,201.53373214003253,85.22402837760357,22.76962871629041,2.602178236976419,2,2007,43.07735962972683,-90.85099305137636
919,27.716659843482613,43.82870949781314,21.303827804138685,134.84566993177543,54.47547566288053,12.979346544510241,4.959265288377313,3,2022,32.26303632396713,120.64754987424422
920,17.230491440226025,32.35159009154442,27.985970839834117,73.17281464624381,53.38027115897194,15.917773489156254,6.133813551289459,3,2016,1.9251089572765707,-64.73731012715798
921,34.453330029449276,27.506797803563167,5.172108910455632,261.38419810002404,39.65684541489056,8.158687744740424,6.432508146212302,2,2003,32.2505062329563,24.20160296690301
922,29.185392118778108,31.930822749394913,8.704050704858618,110.34025149902416,46.545724529704145,20.696579593318212,3.6509337724184205,1,2006,-34.37036523715643,40.59732190306059
923,27.474381252950714,28.991657341665274,20.505318920542095,277.6535917536507,82.78658736365225,13.139832906418812,4.315401674010198,3,2006,-3.995969962184308,-108.99700221516375
924,18.802160437447696,25.610397316867157,6.37978919546301,70.13246657767218,58.46292797468208,17.545390065593168,3.003873883776296,3,2006,4.627103333210968,-94.15767153332894
925,20.82487591120454,21.1490812335035,18.565169628684757,172.41666810850683,50.481199331442625,10.878104794330662,1.7677725990472288,1,2016,7.281865679112755,142.35622181597893
926,18.687176574591934,28.805312339128104,20.73200238190429,165.61837712354117,42.96672330493027,21.929791621283584,2.4538805389439915,3,2021,32.38583299393049,59.41833184033325
927,34.59446262928037,37.78523369274356,18.527366006623616,250.30787589882863,59.0976150146169,21.893627727730724,7.341027536748683,4,2017,51.65266848055424,-110.93740219746473
928,28.43724078140802,20.460945071879845,13.399248169484546,50.26690215774063,72.99992222787174,22.916699550800246,2.8172715680698697,3,2011,-0.8002582601477286,94.43378957630966
929,31.90797683295157,30.979462830148368,21.037492807692697,273.8817801460638,47.201521527424525,8.780928950814289,7.810695001592077,4,2003,-3.4460135424912757,17.3065585049211
930,21.80875584693059,36.10023503624671,18.66877184431787,164.11416992990036,75.46299124875925,24.871798066175234,2.3110856391153627,2,2003,19.94637039223565,-99.69611553881158
931,23.538810653030374,35.26010272935768,9.775654958160153,179.97172133516625,67.7872664834951,12.212250045474807,5.923033156107835,1,2019,-9.687174722757899,63.80306647290362
932,24.31166418181028,39.416210897217894,17.952117502457526,157.94822505635244,77.25375375238225,13.26037266280494,4.804274701788768,3,2016,-22.278469956632968,14.824987584486507
933,32.4803443501128,40.26299289149494,25.28386599419533,20.447222982517275,45.054577732494735,12.238707396237583,5.726525371435989,1,2012,51.53867834429788,-64.67165370005073
934,32.764118716515064,37.7926455229847,20.33716557088035,154.15629192391344,67.86168868398272,12.54805587223105,5.329684599568858,1,2013,37.85769611281198,116.97961346398128
935,19.75671113282273,22.569942403618736,15.851204670058484,86.42940217632726,39.224116769330514,17.395243053761995,5.800614376981919,1,2020,51.26495977217151,-41.32743825893138
936,36.65539370497628,31.875561100109017,12.396434365997376,109.37957230957112,51.827818929878205,12.076779253164252,7.291602863265942,4,2019,-15.395040918447503,-43.16970842760689
937,17.775072761204786,35.08514893719021,6.975382817064176,198.2394637642706,73.46160569056808,14.694112293806882,4.726021220468611,4,2002,-33.39717065272965,-46.35113291608474
938,35.6108078957435,26.13915097023629,10.62642405345766,154.3321675474907,67.90010313479615,19.14531190153466,1.0088658717799641,2,2009,4.353541816429576,87.21305981404382
939,17.309099849945614,21.06379544116941,5.2572953209981685,37.03328167356353,41.27164352025132,22.212445460821357,2.531190758351747,3,2001,49.02480666924231,70.65204100274366
940,21.084415656480154,25.589758021901172,27.69239610307418,31.181969680910086,81.50056032555175,19.776605504536953,5.811642353065729,2,2009,-22.5507195015417,123.84933507699651
941,34.469006329563015,31.37236004331597,10.117091798961019,63.840731729037394,33.201058940710915,18.103488361384493,4.20555970981755,1,2015,-24.453302944886147,-58.07841071224448
942,19.12831766396001,30.34825797636502,23.742146681763572,65.35669250594486,65.71294131099897,10.511385563198168,4.614139869647651,4,2005,-28.794249417874216,92.31844079655826
943,24.512062420129304,24.41667453317904,8.878832281514509,186.40721952169582,89.02923001389638,21.873965226201804,4.974353415352186,4,2003,33.85161990387773,34.72230566258591
944,25.346763898714904,40.61038856708732,11.522826440928199,61.56619457320741,61.89028391056492,8.633673095881658,3.3697195473842747,2,2011,35.7333880450185,-36.65650539377968
945,20.640956379533822,43.14216671841811,14.620378342252435,265.6986327496835,78.04030919756525,12.491258275000135,6.304216438158914,2,2012,27.583845009711766,-110.42738424990733
946,31.33563963072769,25.03370797631788,12.461330275256916,70.8305915778898,65.71085839134614,8.97000158784334,5.926511629224114,4,2017,-30.20373393898975,101.1158384597997
947,34.58069693625069,43.23932288918054,23.362068693476804,36.42811917365096,76.98529889537956,19.346292584935863,5.857245591448354,2,2000,30.095950223368348,-54.91072969139378
948,35.11522821667815,20.44652397937952,27.026948384354732,263.9663447442976,69.33564812131723,14.262308404089746,5.864826305262085,2,2005,5.376592761551848,50.57061977802826
949,22.8044093519409,43.124061817673635,25.131773123969516,95.64499706225257,71.46792087225172,19.084824214482737,7.177685012406859,2,2018,-20.789502025705552,28.194342736149395
950,27.209559068619733,43.798219752022696,8.5322909397984,133.37256265178337,43.66866906518304,13.899526308161036,4.965445845824558,2,2016,-8.438659056385813,-118.79862456536836
951,20.713347288909986,20.30129657539813,22.86383955603368,288.1176513636083,74.50925481437505,15.747592423591401,7.753041496227188,3,2021,10.103215593966482,148.47278008373587
952,20.630319535653346,39.075482419418705,8.402779006008362,283.8670735557544,44.27459319985985,15.785337172825074,1.3939451329297843,1,2019,-5.331367495728706,99.86892606603476
953,18.708843445594255,44.25503931424608,26.007765450928332,217.32589788682617,88.83841650855528,8.774871112348258,5.239692324453983,2,2020,52.277430406743306,11.34724307190416
954,36.62043724857284,42.64755547044446,16.9112072403773,29.992296002440867,43.66723145767228,15.31385094788206,5.876949094518467,2,2012,7.726756753647933,63.69216996544341
955,35.423743057928334,44.267754029905326,12.736765025304255,182.06863636930527,44.20104021585938,18.898094172958444,4.0791530821576965,2,2023,-1.506454077307076,8.680443879508601
956,32.879250406536926,33.758087642440984,8.611586438686434,296.8326011622548,81.52038722903185,17.282888183282374,2.6615628984270234,2,2009,25.584888607123297,81.03829324525731
957,26.906214989617766,21.953903497134707,5.271609028117106,284.60570624295434,44.57915171776915,9.279824026730884,4.625280895333243,2,2021,23.54905511703233,-83.7312926288986
958,26.283982056773056,41.244729945125904,10.702780808200348,40.74072283078343,51.65416760947698,19.356951756674732,3.2356076021802704,2,2009,-34.780464763525934,0.5147687131881895
959,27.184150322197453,35.34570639522529,26.022461455470175,124.83051789620691,72.87840967074162,13.250666833559436,7.318430533008623,4,2010,20.662632847066867,-29.404962190327794
960,27.341064312273055,35.36841860470723,23.337030422261233,101.5056563118234,39.52491481168579,8.245391647243375,3.1759430939994115,3,2016,-13.060792270786969,4.106915743389408
961,24.994950948046878,30.431340246467155,27.30525527826655,47.62115100242261,39.54430528965013,10.645124470432169,1.817802445265968,3,2009,-1.228972257087058,1.62761627229834
962,18.03036115651755,34.29604941302773,7.31751498579158,211.49151026214065,59.181505395997135,16.458514174381513,4.822918551240896,2,2003,28.571400166135987,-81.36463355961753
963,17.89026861597633,23.83949447715286,18.620111100630396,89.41602566446865,44.621805253963615,13.276828203511167,3.46994443535277,4,2021,15.164759890962621,143.65191409143785
964,36.90174346445072,38.49425066415375,10.914460902707862,110.01108290633636,44.139477334142015,19.804511233810366,1.2192360860063076,1,2010,-1.8210370260412745,-115.81712144720542
965,26.08670747048606,21.87543268378856,17.48765923276537,36.204074243411206,30.55433528511076,12.091109084617996,4.736317632484313,3,2022,-19.933068334658834,-117.28030489930231
966,36.92372707281935,38.2445191760948,12.370462367959469,154.41059204581302,52.22697547187688,21.137534864077868,4.533848083742761,1,2009,10.493396852297785,-19.170843995912392
967,18.76226818733253,41.22446056562135,11.519707655597223,55.86868045909638,49.09503327710419,12.87011208369766,1.7989781497489634,4,2023,-6.25705788435171,47.50161432364072
968,27.751580696918474,31.811716939112205,18.198441946565744,135.30622283805184,31.869348649600223,18.554683028935067,4.9822862671988215,2,2014,47.16350275672676,-71.49362875996937
969,19.7774968270854,32.745759151426235,9.216317722999428,51.569244409957435,67.27399069281981,21.58667846427006,4.755192303931167,2,2018,13.091197626014562,23.962381054123483
970,20.823245940911836,27.80535682305196,15.790069050358687,286.6164680855423,67.59931092020125,14.554454186943731,6.302094672811932,1,2018,42.936759475337126,75.1484313501393
971,15.691255311507112,44.23646459313969,19.9686820960128,52.04493462717136,34.248028306419535,8.795684010862997,3.211774473819758,4,2004,0.11629256351601924,-94.6036355591592
972,17.73592614702486,38.32811186398863,7.948187683204493,161.34727461668365,49.02249377456718,17.102573858000973,2.3656964274772947,2,2019,39.46934474091644,145.794050164302
973,36.0875133754715,29.224713832508623,26.403668230168794,67.12414934250637,82.36833191972386,24.921954046256506,7.634149152280816,2,2022,-29.911678804512924,-29.09082511039054
974,22.39525880409363,24.370184655825128,16.631668087444872,32.144923007056676,64.9300240946747,24.47286172840753,4.709131420870911,4,2015,-8.169287698878655,53.452161722557236
975,28.986971874035607,25.489489805052283,23.849143353339873,68.66949946420847,54.71848344071927,11.75737729705086,0.7035496916313523,1,2022,-27.964166025977057,-90.10563828962457
976,25.695325035753278,31.598057152751252,20.03982490428446,25.884491143226466,57.90611570784576,20.84684066021229,6.6553376308380745,2,2020,-32.15148373566135,71.56132495475813
977,24.2103786406414,43.56421000785845,21.330021648118546,50.425241105086755,42.496799666148306,13.86418114094112,1.9756854568920557,1,2015,47.697602079080696,106.9232137068712
978,27.233380100959565,38.35365864402296,21.471011642835276,153.11040575133293,78.71289004247568,10.724632163112556,6.395272382343826,1,2011,29.518186995971192,-91.57301157073196
979,19.306495726152853,25.381093704478744,25.12729763241387,199.02650110669651,84.84028232705805,19.320549910242384,5.7887182036697356,1,2020,21.259905802162358,-86.01694832008212
980,37.73788966595026,41.489028335472455,19.112925006079255,35.3285463708172,84.63984253500261,16.514768401955074,7.76610293197368,1,2004,12.924352847064966,-44.11719811544853
981,33.82108098018885,29.45501307524203,11.39899448959196,137.89540093223786,43.43606350153798,17.166919480146515,7.741844761958946,4,2013,16.259863259515775,-116.7773298486611
982,32.05713655282485,41.29305456881296,7.288721785905515,178.56163662747207,48.64441606658741,22.065675258003644,2.5580796849181997,2,2019,22.482134324780816,146.23384947105205
983,25.781463831320906,26.042489949528274,18.943764247353254,77.92544610120784,39.63736648857221,13.721242490086192,6.248371859175638,4,2022,39.39218152660929,41.563700237215414
984,18.516173808905727,35.46651529840794,6.5261144867233645,117.90273933964737,48.43206801793879,19.340610912446273,2.8764131433494295,2,2006,18.71997002159754,44.04915149015727
985,36.17531474029206,43.16676220203205,10.549749388859194,30.832112222746506,49.96832232735602,14.22525493836463,5.218984541221957,4,2002,32.37226867997941,138.91978580594173
986,22.851902549779737,26.44735022869485,6.396265245843969,73.83801326759752,67.98634422387812,8.726306241867297,4.983095637159448,1,2008,-9.71197533532386,104.64789866624531
987,16.15245386302948,37.32316476464638,17.62441454715104,145.3583485164926,41.37878289288748,14.426256824717932,0.909076367158735,1,2020,52.90855640348249,99.84559136145435
988,22.87528456664446,44.68281549892859,8.687776873685966,297.22823188834343,85.1638154620646,24.150585874470288,0.5388631237651818,1,2012,-32.1292512406674,-28.33436012656108
989,33.272511701405335,23.764957181075086,19.039368346969887,298.9168682523487,36.1859682051186,16.21546219550309,0.9332301094610713,4,2001,-0.20810642504160626,-29.586883764545732
990,29.32230113472879,22.21005726751686,23.189898009855156,294.0902875260435,30.412680662059984,9.839917426226759,1.4595653564880582,3,2002,44.38445963533336,-41.23075085058535
991,32.26928744913177,36.854879811120405,23.903256577752835,132.69505202709502,81.29670771783199,19.69305609939584,2.432393685108303,3,2008,-18.752933358242885,-26.392144320393626
992,33.25361382883468,28.49339869372576,12.11950068716543,33.39730974025286,72.22618846596299,24.377448945214862,7.302164174319218,4,2008,-22.279571635970782,-20.232634432840356
993,19.87495605485248,21.781111934164777,17.625954251973408,103.83629680230672,51.32159222135991,23.43506919125237,4.389745065100147,2,2003,-2.111230979007786,-82.1990039752398
994,36.24701627014315,31.882640447090104,17.949247481986255,78.93716885758342,65.72998235460707,17.723334242738357,6.476688041305915,3,2011,3.5375230465144725,-23.894077070434747
995,25.07376086716857,38.84426699109889,15.876405189545832,14.096706723857828,43.412646050354,14.39677265392503,6.787338140804061,3,2011,49.005465459555495,0.6216995160764469
996,29.697313933075783,27.12806001037972,20.067619502769592,37.61774698362886,40.103378918722555,17.871520364657087,6.012073239429059,3,2004,40.2507581237939,-36.47621853840219
997,15.053101769495067,28.37617193762837,9.832003847941273,141.42566116422915,58.26894810832337,21.870828057387243,3.4353884331542894,3,2005,6.768067392146271,-75.35631859746209
998,37.847475463457094,41.142485016174305,27.52259451049627,108.50211450324613,51.19126978325765,22.64103481431372,6.978945453807371,2,2015,52.56775907934427,-19.179192491805637
999,21.460616877175568,33.0017978065372,7.255836023091446,62.30257927400008,66.91380303211753,21.9203460440215,6.065373149906905,1,2022,22.80505637431579,9.84509876843768
