sample_id,irrigation_water_l_ha,fertilizer_n_kg_ha,fertilizer_p_kg_ha,fertilizer_k_kg_ha,energy_kwh_ha,land_area_ha,crop_type,crop_yield_t_ha
0,1766.903232899353,65.06320761306262,18.43004942573448,28.50316153833558,53.43026344355213,7.1883526211520214,soybean,1.9712211584514037
1,1694.3889957871486,16.755833189030717,12.369475302331207,59.086112767043794,326.1980076883337,6.092826765811376,wheat,2.9971412112003954
2,1808.5206933949798,38.632936957433856,52.413267989533715,58.79248974235439,294.2111704066424,8.281574771464362,cotton,1.2689317207966846
3,1981.7710655633248,109.86745228258704,26.876416400444796,66.95527245834683,205.51716875211434,7.147444798924277,maize,3.8126162888596076
4,1459.3056295054653,21.18487722574496,16.654828659985732,42.29876673875615,230.032943149821,4.439947341868367,soybean,1.523772414619362
5,453.07538023549336,61.09208806835772,30.06530864241762,74.6010413793399,189.23180093759618,9.077405709629925,rice,2.6906184778791205
6,773.622236378724,23.74096080228567,35.94774581887984,59.9908281543546,255.86538598542847,1.3146294504343743,wheat,2.4659995675801234
7,639.5822361608668,71.65605208860669,20.649886587518495,28.422904103712394,143.57507213547683,2.3560147929043835,cotton,0.6239113572950413
8,1333.805917440931,90.11571481928308,50.59183209223101,22.975826986111578,94.13199705378199,1.3258012268923764,rice,2.8378985415235576
9,1163.9423856065055,41.54918879373611,35.08497188861774,39.78353475678015,145.15603147528492,8.532880764346926,wheat,2.7745284090355864
10,1891.9015922932363,108.75999068802948,15.312735368993794,30.761323813125074,395.3911358276277,5.45406478780913,cotton,0.9208954379697634
11,1027.6956656246703,63.79002265456369,57.255273534070405,76.35642470267358,115.55671575155974,9.906330582196574,cotton,0.830830312493653
12,496.71020284910503,88.22371198283774,43.775487177709365,40.73316647232478,68.63964689737374,2.6676810041967496,wheat,1.6570069152141547
13,438.1254612014077,44.518782060922675,54.762334922382685,47.69635271532462,190.19998123389288,7.6832392926942905,wheat,2.0894010279317214
14,1696.9789313357267,71.11439880511665,27.753438890964876,60.261050909156936,348.5642259391968,9.603540653908045,wheat,3.3254528410287176
15,1416.3609272669955,55.59771981516655,37.71681271588738,12.537248020825407,157.68007243752044,7.108331869996474,maize,3.5279327963551417
16,705.2312391376695,66.80994667507932,29.326319098141084,24.03485070230066,285.6645422227075,4.406501613921893,rice,3.569971421495959
17,1850.3390821375665,48.01707172697178,5.897230421156285,40.02726812721151,258.48404409722207,9.423854040343041,soybean,1.7124628290873392
18,1294.2180836075659,100.30901796529182,23.567950824026582,48.26395120732033,326.9583444316259,4.3189465987803475,soybean,1.6562464825665857
19,1372.6819456745761,69.2234816292962,25.233437361124896,68.51637339477995,251.08571238715245,4.376074685822898,soybean,1.7131678124501646
20,1872.9934028413275,22.573874210510873,30.240767354889467,28.58024430402211,174.9230958042856,7.688306460833092,rice,3.422514648094995
21,480.94547777690514,34.3606565138339,35.4093054131157,38.32201869808329,92.022497095917,9.75257005046417,cotton,0.7189039959802965
22,1750.7973964162325,118.31395638703722,55.31248317999737,17.179068464209998,202.80336362282208,9.117716838247278,maize,3.4277605837349645
23,1964.8082521655326,12.004118159305914,46.222100804934,11.56397649869506,381.9328675431301,4.548868185291649,rice,2.6155311101123164
24,843.3336550517286,90.23955385352126,52.93626062381975,10.286692929054777,105.18042529029664,8.544054163852579,rice,2.7199012243590013
25,1265.757991658686,32.77159238381492,23.42309355980665,14.246938394853807,89.65445666374576,0.8761575490882225,cotton,0.6266558682941639
26,1077.7456511499079,72.14735069690562,34.517184276544455,10.098531632569374,336.44235737060825,4.72926331084512,cotton,1.6066392137637848
27,509.6462071343783,68.3939024477146,31.491951897331703,11.398355485855387,134.8678042792143,2.678496455015171,cotton,1.17573311833526
28,1206.9605759982232,45.46296920610161,31.291176449010994,76.81967053607566,255.00677642635478,9.68285531744928,rice,3.04017811291138
29,1832.915773230412,19.984783975787536,39.874009059106534,66.75369106769475,237.02081589460514,1.3984420516155995,soybean,1.7543723375279114
30,651.0169319203937,90.18042180135991,22.176656904133264,12.813864991457184,121.2460728402932,1.3258181733538867,rice,3.246652761936404
31,742.8396216542228,79.49393318443921,16.198449980816335,16.947307318442057,108.81257179510159,7.636497434708328,wheat,0.8426831067622286
32,1274.7841448209701,17.30118320231435,13.019845339868189,56.466319312116525,331.34230150999474,5.052998165594133,rice,3.26155735976946
33,471.37830622014224,92.0430099448267,6.907945258120298,64.99789660787826,133.04657922853823,9.683466423719825,soybean,1.7445791983085952
34,793.556556877151,99.80385443512601,37.7261688483268,76.50959628559511,236.22350164128326,6.55337105761962,wheat,2.748256639725857
35,1124.2238660831422,104.92857719862675,35.97425619865645,41.49269920015719,168.9420528712094,3.7643917432602594,cotton,1.3875116069814
36,1627.6987429417459,67.55331495583397,39.87949734557295,22.349403627005568,78.48168660339422,3.302285157440137,rice,3.8120849097342355
37,849.4416028752448,80.5420716314042,38.99718177846463,29.65900567998396,387.9833889282907,2.412038201815251,rice,2.776520624832947
38,659.3478898911034,94.22905359883866,43.38859042144039,34.974729319922304,191.91376398685378,5.212707528019293,cotton,0.8996231890521439
39,518.6215567927854,119.19857305107902,39.041805895363105,32.945972398377975,274.1944458269677,2.809342535640296,wheat,2.4456171673864935
40,1761.535517416035,55.13754554691757,15.173518398780827,37.89919096325346,217.05000984524125,4.329549993237904,cotton,1.107842897669208
41,1632.4429288544786,119.32015162425274,11.685289862992349,25.260298617795463,378.9027298697031,7.519701854829785,wheat,2.612120898933285
42,761.7840805557373,34.8667318055386,40.13453544704501,43.526837562416624,57.37848698007054,5.276546895240303,soybean,1.6881578317808563
43,1042.394146933431,65.56843990801197,36.88326912231588,21.440295594180007,63.389251910886394,6.300344222998348,cotton,1.3398560220254097
44,1078.1442896198932,48.965277375027014,42.72410166357087,71.86552030362793,62.98100139327948,2.398382639744847,soybean,1.9940231381935105
45,1648.4190865549217,58.552807885606164,18.702190056754798,16.043590215093786,345.52011961804834,0.9460065492445282,wheat,2.4273949019383014
46,974.7713901770707,53.09735831601044,18.492037526510686,73.93106628900725,235.38093106998562,6.62876255662066,soybean,2.047222455375246
47,747.5711350554409,22.461107100835868,51.55853139692547,25.869550391030714,319.22683085343755,7.514855586954356,rice,2.645541004731291
48,1880.4584806018179,90.00135889010042,8.392617042038617,46.045195147230736,61.76211608216891,5.570817062088728,cotton,1.4500213475042316
49,1226.118232291616,85.67747575556605,32.648553267218716,34.99660068697377,302.1732117542141,5.519066106771028,maize,2.6656273352240465
50,1198.5941141501262,19.68248566683798,42.090454996031326,21.286920912859287,318.30928400265196,7.351313573506859,maize,3.4139076717756027
51,1608.194945057188,48.46376763678854,31.257069696028406,17.95899355307563,214.06755212664825,7.054657378053022,maize,2.4200334054650123
52,1130.6232779790234,118.74206226965808,51.349845601068814,41.96734153534756,148.84135833107194,1.8315856417035765,cotton,1.2072013842557394
53,1526.153509383179,117.41693529552425,50.66515145407993,17.25728382257091,210.07666110430827,3.493354080480743,cotton,1.3436126176304977
54,691.7152126990677,119.413487775988,27.309903302953952,48.389978329995664,317.68887889456033,7.026761164399936,cotton,1.2635064281843358
55,896.8544672626342,66.79543306755548,52.03039231535229,42.92677093336613,107.17239464857802,7.230742999472476,maize,3.2401728592132195
56,1158.6916309497324,59.90028205325834,26.884124613811522,52.37477258944999,178.6722507536963,4.12774447937484,soybean,2.174488296939568
57,1415.109321198403,107.13646724971461,42.11241843273748,42.84397868571885,60.31057774422055,9.655108733633973,soybean,2.2074739022585033
58,1501.2868220155533,86.31258791144039,43.44826948435609,29.48131852011018,260.77103055976346,2.584981102275359,maize,3.277117673190174
59,530.4672164974338,59.72674684206476,31.114007756198184,41.28000271916993,100.27583326180641,4.455310100076721,soybean,1.3736540669259387
60,579.1954366049504,51.77180729098002,43.594336940720304,76.68488300060778,224.95379247638942,9.0269898190708,soybean,1.9984870857745423
61,1883.4339028828047,102.23694409467335,53.26529809565624,42.87441027166903,334.06426192069506,2.9613275912763006,maize,3.5684514529490876
62,1738.2204579048937,37.7169145664313,44.09323443777241,68.59280620120867,172.3744311793822,2.103005910042266,maize,3.307760157788635
63,593.1758888334639,107.2018818810592,59.200239774059455,64.24968654560837,155.83232096587372,9.728151691925305,wheat,2.410445835611957
64,858.7555570151936,114.54781639346547,10.661960207000583,36.220589542966124,286.7010602271929,2.5536993191769337,maize,2.958675082280099
65,702.4593804757699,17.422047635720403,46.995440490547395,50.288131141572855,189.8195300883182,6.809631639623199,soybean,1.754852384347997
66,1358.0470874216576,52.40836984844942,47.860661018638815,22.92665821170898,164.54083340306013,2.966863095295585,rice,2.953035183069884
67,850.0862528573696,117.00693477577104,34.47370579160358,67.81878105175258,250.89438206152533,4.4278162621914845,rice,2.4261307910824828
68,1295.97376919813,104.97362081183132,21.119446006841482,47.14167157366505,241.18759713895838,5.156199398565058,cotton,1.0969854494843576
69,537.77293383014,109.7567799677514,46.70227421297496,68.56956002296103,185.59608971288995,1.6831120440798686,maize,3.7250515770330925
70,444.78710074986446,106.43525875845195,28.036943200147995,74.23158151925064,233.4979782992878,4.5991003429427275,wheat,1.6341647909072174
71,740.3287299923138,34.8407257070897,12.42436811459299,36.06528542974945,280.3496389338786,5.144801381770527,maize,4.040828288235162
72,1172.8329277402877,22.573067065616524,14.757756426151067,71.89857783507208,204.47018487829726,3.03717643947632,rice,3.119604347132095
73,1464.6254651232837,91.24960104802233,25.784239604249464,19.57692182565429,180.55772099322166,8.99791909136234,cotton,1.688927413253988
74,1653.8122759177177,114.488994587118,11.470163171146421,58.88797848166751,142.63831902120816,4.951948724899036,rice,3.541331326702049
75,943.5149835007372,44.42894865904603,58.284358469612464,58.82618303676117,295.4778717729474,8.399522063700019,soybean,1.7870662964691353
76,1052.7942443143052,21.079538527182766,32.13552343639755,13.358260772973658,268.5984605488309,2.3573420163151373,cotton,1.440697133981707
77,1380.8653376160555,53.01015120656653,58.34313255667887,46.974464603925014,186.36626743181037,6.62152438102894,rice,3.52703193147773
78,1916.2181258687306,53.033142239833495,44.807223897982794,60.510698954483594,133.55676380964516,7.124115005980355,rice,4.235103351874068
79,407.62726880189797,116.91805595417914,42.843918846306565,67.73673014817942,226.0829200797333,2.5914708921719343,wheat,1.4987224293210815
80,925.1307684038646,44.986401815276956,31.87535989169132,27.070044876450613,345.84297971680434,3.2510770661132193,maize,2.4863880681795534
81,1561.6769801077905,40.04846076145998,58.77659627067048,59.464800917455754,133.69021690224574,5.917805498003067,cotton,1.1217190148693579
82,1855.2298446176362,24.374145373407845,8.475958333005126,48.32444350997663,169.4137828802261,4.164888881501753,soybean,1.9785119575949857
83,1805.0005078307083,19.240751685063497,28.82741739385441,14.473272135439117,171.45410172462687,1.978896760469164,maize,4.092793039800895
84,994.4216444477103,100.74343021540636,38.39815546480276,54.67579152720383,321.45121040779094,5.86424781714805,rice,3.130942840062839
85,449.6531329228418,34.7545572220704,10.375970041880926,70.01145686882114,370.5287693727915,1.9813116054638777,soybean,1.607896113956404
86,402.0580020651968,37.58608515945946,50.69934847139087,55.37462525571625,336.8639459328162,5.357978816590883,wheat,1.5074942075017643
87,649.1809761000505,11.521302509187185,12.610035635362998,27.17006296057279,322.73392970092914,4.492985647390482,cotton,1.4491228324214862
88,441.8531173183178,91.52919353151115,54.55687745890942,18.16267287877761,198.45401291205872,3.1850810056909094,maize,3.2606299960107537
89,424.3443540303073,14.82764328063342,48.346783609250565,63.002358111219486,293.0676712313303,6.607774374720888,maize,3.2343174811983024
90,678.2331754605896,58.221242663893044,19.05553181651773,25.59245944412968,118.64646892419658,9.897334133683717,cotton,1.2764026659314072
91,1072.6493529296738,83.31964934543127,51.998950914075124,66.97631373553986,327.039272040423,6.508279329229351,cotton,1.1325179592720886
92,1280.7347083163072,52.40904662867985,47.067248305025565,52.51226501402458,211.99053925417553,5.963137231686678,wheat,2.824396333870974
93,1814.0051906366225,62.604704086237774,29.41114934678463,75.27742929191426,207.6552092246931,5.7204401277374854,cotton,1.7482912518504328
94,1158.390902256789,54.74153088936152,9.960907763539792,33.80472813825227,343.20597622324556,6.40988212450972,rice,3.238650268292229
95,1498.929700094321,114.20374319153161,22.888493573586885,10.387833895069186,139.7163036726168,5.812635674371257,rice,3.272859981015115
96,1681.9748624196284,91.67414910082276,36.54008845699606,27.307672679704105,243.3744074525481,5.626632069341492,rice,3.1575781220619117
97,917.0781114391199,72.2420681844707,8.312407961239437,62.46989774192764,387.27170913268685,1.4620841792727493,soybean,1.69548661006811
98,1554.3313738459356,98.31992342904667,26.984221920256502,45.34122834866753,232.28964321650108,6.873764468370663,rice,3.0289553487587613
99,1507.5102097011475,55.41185490585826,27.35139161059541,28.731408231154024,337.1760547268339,5.2505961637909495,maize,2.378330106329833
100,554.6745925432206,10.01261702577287,42.05052382517739,75.24036040369492,62.732106050995306,1.956768687333498,wheat,2.222657337011179
101,1695.6362146262072,101.10212507762934,7.11699433871756,11.768878489037732,351.65456914111144,8.94219118797853,soybean,1.8410380998453078
102,1011.8590380585111,13.9650334889826,56.75743356886162,62.61244870851045,205.82082813849811,4.613116601621088,maize,4.266929628678389
103,749.824819351985,10.004997838819179,46.36184712158887,52.24182457754278,127.07583695689215,9.996888133863362,rice,3.0977492343736173
104,650.5155489408528,76.70070919839758,24.09396204107321,42.845764089539536,330.450514163412,1.3693508507679435,cotton,0.9692996850422576
105,1895.6796813763094,119.99666360944798,13.234160747138398,21.855046828807062,163.18078578312188,5.1780754824985324,maize,3.8423985965761784
106,850.3048552070348,109.28250689319849,45.10358450536179,57.30212859199217,102.96729176858787,1.7495134024696173,wheat,2.5168982992977535
107,1640.9747913800197,85.1206251481789,8.34910199194659,43.69700734874002,153.5777776034802,7.1552382580328775,soybean,2.426484508895115
108,1718.2143287985502,27.066427695778646,39.39767826792383,32.11317064443061,266.0346520945477,2.824820493509597,cotton,0.8411960498467391
109,1896.1144558825692,118.54630028017922,19.979540050704074,23.222723129807356,113.4819521993001,2.884270853805014,maize,2.878445042539219
110,1372.6562216272823,106.89754296767964,27.62551046646187,16.493287589366233,252.39146232161877,9.949566069939669,cotton,1.3963556262197097
111,688.9159749814855,93.4097329198988,19.9680990045887,66.49301846040896,341.1095506262876,7.33774642634181,soybean,1.5942561995131983
112,558.7988849312757,95.09933367960839,8.996009505644055,15.89337602558114,188.39634940628275,3.0100957119176877,maize,3.66003279966353
113,513.4833599403061,64.9748498079088,56.403430145850336,27.95279153100603,391.2156533369642,2.122661944133676,cotton,1.3231998387908561
114,1558.1877884985527,100.4896364037279,20.33804432138043,26.901178865425777,329.3626225564007,3.1418959121284202,rice,2.4853451908158464
115,1678.5585508652787,64.20232225770883,20.349560885867984,22.48035200459357,237.92734871215077,0.8233253196192263,maize,3.614143508267234
116,1660.1729848193513,15.164297639642358,10.886612688917339,45.06085789336218,241.75590891231263,4.872029521512783,soybean,1.8519172736357292
117,601.4030529497315,29.021452031978498,54.66792879121363,11.191740606041948,371.38079806292114,2.2134876407350204,maize,3.2891433832912815
118,1082.2936763547075,69.00722943616597,23.116042661674285,60.13753283027072,173.86321071778286,3.973023934660489,maize,3.633901490167672
119,454.0716871664761,81.20731720304752,34.71927066354516,69.9718820125258,310.7051282478097,3.1184627912093945,maize,2.888281244336681
120,915.9814283794825,52.35426882350441,12.110175145772992,50.40785377324321,245.6672281714476,5.904416155555253,maize,2.6072530199097743
121,1075.9033303079977,43.29166836259467,5.986295542516861,16.073728822234195,118.94992760514927,7.916504495901361,rice,3.2316255672079626
122,943.865197297043,95.8486129022781,27.82465591965736,66.64052241903181,207.22503166463775,4.955458268742106,cotton,0.981061334867604
123,1784.1498154726344,99.52413032263104,26.907647018451698,42.70012082597363,101.36943940426956,2.3580373043169014,soybean,2.203137669612779
124,1984.290245215017,68.9963187180431,58.890272825031325,77.46492174751653,132.69441432970302,4.109456536399436,soybean,1.6787249100503547
125,1051.036767164429,36.01324691964295,22.653814568010084,21.2508710368101,322.8949145513989,5.672907251680074,rice,2.9878654129538216
126,955.6082470981964,77.35687795232623,50.54202957152188,16.7319358471097,245.88372084107266,4.060524753297836,soybean,1.9870134081086686
127,1779.7329320100012,101.93243538177505,44.23554268764291,61.86546724186784,204.85777261131244,3.420817876244177,soybean,1.6707483626974853
128,451.32822417458055,98.40760627018383,38.4210376741249,62.96939668327335,82.51876537938969,2.7798810540606076,wheat,1.6687320898023945
129,1666.4153763952977,80.29649182827411,6.897032863602105,71.46430498327058,155.6734824759675,4.824516967775767,cotton,1.4239544115088965
130,544.1260794148001,101.82353842289777,23.055896057045494,36.49980711812036,56.91844942538673,4.926799577279749,wheat,1.9884761543317078
131,759.1652411588384,35.36142426852546,6.0536092986301515,13.499872982968872,123.22545820155216,6.245865777571762,maize,3.1554012524764836
132,1797.0836922169465,91.03395780341957,43.3548137857091,51.956561309502796,87.1661330962919,9.667989166570631,maize,3.763165289211918
133,684.8315477842767,17.910659252592154,31.820947410208905,52.087793228838514,76.85751915010266,6.213981805959049,soybean,1.691675489573057
134,1104.6227976922794,102.98132415018928,37.27891059938396,48.93454793624158,335.0000611269541,3.696319107194729,wheat,2.9280688792409424
135,1015.2633977201785,42.50429493036537,55.09021399736886,76.17711370688845,368.49329327072667,2.158590229161338,rice,2.6190011479139392
136,695.8658189450323,22.834769862190193,14.742599424922483,52.262771029796255,163.15378064019018,6.00362764563212,cotton,0.8701989758057118
137,1102.0514372154444,98.04130100301154,9.535660271034603,29.49071425402815,359.2136016448514,6.340672893541126,rice,3.010732778746942
138,1422.8536061513705,79.56184244873046,39.1480263608928,61.84198299498019,91.1553428228488,8.52612541341805,cotton,1.1368982163018946
139,1487.4105939391463,21.007858784479964,43.8104099324575,45.646072347098375,250.9654597865346,0.5397730766941218,soybean,2.0975811441577017
140,410.33564352702393,109.17324132330089,57.834797587216094,10.085337112794178,397.2173212329642,6.9721387447769825,cotton,0.937219866515618
141,911.0296793565458,105.97293121766043,52.01447056480071,74.74563925208174,138.75177558244246,9.218886849893265,wheat,2.348695404899553
142,1587.9063045760604,73.8396321551386,7.727657325587604,44.50747795337261,94.43699542343896,9.797287741454667,maize,3.7217294676725086
143,879.9010801167592,62.53781381759627,46.58235239832495,60.469405184043566,236.92368570880592,0.7714260499408774,maize,3.260151589350926
144,1646.0309731077662,26.694582377202796,20.593337263761907,50.75882100247463,312.5822623002869,1.2883546487964306,rice,4.23460299645375
145,937.9264227903813,25.445687130317268,13.012080091734063,33.303474257010805,339.9383833769562,7.741922787812025,maize,3.111818135924811
146,1567.4065914749171,68.11124608417578,29.56473051675246,44.29672730552257,187.05517499637196,5.104446891259336,maize,3.5149875149011813
147,723.0150459031787,28.691067954039266,30.128298154386535,33.9813695634857,344.56917775573777,0.5622163706924677,soybean,2.133766534454835
148,1946.016133472798,50.83810363568661,51.88307822350121,44.315644920797006,151.7557308177598,7.44852040580413,rice,4.0994658640269845
149,1205.1446579982066,108.55172370452685,51.08437477379479,21.491634913782583,195.60618100446595,0.6756240128339637,maize,2.7262635764772267
150,1820.7927852517755,27.29868412576392,25.861376486798527,62.35997210623001,381.7759245003418,5.800634166318174,maize,2.6472773278016266
151,653.4028027995985,18.601478147243064,14.498400396134805,17.393731531326655,289.30656434167406,8.354981226708905,wheat,2.276151058681648
152,1618.9566160220793,17.475028020694218,9.7215222134879,62.7815985898715,145.00431842045234,6.695346902911507,wheat,2.489704395145391
153,1047.107055984035,27.415193131084557,16.844540613424428,19.036046780668517,387.3790210620448,6.031007809457684,wheat,2.3045335051724187
154,998.2272986030006,83.70406608388417,53.393189568770374,43.64463297892199,239.38458511348378,4.505162163172252,maize,2.7312724717891292
155,1579.436881704399,76.47739268405753,40.74585433922191,77.89635100833549,101.95990508628248,9.389701815180578,soybean,1.9795550316950679
156,1273.646265101726,90.76588629530343,43.22664146422805,67.57935375302763,363.48516251591946,6.927214684309243,cotton,1.1622182719799539
157,1889.0747474682523,74.46324793952611,6.666331089150389,43.17854483176426,158.65904206973718,9.573040232230602,soybean,1.5921111096454956
158,524.6066246161768,85.44707432213026,10.530807425126829,53.15293639830192,274.02432853584753,9.679862614920763,wheat,2.16490559087363
159,418.0262474555386,54.86172514509021,8.328956821363505,34.01900159580367,122.61710574917947,0.8127959622462694,cotton,0.6787254384980228
160,693.442723404781,86.15997987036754,51.61119053689561,73.63371807206661,271.47600307115647,9.975241524989654,wheat,2.2194851275151715
161,1543.4399960385106,16.12665693422642,47.66498448594253,61.88745593794472,99.79528949339712,9.227368372659496,soybean,1.6373644903173592
162,1122.4842448069708,46.711718277877324,17.44397415450344,30.647970730852215,86.23771282692783,9.22342319635681,wheat,1.787236996288362
163,1546.6049018166934,12.52946246657515,6.528054339182296,10.658222476943317,336.8433208272414,9.705154740425579,wheat,2.6016463423150324
164,1926.625744738058,107.25300713769377,51.157356072032165,19.118548278612355,360.34029231064505,6.086475434090604,maize,3.822113788634275
165,1190.2469647336295,49.85365623828732,48.116134924257686,31.540670144469114,310.5747132899309,6.416152860330518,soybean,2.236524608641957
166,1534.2623808850801,69.35942997267469,29.17824557387396,44.07023469014522,166.0195336899115,8.427405873995736,soybean,1.9064720326797728
167,597.6740271977133,39.040854906083595,49.55539673376995,62.20487611203536,380.7130487626863,6.661366503966589,rice,2.4198153998903846
168,1694.3216608339462,68.93722206177654,36.59377535562058,44.69803419049721,116.65438967337727,1.4055360357606252,wheat,2.3830626755883406
169,724.619856457834,101.20637416396373,8.124853389179234,59.384559912179775,81.01806694134328,1.5959664335404877,cotton,0.9249224544306355
170,1929.938206912384,118.9889553429944,43.03881044111464,46.856933193291596,265.6538520062229,8.32206736969895,cotton,1.3805551301443153
171,1836.3627931827705,42.68790681034805,41.420901798751004,71.8253522171422,233.82270358258918,6.9100739970336695,maize,4.290476851779135
172,1624.8020141432623,114.40089906039039,24.100818994924577,65.88615955013466,389.18736837229767,9.425433059545854,cotton,1.2245375960997607
173,777.659346927443,79.75653241382457,42.83180482037671,29.099331615076455,244.07997746370202,6.377092428463471,wheat,2.111476844150985
174,1824.9372040582014,77.56863178044708,14.463360735332172,72.52715922806263,215.12600703305674,3.1823520723626517,wheat,2.9611457736856153
175,1513.1198461278184,107.52498870609384,12.079915619265671,25.87832206335068,263.6024518754899,1.0646588075361654,cotton,0.8589262011243698
176,1379.9316305897623,95.95056277471593,21.23757110202391,42.42506655549134,257.4622814378873,2.014342400095258,soybean,2.595205003429829
177,591.3801023580543,74.60835012994963,53.53566774523205,44.092451535948896,379.88091715092906,1.4781253556449379,rice,2.5818124905664432
178,1606.4430322400035,76.38714119413113,39.288867996745765,37.46085058775637,304.1246238970772,7.118729175345945,maize,2.244184017357714
179,1751.723536786288,63.78471789356169,47.39266113152752,37.73470682237563,300.3736618096064,6.57136116062035,rice,3.4783202349053335
180,1341.2764313583148,95.37856724491957,53.30641876509406,51.50185981234439,221.8084996323148,7.681508415920659,soybean,2.153461204389212
181,784.5042089290084,114.6468893442677,58.56151090301004,43.65545074594456,290.88858005214445,1.2429542820952069,soybean,1.3611195145262958
182,584.0240771840722,92.09542773120883,55.74418923246003,40.49687698034336,316.1476636094177,6.434913355543537,rice,3.0675514120945135
183,1565.8373509099943,43.4977788357269,21.407254014024,43.87934709465456,356.0294550723993,1.3942872757326392,wheat,2.601766124869827
184,549.1102247182106,18.710829446786907,6.001425548339004,17.173747626316988,337.23523550426694,1.2213129144873576,wheat,1.3518216955035238
185,1527.271031717106,94.05730433198686,14.516038837712026,51.43486076602978,126.22674122542486,1.8060844010905006,rice,2.1052460392048165
186,1478.9326972298804,66.8862029919872,19.992471970043066,45.682922289836036,323.2973783476132,3.5939807771815406,rice,3.6530347942947454
187,405.3181044170998,72.82911796510541,40.5626261430301,35.311869182033085,223.46292638442986,5.497788316621736,cotton,1.3199810285865081
188,1209.4984410170405,91.80550763095948,11.70053059419642,53.52415413242493,85.89430954160844,8.350933638716189,rice,2.4174801673013784
189,1245.3714127879323,116.67772226814847,17.539798179511976,21.161486808200884,210.43095944887492,2.04109948066721,rice,2.733636367180735
190,1192.1666920291855,46.824823289698436,47.07558267860905,52.426831701158754,259.41769235561327,4.2169356640456845,maize,2.742401912933632
191,722.8871851670535,92.63328093366795,15.886227065680027,29.870470390526634,113.77281249122547,1.89612546130496,cotton,0.7265504481304911
192,609.1553996963407,60.36524235250956,22.440579157542,35.78521726472148,360.60798678360374,6.606790236231628,maize,2.7722111319095712
193,1434.5945262238715,117.55149114242944,33.274249500160636,20.222040177542628,170.84049708483386,9.188680903769258,cotton,1.1120223677268117
194,1520.9675141509442,58.57792031933291,14.239287023408096,18.94946873958334,334.7197277293075,7.4759502367207435,soybean,2.4064938140049867
195,1073.55990153528,109.75574703506311,39.8479577887488,12.560284459674374,213.67690172677803,4.60321355128405,maize,3.171496505708898
196,459.16720105873276,67.26018455155287,51.635757477994424,59.918311911551655,270.6277975676244,4.151024531254279,rice,3.1081626221562737
197,1774.5200507313111,78.86158632583364,33.26312115661213,79.26138344264503,55.60703682700356,1.1188622792860037,soybean,1.2561308999245815
198,725.5450274211565,92.32809384579366,38.37574991845841,34.58764915123665,253.60882131998702,1.2617552386923312,wheat,1.7376830394195564
199,710.5816737534835,88.93883069083076,45.832562711993056,59.5943442351648,187.64838248097553,2.19474164673513,soybean,2.3016411938784582
200,1167.5470885915715,84.88911778323185,41.638502121475646,49.85751462042344,227.8416243709969,5.149909749100452,maize,3.7034284398623627
201,1905.867820351874,89.58913552864499,9.584263338249357,26.069428998636482,169.94079443389796,9.103167475449526,wheat,2.428518451133915
202,824.6948031146019,61.15984415666903,52.12535209919407,28.23808757195963,136.11832890016024,4.2283200931949745,rice,2.6793138133877314
203,907.0579596967784,38.086310796288615,13.718239484832232,53.50436711581878,165.54905053459157,2.8680252573339655,maize,3.9023145479144303
204,1122.0467068215555,41.90561679010556,43.18755009593176,36.84537804833299,58.845352888451075,9.41958358163508,wheat,2.006077761462075
205,1492.5517157845536,106.65391178922125,57.480644983656056,41.992514819135806,124.31235408223418,2.22021767364022,soybean,1.9567350202084013
206,1775.098690185376,83.14689884330183,29.775886568104,53.29454931005342,380.4635673249085,0.8034360878310127,soybean,1.8622939504743459
207,567.4847591173836,57.404478805155385,13.68951108024648,74.27439003690266,265.284638145787,6.824755342261009,cotton,0.7721822447774264
208,1527.9795599418312,109.06566407382178,59.45234881007044,41.55326333028348,81.97472879768598,4.942397943825191,soybean,2.0124637143674113
209,1951.2805711074848,36.03822700188382,54.87839342169331,55.968303398292456,96.70932405179224,1.4961330151994625,wheat,2.7822747902849296
210,1574.9814949891856,75.13389042876749,16.61156284007514,60.70434293480534,341.77739009037356,9.696645316478756,soybean,2.1521407822282304
211,895.2010016913327,24.539740665689067,15.60145930422731,78.4788311592539,340.40218934897376,4.840739635677569,soybean,2.0545721793203486
212,601.2240460364153,86.17578315347481,7.809485233095933,54.435667593108256,116.02211956999018,4.1670439466691676,maize,3.821274271240758
213,646.4778386253997,82.72604232947062,58.577857497707825,66.26346198253358,251.24605971374064,1.3522660866188163,maize,2.453889156869015
214,732.318895680367,113.98773893566148,19.434662835516054,64.34874976404686,118.49771823429742,7.855507803761387,cotton,0.9361902309688628
215,930.759682991975,68.32200330498014,42.88609253653589,67.81681954766294,176.57666176525316,7.255251636548317,wheat,2.7084853946198164
216,1881.704819950286,73.43848021247908,5.853462487829305,48.63596397983949,333.18918743391083,3.590726427635224,wheat,2.040972979673357
217,456.3669681116787,28.617404542258225,57.5703401751415,59.54526674736209,233.17365054294297,2.633623651887519,wheat,0.8791948325755308
218,1600.4255737508327,37.05252883391541,25.436440955311834,41.633015991448566,176.71626921399283,9.124615599768495,cotton,1.087009570022961
219,726.9749544685269,106.13354338414786,26.707231499164234,64.9529966630015,133.36923314822127,2.94132224373289,wheat,2.5811866457335437
220,894.1235242483259,86.50735610780046,45.99601879270824,22.25751734905034,362.29246911661005,7.781475921790106,maize,2.7016352469561964
221,937.355437187924,80.60381602037685,55.31965193572006,25.703772564825215,292.2124257544067,1.537503037473983,rice,3.991695643881175
222,585.2722035385461,11.120216396597183,49.64566302832868,13.223585545720375,90.11935220958838,9.571550526815361,cotton,1.3886731119693299
223,1270.702659271954,38.4189283343387,10.807098019873221,59.29661875920851,381.1869952518649,0.6089353022672666,wheat,2.4041979906882047
224,1870.9295612250291,77.7542067722744,10.17261493014658,30.173681210905556,213.8678496068136,4.164739865604307,maize,3.578689041814233
225,1868.0128599400266,13.30388012655964,48.120003743208244,18.526371254777523,184.1557889414133,1.7799091123946473,soybean,1.7520403173110675
226,1335.6528213583986,52.08516448495948,39.38422358101977,26.168399035477414,387.90311847041016,8.889414477600003,soybean,2.169877700086215
227,1555.1529660002702,115.2747445237957,46.34730603364702,31.29213882344897,103.70016068374102,6.450996803695122,cotton,1.2395270700431071
228,1365.0842062799506,40.530431205064886,11.107362864221464,48.4268402250015,54.79327375517631,2.1478659800613418,wheat,2.610335744909865
229,953.3114973997245,101.41123318527337,17.59896371005589,27.644204652652647,82.98681092760623,5.473652336128515,rice,2.717362030968972
230,753.4857970190808,38.611967613406165,51.71402807093757,64.04771556794788,179.30546368762307,6.362411891421336,cotton,0.9555050692399052
231,1923.4991034331943,76.12598304685623,58.01652363897803,20.776498503809158,89.73258723797696,9.683651449736177,soybean,1.5112925283050331
232,515.1093154796465,110.41777713881551,53.95931510506744,49.23858725209489,376.2864636907769,1.1052682522968473,cotton,0.7613204189503004
233,967.6089852509781,100.50963142716735,46.99192303258366,43.04400095039975,367.4705339262664,2.2372767181506177,cotton,0.5892721637023621
234,457.90521601073715,38.473549055388446,16.7016081790981,68.31468125303694,357.7752075325973,3.3460375749314024,cotton,0.7307937529700638
235,927.4686902099271,14.279278585518535,9.988128537765194,46.05144045665731,187.66795137549454,1.86065249198598,cotton,0.8505349634433617
236,1349.565278285829,14.329775363881044,19.17995782207815,38.43624656414036,161.2112704092287,7.604651891885997,rice,4.208569638097278
237,423.0357197752021,80.2564659374386,24.795842243979838,61.42681104877071,96.4041579570777,5.175294023648578,maize,2.6853770460314164
238,446.1913973843757,22.20746327359857,27.733926861206562,72.9277595562422,242.4093543921235,7.041779853072759,maize,2.067047746409705
239,695.9969772991782,50.6531998524319,24.642194911934283,38.92615751473447,149.1648363976224,1.225341816070653,rice,2.339880307649284
240,1979.760084364059,114.94454727877319,15.16624916256992,33.956380750296404,397.91928103072894,1.297666663105499,cotton,1.0829885491724849
241,555.4532602069957,66.19993159250743,46.99859260865111,73.48167186811432,372.55782347354847,0.7624252634815566,rice,2.7800961151383814
242,649.3509846209429,46.76377083677426,31.67808558639783,61.63699649536012,247.37857411418176,3.2727174118415183,rice,2.755989267304056
243,1875.4940280796854,76.33449777481503,47.75259876578481,27.76197577128519,233.59318560095537,7.402046437458824,wheat,2.2260796214140326
244,1792.1614488415594,23.330111329265,41.959327931782894,25.629073541905527,227.10792611979141,8.983908695581823,soybean,2.2590665778693246
245,1229.6047962148764,62.23605152757981,34.35967335726822,57.726709649570964,73.63460504617741,8.0500668969532,wheat,1.9356845173106796
246,950.9139698825944,49.9815203499247,27.892123162466955,20.565777757721076,223.20707458693147,1.6184358555587042,rice,2.4796108317051613
247,1029.8508751245274,94.50262631654182,55.91436366588688,14.197865030762054,149.87698689895348,2.5471583789722585,wheat,2.70076469038086
248,533.9759937427482,19.480362680939997,27.427862287321545,58.34755808680535,69.0954274331948,6.9841712848876725,rice,3.25066868766713
249,1115.6221958657302,54.82591427165894,38.00611708728374,59.62667674614329,106.63388263822279,7.6457752521130145,maize,4.179535199629534
250,833.6703064123926,98.00849882688188,44.54947932352504,44.86140102325365,73.55243287072945,2.1531036130573105,soybean,2.297346526229507
251,525.9032886560831,58.80860491974974,14.810107226273892,26.572314923942713,292.3709560822233,1.3227807174874051,cotton,0.9253626823491179
252,623.3470536198537,96.77347674430142,11.190989717457299,70.33382634559422,81.90736059192875,4.052508882086886,wheat,2.3142157092324673
253,1679.3122553108394,28.387906878336377,25.20595731758759,47.64614920997486,339.3423201749089,8.186777502208091,cotton,1.5599298208099632
254,1795.2461271472537,90.64018652632144,58.40030931579517,55.36309660579932,359.10871110952394,2.4264353184054617,maize,3.16695856218335
255,984.7090331701942,66.64371397301514,30.14352513648232,72.30082955532748,389.21063553559156,3.6638113027414088,cotton,1.2946525651418
256,1627.8547186105263,112.71718998375171,6.000321010646941,69.18108514987398,124.48270374986078,1.783559302521784,soybean,1.2977579559347192
257,1797.6462379273191,67.16028710210023,33.97065821296022,59.37877692179554,213.0939498530915,9.75432690506882,cotton,1.2307023392925074
258,1741.8339122740801,80.84815450369749,19.948130287819396,25.469060818183273,381.97833260547935,0.9278073226260719,soybean,1.8353113293411112
259,503.9115504164034,102.1603954164714,44.74899183482092,20.06450674398968,166.2787512835308,5.130555529803395,cotton,0.794650372953326
260,839.0639397296309,62.96534010124583,45.80344754862798,49.994426239608494,194.03882205353602,8.694713324199693,wheat,1.9661727511537708
261,1534.1027940215486,101.25264143010858,45.099918705282334,55.39608953498539,387.4711492407533,2.4088379692360675,wheat,2.4361318008105055
262,948.2632831250703,72.46926444006455,48.277031279048884,47.412322735072344,324.24435060347326,8.218974061605266,wheat,2.1536832460616293
263,1296.3410384357817,58.63898175866996,53.17101166211955,60.827634367495186,380.79321367725004,6.944847971150078,rice,3.255652825033865
264,1851.7740656308035,81.0159664784954,25.256475054048185,46.833120460070354,95.18643487101347,2.940583845935473,wheat,2.074610757519295
265,405.9197294792689,57.25904078989137,50.34945210818067,46.36653133064733,73.38881145619217,9.747480683052634,maize,2.529061793347448
266,1928.460489516329,75.84079517104774,27.441778258910013,55.921145065066085,372.2513205782969,7.609402142652536,maize,2.8950197951022814
267,1235.5903206459332,79.18334596800977,55.269208976511976,46.273062913491984,291.22930234747196,5.746491896551834,wheat,2.11195752877255
268,1935.0235614117178,28.9063862716373,59.11222764494277,50.03419122707607,370.6677761954662,2.161882803686005,soybean,2.4802740052566117
269,1292.7553307905205,46.55197756934783,27.804089538039065,29.190330489161035,245.10808507724389,6.31337920194497,wheat,2.173338696635176
270,1282.8356208637906,38.283033577106735,51.816918658181734,35.7983760005872,133.05438090471102,5.390942126305726,rice,3.282528480233007
271,1610.3145774114687,15.46077196831384,52.79941374813725,16.712421720502338,289.4989844158557,5.204724275096956,cotton,1.253292985410919
272,1560.2645459628045,52.07520032882603,50.75612804085494,20.908728376845445,104.92236228887168,1.7501442888400023,cotton,1.4310571705757162
273,731.4026086613437,79.78893418920643,55.42754612093554,26.753298719592816,275.71705387772204,0.5366530334893702,soybean,2.043070278393484
274,1665.8347150319237,44.699603124663334,10.110817234561772,47.35210214377826,189.3798675720065,2.684806524883806,cotton,1.2548835462113321
275,937.4055705345347,74.61105918516894,57.59771295641968,35.45272268195841,396.14940730730285,9.675170160980567,soybean,2.180328387365964
276,1594.6281271687776,105.73291051108357,22.184497182176308,41.17088321006199,145.41650702183196,9.075833232030572,soybean,2.1337005346663536
277,696.4457258864029,75.83051238709378,14.063432250330434,47.77913629027255,339.33495346176915,8.611096306220285,cotton,0.9725767240197336
278,1533.2812501555277,36.470150082533834,21.872079593735357,77.62673189224284,287.6830101116659,1.1150167072042514,soybean,1.75426823152333
279,1211.9685144063735,31.02202178450961,31.863618930265567,74.75039062108755,171.6028002334438,8.191410245255348,wheat,2.3302592290551445
280,693.5267679845216,46.201609062487876,10.200674638062264,28.00530391382385,195.5235988134321,7.114250273113106,soybean,1.7826819212782135
281,1287.6524261700615,80.96286893372952,36.81597833437844,54.29690097704405,312.17901446181634,1.362620130934478,cotton,1.2065506544052458
282,563.5210649801302,21.194115626389937,20.93217538585116,29.958524206152667,118.57499129162373,9.378657104612431,rice,2.4117606719428046
283,1020.9797192761645,11.0409753336518,44.70757498419252,59.01902124029368,164.42847189826426,5.208694287773103,rice,2.4762044097814027
284,1456.6821245587944,98.87476136445002,40.10818869333014,32.80819756541802,397.547993238459,1.897965379866944,rice,3.3448617658258915
285,789.9083545551479,70.7431252570746,7.417016144130109,14.500721115317821,390.0881135786278,5.155641914299106,maize,3.8305735729971473
286,1833.511883681816,45.20288476828642,53.819343995044555,70.18086301519531,388.9405709629037,9.082729995535145,maize,3.8468442297951735
287,1578.1885492288477,62.163235834763995,43.6593337820865,49.93271618587722,97.6487808234739,4.080377147051215,cotton,1.3519808522902093
288,500.5631850920389,116.72668757242907,8.020382992994346,76.78991353609969,319.54745968565476,7.816186349043397,maize,2.720329144897596
289,1183.3572900860531,18.444506361674236,38.370644270108755,34.120863457041864,247.47331246761496,7.6704107617911905,maize,2.9161792506516386
290,1647.4992381877682,42.921600730646006,37.91633997952587,30.194599765852654,378.3701042926565,9.221526403328388,soybean,2.2958118239084566
291,550.3034239814518,82.80513201273006,12.056822346663521,23.042056920725543,272.8974635383621,5.154067694359747,cotton,1.128357196065792
292,751.5503521053336,21.237088965199725,42.967335572763275,35.172146277162696,327.15035297881224,5.522178504085556,maize,3.205347648203342
293,912.4647069793263,23.343620712944947,30.83010811027462,74.82415934060307,321.66258218939714,5.889421916466217,wheat,1.7307687954705668
294,977.0614532575166,16.64664170259108,28.41493071726947,34.4672864137558,288.59927889023936,3.980938669324652,soybean,1.3165469077578544
295,427.58622030272716,60.03050743020266,14.994390502720695,13.410586341505102,306.8885242503525,1.1398305117251326,soybean,1.4419032471156594
296,1033.4420864748656,39.83005257972428,11.151266047023018,11.658670103130504,96.48751569195605,6.069868630862135,maize,2.622043422093978
297,1214.7902522565169,95.79087337291767,31.175672654177703,16.856687328686156,54.31219667677845,9.845861106378335,soybean,1.5373778690925477
298,922.2964539624443,111.07406735037323,45.86160336883312,18.864369016392576,348.12621528168273,1.6015942108246324,cotton,1.0686871495503176
299,813.6927742020232,17.722260676940415,52.256833814519425,78.30689451963795,387.60938993302693,6.91559701711415,maize,2.290074784917473
300,630.397781436886,71.11674241119482,31.056642629962198,28.89964294134535,309.15918094318107,1.9137439102770577,maize,2.553844825474697
301,1639.9364902731472,57.00588570610611,27.91925331014837,29.385686264981025,78.82642815550501,4.994241506948182,soybean,2.025839309416576
302,1584.5310427576837,109.90054174686853,16.12323971610939,64.40286352300222,136.6133201493728,3.604335060582972,rice,2.9449658703359654
303,1769.290420596068,62.64129556087251,36.64909861745419,53.676671025192405,189.68425450080602,3.7162080683384557,cotton,1.4835377661262963
304,760.9332211860803,97.84803827767206,34.85839064137896,58.137414468531375,196.95224887892405,2.015627087908187,wheat,1.8385667297062582
305,1288.9481274518366,25.67350307630641,54.94640118251176,14.218516567477007,272.7157116726181,6.935945742194166,maize,2.9393214755072097
306,1458.9342981637878,15.499797773464772,13.687584823068004,60.71631397464846,303.61494647735856,5.272326696651307,soybean,1.9302751720838809
307,1153.2995812894783,25.999506089468852,45.609438291640245,57.79254526001796,156.94391489095386,1.5793389788248144,wheat,1.6808894696440309
308,1312.125086237638,42.76308802740091,55.40450412818596,72.21431432482672,83.88213335827632,3.1043792877355263,soybean,2.438926075004713
309,1051.4695625287102,86.39170664298037,43.690688924611095,72.17049671777062,138.9329234559886,8.02520216621963,rice,2.804466299021976
310,531.710538070651,100.90936475587256,35.66106031626977,40.21428622505389,353.23739745051085,5.298952897349859,rice,3.20534925206289
311,1772.9638208106737,55.28786576746816,20.413108503567734,40.35993318669831,247.00659460756034,4.7675146955980905,wheat,3.027344088400103
312,1455.066608529834,98.9098690373689,59.777594685242875,57.64509743277376,192.32248241562755,9.787333212503617,maize,3.7403545088043955
313,863.8182681135289,92.4358229871057,10.062104340219282,73.23570907706821,266.5384668747771,2.376084124673164,soybean,1.5631623532877452
314,566.3609517779997,83.27766540951082,30.19302712579958,17.806165606378755,398.17894551670497,9.10632889933225,wheat,2.5418496445958794
315,1592.7885385892234,108.13981196507171,31.752335410617004,54.79814846850902,138.0817519713895,2.1335356764173397,soybean,1.8380976614889781
316,1047.1303320433365,70.73722076067307,14.882746917011874,71.96006893133583,240.53422439360654,6.6819492966801235,rice,3.898303206078175
317,895.5354511632407,94.28823718871182,39.51144771253927,79.97963182032575,351.962353798058,3.6693206822597517,wheat,2.2302986337720108
318,1327.5178591105055,96.40361324405828,38.16545519165235,32.47614360756535,190.58158746570612,6.809454221211626,cotton,0.9586373446111054
319,1074.071487197492,114.21137168765345,11.380241959531123,77.61001809320135,88.18778835608501,4.087978709876179,cotton,0.944183078640146
320,1378.4961901422946,110.32580591396255,23.946041351082314,64.23375263350235,63.273930779716125,3.5501124808666598,maize,2.4457525082582907
321,1964.288980489724,33.026557908243845,18.72026066164708,36.00497820994056,259.8963484473528,2.1018437216533283,soybean,2.442904056063774
322,679.3943863201779,66.83058351008867,27.90059342784029,27.57064350674214,108.36840725676355,7.547186056246291,wheat,2.5655770528070785
323,1956.8077763303997,79.24220967063495,34.20938351263415,77.48721231334835,104.3569377177466,1.64554114834504,rice,3.658834174150332
324,1482.7685755207547,108.48672899516319,58.83614207324888,69.71159032068456,98.95097944672099,5.648210003958426,rice,3.3776058455883833
325,865.4407442199788,54.378452783616666,31.500253183757746,56.67970905862578,279.1881089657902,5.049804850867768,wheat,2.1316031434218576
326,1856.6345871834783,70.71108119996117,59.820504610071474,39.12747014134575,239.81018706371125,2.0564519975993267,rice,3.3203597668730844
327,1501.2297512883074,98.8562212913196,49.12062330150887,15.32144727129619,132.75408184171044,3.6274148993685493,wheat,3.3146594188278904
328,556.0200598753897,45.59944633006788,52.75189911072567,22.16715025050034,162.52388208652042,8.216860902771895,wheat,2.5081676875830134
329,1961.5015539849078,20.88403949796504,50.33119060028663,15.149114428289986,140.5065017461917,3.6940591609196174,rice,3.7555801034231386
330,1823.2867016771531,27.62468052987607,41.607703744211875,37.65272330314983,148.95092784746356,8.193749837165727,wheat,2.7105395047871443
331,1721.8248286047965,113.81832325353602,57.72765919355348,12.527587088343303,225.4231948662984,3.449772035485404,cotton,1.181699489722521
332,1717.0507159972403,12.336206178338596,26.65128140161432,38.4887536922448,218.79188547426435,0.5538766656782114,cotton,1.0298358436140413
333,982.1429650419392,116.15384144797463,27.168461468609333,25.847495194580908,381.3969734537254,9.910345989200984,wheat,1.9983752300704603
334,615.9530447594408,55.38203430757255,52.211229470421706,44.63009516930991,132.3964581569939,5.951904785863338,soybean,1.0783998521700608
335,1495.8864036892282,27.142295781164904,6.911207535638146,75.07600265048235,138.86816291839114,2.195335298818569,soybean,1.9052423774023597
336,1464.347331127769,100.5774364744706,27.54673330508614,28.559163292533277,263.525010174476,3.287211194817384,cotton,1.25084334840381
337,722.0755064930752,70.06201315513572,51.38404909819871,35.62754932089648,355.596825554554,1.9404602304494363,wheat,2.504117163091364
338,1206.9246788771893,60.0893959182949,24.93812495936225,24.238386022250367,195.02054741621083,2.3160733841557954,cotton,1.1781008787494636
339,1210.9900326581203,74.16778227858553,5.632471624121117,46.44786331022072,387.8900058736556,5.122156608315399,rice,3.2075351778204655
340,1617.5413592092916,112.68925296844434,31.019039929387354,60.97172372872994,183.28958514175574,6.22393809448132,soybean,1.7225180513764438
341,1140.0204849992424,90.48779553897944,43.341899821309866,30.00774910216887,75.42272917923907,9.434644614171065,maize,2.5217012360456565
342,1645.264274975804,105.8419069768447,35.96209441609955,40.35693677440467,68.630594904167,5.69232423429172,soybean,1.4237479773140527
343,1154.2798816308684,63.914155508917695,56.76547682468325,74.00911709357605,240.57263544516906,9.773902356169136,soybean,1.621247298391774
344,1630.3653922113422,32.654140758134574,7.283642591132929,16.733287876358766,192.00749424536622,4.499587478001278,rice,3.3019139768010786
345,423.07503326745194,35.22343900762386,29.27174972637249,48.56160299232219,188.5083080798686,4.815160530248822,wheat,2.482837504459159
346,1957.7005156872779,110.05300976547403,38.82694230264968,11.848888705056202,278.78261076993226,8.968072595422422,maize,3.1108353930538266
347,661.6943481673367,71.15473547245297,10.331034556603656,71.68509145307404,225.80236811688593,3.777391708266916,cotton,1.4107949523831131
348,597.5310128479315,98.80001677198771,47.374969671496956,17.61822124673735,164.92246124153047,2.7096306081707557,rice,2.517682836588511
349,1487.3055614355,119.8377076871623,32.83768197527431,75.6024627619588,141.5435687359777,9.514371708912615,soybean,2.006729249679013
350,1192.7513507440867,11.571445709541948,30.30640556780548,71.57630063696921,360.0917718107839,1.283136808193222,soybean,1.8221274493163324
351,1012.9123370050397,48.15157065530037,15.620552042967583,55.46864061756923,313.2644141467997,9.049153860749248,cotton,1.0569285762803793
352,1350.2962224227745,22.13171919845782,55.162789611750725,76.8405077479634,395.62535083791437,5.062116196274846,cotton,0.9029378782578242
353,439.9298234742389,78.8402823371859,42.377134442443506,34.814522745701055,184.74001392688763,5.614919838034551,rice,1.952970090115623
354,1067.0111024665284,119.09435197396495,15.508756394773075,60.23828237726512,312.5711443857689,6.879372429082213,soybean,2.377862847930941
355,1989.1945873073396,24.005976127788426,39.15965630648099,17.743526342063088,387.1237254828311,6.606690782308979,maize,3.457055597401341
356,1543.4360697953273,40.8504962899745,53.38179521970791,37.17475396779156,302.3663563989103,6.764714043698405,rice,3.973936083220454
357,1118.8950949747607,37.68659868394887,39.09696819274111,11.147540955524418,96.52918397614286,2.2293322256591432,soybean,1.5611930002448202
358,1211.7201963522148,88.70303480076343,17.205013774602747,46.584943360761166,239.07237259569882,6.723688736407281,cotton,1.4488919222295882
359,1991.6785458761838,101.45970393739236,55.37507476119375,42.598881247377214,266.00917540854425,7.398218355432354,rice,3.858799796501138
360,1800.2509838041428,15.223397512116373,25.79674465829191,40.454671040802204,371.9872334937597,9.39301474109696,soybean,1.93373591904849
361,1012.7606885386058,19.941442483985615,13.757351104477884,22.200618330161255,399.9682067878516,3.3735709385256216,wheat,2.1490114849390354
362,1519.732667007292,103.35905882203012,38.71211940830597,66.25834989354848,338.6870833267839,9.406053891471043,wheat,2.11919525331108
363,1417.0743481281786,99.13623906513986,50.662719349419895,46.787119726778776,361.3823574456174,5.877363151642836,wheat,2.6224252827150023
364,614.6806904063849,81.71838883140367,16.23490309635243,19.915321032630693,156.5775913770737,1.6365824246608944,cotton,0.9281497726630793
365,1864.6581084176403,111.78266429551954,5.906148141940558,42.45400535213849,342.0211480304353,0.7215692410150001,maize,4.210030777413564
366,685.0769372977222,32.029283855766806,51.95027748984262,44.08876060456946,82.20690106312945,5.451179410617616,maize,3.700546295038749
367,825.041758824125,102.16423421834124,13.534814634249773,78.98449549131118,133.07035733636582,5.612287566204082,soybean,1.6847364218462864
368,772.3654326656064,47.85283589984347,35.65806402116735,17.255669894260237,175.87211833971514,6.550165388772989,maize,3.39880786255863
369,1559.5984403535056,74.28755514021456,5.122094361481015,67.62138706596596,292.33404604119534,5.700973108255368,cotton,1.0724341057230597
370,485.5011699396904,89.05758831689319,14.32973900561675,62.74501984951717,185.28664729008742,5.258494425225462,rice,2.483959146011545
371,477.4950836479672,10.848063270751588,24.03644028728849,50.238077477753414,122.78959430958763,5.473168055364942,wheat,1.730096726941234
372,873.0945514588544,36.31007738046182,57.885935807753626,64.90984345813136,358.9007609220137,3.251576488592384,soybean,2.0719513548202455
373,1313.6426250960035,40.11495003101703,28.420533737619525,62.29903730203389,362.9548718909886,0.9869388783359988,rice,2.668358085959365
374,1027.904947639769,74.42683603059483,49.86458362736057,55.65068476188842,275.5657609303189,5.280491031979044,soybean,1.8813149765872432
375,443.94770958507104,73.6149572347438,50.33823342235741,37.84248410289155,358.91695618421954,1.4103080431971433,soybean,1.1976750515343535
376,567.6509845801187,69.59409924433234,37.80466790875617,23.114162448847672,268.2060013250786,5.606425846307278,cotton,0.7383839915018965
377,596.691698501621,11.487352862180495,56.98447960584049,35.79087221579536,234.90090278524679,8.907941053079924,cotton,1.4152085406082222
378,482.57838728857155,72.07571386095779,57.15168489384056,20.885535755274205,266.0427416836568,2.061317143882704,maize,2.744070337548341
379,872.1741325672281,97.1627682775331,7.187593974323381,21.710298846171245,227.52502456287186,1.1485378395060675,cotton,1.1293422534357267
380,457.6809394834454,74.36266916799346,31.511319981572885,65.40177833432952,247.23029254815665,6.962842015353612,cotton,1.1810462739465655
381,525.4900767279445,88.84490896280467,43.840838771826114,73.52622912851758,75.56952544194102,1.1585377038721292,rice,2.14158765612618
382,1064.7557161502687,119.22455297874224,40.40964553488478,50.85918192494223,137.47429818680735,7.344370741750721,soybean,1.8855427617131129
383,1313.6934711022373,114.46465861410145,25.768606942305812,22.2191974486404,116.962423044841,6.942674643217736,wheat,3.004409209798795
384,1938.6070739465388,87.18000260839086,14.260442258977008,10.578348500176778,153.44613410814662,3.8960840777534744,cotton,1.5652737084924826
385,1356.3021423897735,32.5198972580395,53.35381712883436,73.66522144143171,285.9939527592818,3.277927577434812,wheat,2.0665218703803214
386,1507.5028241140421,85.34921450113136,12.876170462768641,46.46850440671565,177.57243407211996,4.190179841963561,maize,3.5517772250401674
387,1675.2053757104593,73.41688326006107,39.58009496518884,77.43839650093692,124.74347859436247,6.954149209418801,soybean,1.8103489541649702
388,608.7805848102626,92.1974042375874,12.599353627998637,79.54499129599498,220.9822281728622,6.092087509599236,wheat,2.2038521574950254
389,1097.6224920110617,45.829336777028914,46.89020805473809,12.437776154187333,294.1560438558149,1.3998245134841265,rice,2.8454304982967438
390,916.3574419691938,54.93584491211576,59.89981877077326,10.741770615867111,229.83223988499157,1.1693884079459584,soybean,1.5218862161939557
391,811.3607256612523,116.50499178795765,50.524726278819585,10.807494381506876,188.2683083084724,8.1791435119775,wheat,2.15818190377188
392,551.3353037540961,46.638170687800475,12.547704591684935,64.96475748656889,101.67902754366821,7.06627975404696,wheat,2.8090278646361155
393,1380.2337596181465,83.05673164089681,54.608059979764164,28.56690342889369,365.2393612598317,9.445252734687779,cotton,0.6542054986236943
394,1121.6781649733712,29.70675402899505,13.715414450269503,44.960996013161974,122.82034969065887,3.5853866633892197,cotton,1.4109432583651251
395,1010.0709752046312,104.801088593717,58.326293281738884,74.43510150882237,321.3638415443736,5.125337796893675,soybean,2.087917874282622
396,1924.0265056808353,16.58952194534107,9.210303122626664,46.269911114447524,213.49222000677625,1.7484578443660332,wheat,1.9430395067765935
397,1209.7296838231332,101.54318760757064,20.727279903685023,43.55887488164638,80.46724425859446,7.4875623990887465,cotton,1.069366036302695
398,1134.7541164967806,102.95473603347503,5.489251007277238,53.84078744865006,384.8813491646885,2.486544160187843,cotton,1.3907052784485274
399,1853.9925820213684,84.71873235832055,27.74278185885575,42.2573189345391,151.92804951407663,5.938516726126511,maize,4.25560367697037
400,1906.4436352227465,93.98652351296451,43.6048902285263,24.77276872804979,132.52926990568648,0.5792407246512539,rice,3.282933861312347
401,701.4606142975333,108.6300674891358,37.76449080965042,21.874782209012537,62.20638223314602,6.1115185362281395,rice,2.258995432098126
402,781.9196580036082,111.14702789368876,51.14326082358638,52.44444848269215,331.99949830028476,8.449976514947423,maize,3.2871270217655217
403,1125.4636175226128,19.76659846679837,57.58661207404643,47.11940754551088,344.91680032173144,7.117699700321095,maize,3.7130866425925237
404,983.4816082879762,13.664618884881925,30.42023782330328,70.14463301107637,109.04451201032235,3.4818667487290176,maize,3.166112099190968
405,440.60388485599697,20.311134774651862,21.32618413137364,50.31177394787299,314.91548470986237,7.957229831695738,wheat,2.0658880680978133
406,1739.4019537865177,44.69144923187319,24.358146686146057,16.587023197189385,235.85980665912484,1.4595847951380465,wheat,2.9453947244012553
407,1546.5848157182024,28.995356898778677,38.92448169112663,75.97009097943797,369.7250892485181,3.5179271058605184,cotton,1.2120586284648718
408,1190.5302050738387,51.37654752003776,20.372887349210632,76.39921846712153,211.043571637547,5.162461637424749,cotton,1.308884164314227
409,1343.467244762106,107.17678495899015,22.676831051925777,70.91242217571352,195.82528087278237,4.892348196613295,cotton,0.9636062698602801
410,725.6305270783928,69.36824525649101,36.5943918237284,47.24684337920061,313.7315004220306,5.092617457837426,rice,3.1753344984511886
411,1305.2001655414617,73.71395026167482,51.380531260528386,76.80927619090541,277.89422611942905,2.058146416637743,rice,2.9170421075514086
412,811.8967392860152,22.70215837777235,19.6824936456902,31.247363558420382,50.452480054358176,9.995791719894,rice,3.081224870666894
413,1875.4889911184366,82.1765321294002,46.84369758670178,79.90213403988216,286.56307802128333,3.4208257223564753,maize,2.8332512394633778
414,747.5363344061934,70.15810461485995,14.452603116684504,77.65081144149501,172.47989893226455,1.2654604880694422,maize,2.175138637323775
415,949.952018157215,68.94472186370527,16.84261568358717,73.37096305235013,217.17860297055915,9.80358283308007,maize,2.9262171624068802
416,1542.8142098007172,73.43985993259841,49.699285660892734,71.06043491798982,233.37860721318623,7.386324856131261,cotton,1.537260384578832
417,803.7136888565674,36.02951084756998,14.075841422811285,61.294968240871995,154.1344716417255,6.948140075688936,wheat,1.9716919136800153
418,1795.7175066718005,65.60239641037376,57.2359680961854,65.68921825963253,134.65281497392968,9.530948256211692,maize,2.7587361805733184
419,845.920189888449,96.6970005612162,46.73537361719913,10.986998818450386,332.68541859790366,0.6786932535498451,soybean,1.449845393262172
420,1730.0392306380536,83.2707290843959,30.233938514263194,65.10223667053808,147.5655651706661,6.8049605482382,soybean,1.9403076585747194
421,1915.505912106424,77.87325602030833,45.93567756680306,54.735546458189226,234.08313905913135,9.46337920885367,wheat,2.8201778714665178
422,688.1073551600606,23.268017436555844,26.958764950082312,75.71804173813196,170.88164326121245,9.646885458312564,soybean,1.5031593845061553
423,1171.3101371397693,53.09345266389888,25.740777784321285,61.95230702059155,178.65803781943447,0.6413775767334767,soybean,1.7531035167643896
424,625.6220131501605,113.224502176861,7.987558952970982,22.45437925375034,128.2627697265142,9.169400473365886,soybean,1.6696165615057064
425,600.8454432070067,44.10723873375257,17.70658541361576,44.86957179951766,215.54510772462783,8.346068801895377,soybean,1.6835394865332736
426,501.62689642296016,115.24881529731998,58.13084432017163,17.66216730712603,95.15520553212636,0.9390796223232992,rice,2.043004983458382
427,1574.2521740899954,94.99045252360962,43.4177762917253,59.231044532628765,52.25417903699102,6.9894608131660325,wheat,2.7956609206484324
428,840.7661029445175,97.82832328057295,12.422178589339673,28.313446725592264,156.96048574719808,3.5366686516892445,maize,2.910060416309184
429,1014.5436327975931,66.12317394264075,35.02081792721418,26.861923069013585,396.33174231756965,5.227316749486295,soybean,2.028176519068425
430,1070.334845308891,92.17094713699933,20.154094077482995,37.955828450097414,78.38138221857378,4.670871582874327,wheat,2.103181536016632
431,1268.5672022081292,40.680518530941214,18.219249661829892,30.340339505325467,240.20916175840995,3.572342720410249,soybean,2.213776826305175
432,1010.6667335118212,63.12439633501953,21.393118560818333,31.87727668359273,332.9365075770143,4.560754555830786,wheat,2.3118672094889163
433,1768.8451179610342,38.362933306336835,16.51115827652167,75.63986840525368,359.32516226283127,2.1891698614218917,wheat,1.653335299927556
434,1431.793902789376,118.31306775814635,35.06785493210694,74.00820744351877,109.1504707708896,7.8521648157788215,rice,2.6962048894188855
435,666.3786094365139,26.90077376034025,33.208452419234995,27.607994886193055,364.6401318533103,7.7362761297261295,soybean,1.9436784570890888
436,732.5191055038074,109.89490165680056,50.17760963519682,77.33455186974408,85.79247650795224,0.8875957845770994,maize,2.9198199547640593
437,1040.1316190660739,71.70632544549608,49.82522336633866,56.09174030948561,169.8743347142019,8.07871713863127,maize,3.0805766952748805
438,1161.0058954545534,91.42519116946929,20.335385869879303,62.4481487327189,274.987611098261,3.6286061725353043,maize,2.2975011507630585
439,1134.5120454065675,27.391769732422755,32.075791483073786,61.597932464690565,252.62561786941444,9.512547335627378,rice,3.7403892937186485
440,1681.4842982115952,118.68980105901562,43.58218278789577,17.02819556930688,368.2638803880303,6.738269960641291,soybean,1.8406144998889333
441,1016.8412144117791,96.82802509536016,44.34006606886931,44.346700920898144,354.3399712852159,2.299469512309434,maize,2.600011930233508
442,1675.3785693632324,68.70093760493899,52.385330072871845,25.138333525098744,178.95259491761507,3.233456460246332,wheat,2.1763827592291474
443,503.98515215632426,38.248870219507594,21.680557036945714,69.39675490905952,298.2070226565918,3.3023180820760576,wheat,1.4238082736263113
444,515.287971538009,86.01110756680895,56.520060771272746,36.29218978577823,363.1842460513058,8.239119259016359,maize,3.159523202896327
445,1797.5897563448825,96.78221626402919,26.007154962558175,41.369098442106306,150.81141424169112,9.560651109297144,soybean,1.6613810017286812
446,1101.4314493278516,90.95576850479746,34.26747639223305,46.214400920403676,111.21591444121765,0.9557986590369011,cotton,1.0776468879685137
447,491.6541430039315,74.2339387714472,8.347473083942344,57.86730535350261,336.85173285497643,4.472388796159804,soybean,1.6994929715704652
448,590.1869700132825,68.04655888014807,44.06435364076016,47.59525334076325,235.5813433299613,2.648989956205854,maize,2.2935582358897726
449,671.1390492179431,80.72851563680794,40.66384283258284,77.98349522586479,178.38860935524022,1.9259789594215209,soybean,1.906903439024901
450,1312.5803632353181,86.47817468766318,10.054003853138067,26.156712825661337,399.6094091357689,1.5128553008100305,soybean,1.8711686986083016
451,1319.0748406716068,96.78154189088843,55.08498017224596,50.235038040292046,107.30753517128889,6.14718208511225,rice,2.826831730475545
452,1014.5068981592867,14.946028828177004,39.13477098804013,12.388525425930574,221.67760145375678,5.4917763423857,soybean,1.3736594412953553
453,584.7113471951664,49.58130589894062,44.57540730008401,20.065297197140143,193.18196004267736,5.238623313165101,maize,2.24814519727126
454,427.7496349437751,99.3721529373713,58.87807656654159,21.09840215200149,141.55827199239246,2.2232207881579087,cotton,0.7064615476911289
455,1851.643525829831,65.07267715265445,51.39271912597465,79.31571830422985,91.88218753344344,4.152873978634776,soybean,2.09795444078255
456,1100.7594790999578,44.11440318367761,47.39583173399109,26.93297517332792,238.29283283006717,7.391208651471263,cotton,1.055666661547099
457,1326.6370685610152,90.3351113771616,5.436126608172028,61.36100979175997,120.1210292012658,1.673030984968194,maize,4.428710181478959
458,1512.0180114646341,71.15681220407419,29.290504889007845,21.80131461604625,322.69365665739275,9.904845696768291,maize,3.2761388443935693
459,1083.899134617588,100.41132444485923,30.109309542065038,19.3258556974357,256.97246857922386,7.49270544592278,soybean,2.0210496476446096
460,906.5987195191551,59.78065598643424,5.6165790821174175,22.845438038572677,229.2896139605081,3.152790591521272,rice,2.7012935936144373
461,1280.0857294425932,104.13863721381182,15.442702729627891,60.84008981873611,265.48066066729416,3.6377159335444516,wheat,2.7554853784786517
462,1703.0205315957226,49.377398008470706,41.18779586949224,28.171577217418307,113.92716383966676,7.324273504932684,rice,2.7379630728229913
463,1923.8681815620564,112.63314176073247,7.380371616169951,27.386844100465023,246.47498648594228,9.23178132061177,maize,3.6364408816283826
464,948.6528391087957,55.93724093460952,46.081612785082996,30.221452120332003,293.10972112832394,8.141195006171376,soybean,2.0016407076179537
465,1203.0838422983184,28.390337571082647,29.622234032865936,69.36689318966151,148.34081420324216,8.741437971992916,cotton,1.4609695137458287
466,1260.0599742386173,101.08204661752787,16.122312866178426,15.275783887118013,251.59717945789458,3.87767537486626,wheat,3.066301915386698
467,1500.775625369667,111.11844300948754,31.197082951124315,79.94054723925481,216.21768829022508,7.51188773187261,maize,2.525143692769006
468,1654.7718954504153,113.08719163248966,41.52568548837606,66.49980131044607,206.3359885399162,4.476343279494145,rice,3.0259182279625434
469,866.0460104307128,40.94835152703983,56.44341988655115,53.42537610625526,369.3698669837851,6.612143368762526,maize,3.723173080967094
470,1597.8240916062894,83.93135997470243,45.89045197293412,42.93069710028674,70.39711677768385,2.186854020240519,maize,3.9554335207493208
471,1067.1970309726184,48.84469745766514,32.04042953129549,46.81448484946697,141.42166331341173,2.964181979503396,maize,3.291180387547554
472,649.3911131964616,56.593199204644755,36.380864204474605,17.399761753712998,196.05977403235838,3.7368894882804846,wheat,1.8430442843769574
473,1101.5365730450994,69.63745485238238,16.342083427740764,10.460530352969116,53.84239615345022,2.458702979351304,maize,3.48718459788727
474,1594.7585720942664,114.03576198744132,32.12561972176302,64.68211219542385,106.10188644396504,0.656858462579211,maize,4.04929332114345
475,1251.6724527450406,40.324652025442575,21.341648537363124,19.28565859510835,373.03377797806553,8.603392736952593,wheat,2.6702536070917566
476,1148.2002892881544,29.281965694631204,18.993180737282394,34.750559980117,279.9913441228722,9.552918033073611,soybean,1.9438980185149242
477,436.9125374925673,87.46951524330349,13.002195446545622,16.354316909984664,257.52125138927363,8.217530278782988,rice,3.190948055489101
478,1736.792002480899,57.022060531618216,48.38379940037159,55.89342261823137,131.04991070128665,3.214565829296658,rice,3.815401831721316
479,1219.0085239426753,98.2882395604662,56.986253591022354,23.15096408928151,320.8453146223437,7.114559826810581,maize,3.9225415523149154
480,895.5169812152668,109.50485070328135,26.28056501264087,60.38217490114101,348.7380338606142,1.1019382039067804,rice,3.542652927348386
481,1711.418664098775,18.248269180240086,44.818207455572555,34.71451884191266,94.953308160296,7.814992622831436,cotton,1.3112807623919724
482,1005.655507087769,74.78145389728195,56.28488686578854,54.51282253769254,188.1394502145593,3.1581274035948064,rice,3.0873921689837784
483,1675.6603882503712,115.8841341073615,48.67602996724254,32.2089061496741,385.442617518936,8.270420071641148,rice,3.4770081878010637
484,441.25121468926983,18.802697012861756,34.30728110071405,58.137824770588956,89.25115094782842,7.794841178655499,soybean,1.4815253843265723
485,1830.4755590666603,40.31263189552111,45.44176659227613,35.69643990367561,387.5183128573359,1.935564455459459,maize,4.8542177231614625
486,960.782875403672,57.510608229982786,18.063920306156277,46.972188345082635,306.55938467288445,9.853227737867098,maize,4.134672941525228
487,1539.7568446318082,36.347808844699586,24.20052452704873,42.20760325008743,86.22159898466509,7.29535412391295,wheat,2.444666089794709
488,810.4010953111949,118.69961359435253,50.74609437262779,30.063638768348785,265.08603452492827,1.463759097597571,maize,3.7558985442968074
489,818.7174021599214,91.86038669250419,54.07173398719755,52.37708131913837,325.86428915697616,4.068962328087818,cotton,1.3285848978904422
490,940.2809841348851,36.96550664549832,10.123876809694725,79.92672680468387,317.62554536512863,4.3910190985709505,wheat,2.246424372997888
491,743.0449981975482,59.43915694507426,45.88210447798784,32.873612015442646,319.2889672693481,3.7116993442971005,rice,2.3329510661913604
492,454.39109475821465,54.021487253603105,49.03064107779292,65.57279382750342,132.34947211093439,6.3456718637483815,wheat,2.1061664117271306
493,1003.4000112979319,32.36398449926091,13.02881550054698,32.69422766570406,192.64237335210333,5.928026748062196,maize,3.6882963162722198
494,423.60239963097274,40.9173703616662,53.294528498097996,22.237417835518713,107.47369593820055,7.005132015522862,maize,2.070172381805516
495,590.4540812903311,103.42541227484732,48.1562419228185,79.20577396536959,229.36415083546981,0.8865489902324315,maize,3.3335002164904
496,1546.7633190672295,62.08088417369408,41.56245748167941,25.975247995369138,360.9982940391213,7.272190442643939,cotton,1.817534804662176
497,1432.5078725810358,34.25682265575697,42.940776811769226,16.71181022368613,225.20861818843585,2.868178479284215,soybean,2.9033720462819503
498,945.5691362992651,52.276831804462546,59.18579775575,70.18357635768558,268.39012633388825,1.0492131904820223,wheat,2.4285383518314823
499,524.4190862192227,45.4693664047764,34.38842517527664,46.165791911931045,195.9775902130381,2.8160263921588515,rice,2.977353320343065
500,1753.5391588739903,76.03300656536862,36.97938319477575,32.53279922233697,320.59088497546514,7.19406887252048,wheat,2.570218034081849
501,1468.7408453486626,118.64227367910573,5.958970071676646,13.491249119289922,375.43899173985346,9.540529574429629,rice,3.3232100816677015
502,423.96346157866736,59.272964587730804,47.41833229951119,44.825076458528734,295.70578719266695,4.269266298025698,wheat,1.2663551575351317
503,726.8629149247654,67.24628098295793,50.266181994853575,45.08649858490113,314.34988365084257,2.8971333919182465,wheat,2.71040768510895
504,1562.9004606878966,111.38818048545046,16.39261805094582,35.845009074925045,221.05559892908332,7.9173950867753025,rice,3.9513184646727897
505,725.48104272912,23.913510457665993,47.217103534466546,12.047302859680743,374.90099955648435,8.12399522012921,wheat,2.3139047935646286
506,799.231401354157,82.39144988526425,35.08154950570227,55.730653170421505,76.17896395041149,5.193301296430892,cotton,1.2240805466440121
507,576.2139132965226,75.65357556714788,30.952409112840357,51.05385135889867,257.66679375318193,2.675513992606646,maize,3.116155687547266
508,1036.1571403608582,54.53067119235104,27.311423147717154,32.88859221829418,119.13718484130091,6.243538290025409,wheat,2.2330078873137533
509,1482.914789072564,119.34588354040841,6.634241371882473,66.35939147232274,129.15512245187193,5.93076245239561,wheat,1.5691925428411828
510,1691.7915610019159,54.543971983261734,32.25705182092202,30.22191656558061,147.637068433577,1.4818300027367513,rice,3.070383203101482
511,1420.9591510687756,19.756558909266694,40.81412556861369,57.84295719348051,398.1514108532111,3.182174189163269,wheat,2.007535657505236
512,630.5971044739836,107.41133864964974,55.770860364998356,25.846363733290772,224.3559770257591,0.662590669522664,rice,2.7266357812833957
513,1781.9164977690875,13.530048577457467,24.683938497249578,53.525559723122605,379.6773362896478,0.9407600725441105,soybean,2.1861265555804974
514,772.2819136231348,86.54169841993405,33.6711754832957,76.54389256383001,105.66474728791277,2.130200304326722,cotton,1.1739892539770636
515,1964.1598610203366,41.384976077283426,22.175459523756615,43.40679286842886,389.9432109671397,5.455616900276443,wheat,2.47506523659965
516,1756.802928566931,43.53449697404825,24.722859356005912,24.041669009026144,216.33351358746606,1.0500963362218325,cotton,1.7237454696766241
517,476.42411851599763,18.467039170228766,27.43387293297023,33.44162718390399,241.18057561657284,9.146384755424556,soybean,1.559883879286909
518,1491.5158941593772,72.32245591218003,40.44977446231121,44.4174552925615,82.81533823004068,7.255365341865011,maize,3.7229769357633145
519,416.4933305879581,58.71072445157205,44.33567553028823,69.89500131420371,373.84037921592085,7.90618091139264,maize,2.5124779667395907
520,872.2842490949723,99.8456302650818,13.979316324958836,43.47596607671263,227.55396661632582,1.132664133767486,maize,2.682577621929429
521,1365.586654158717,79.75601482168847,31.095795063266085,25.593110064764325,328.5904030729974,5.861351597328431,rice,4.168391832393062
522,1717.0668114345472,40.19490668181588,30.348920756878762,55.7008414608574,187.22785227533697,6.936642073926852,cotton,1.0198012357978918
523,949.9539728563989,93.22381831025672,31.188516471229256,28.607976156840895,52.65240929566851,1.5581822174624302,soybean,1.5845477127938192
524,1609.0870212806474,54.143981819057714,12.983810422212573,13.693735826727316,131.88521183253823,7.418614575278365,rice,2.670629642038458
525,867.8243683264786,54.436124215145966,42.67058024414997,23.133931843573333,63.018289586477145,8.862946235888076,soybean,1.8137435186322532
526,1842.0850345463225,80.20131844089136,42.73657477682287,10.171697782060471,360.4508700254808,8.696090878471555,cotton,0.874623114139266
527,692.6451533184648,82.53835021679448,57.53571433954594,58.50426419595233,287.6258688092103,6.04037544947708,rice,1.5870715273469773
528,709.0917462307657,109.15696555081901,59.039814643195726,61.71985939381515,83.97875626243766,2.99184616323635,rice,2.626818031682729
529,621.3505547276804,30.40241164677565,18.105990998684298,44.437113056473216,241.04037874100362,9.532476006676267,maize,3.4883422411194633
530,1593.3956711966155,73.31636318614423,14.067456081244874,12.664994348608406,131.62722584046224,3.700228978757006,cotton,1.236765995461581
531,1988.488777375338,49.30110532456348,11.848026905677088,10.155159640875896,397.6208381424992,8.506671821552045,wheat,2.6285166938755813
532,1071.1697098514132,47.466945290033784,26.51935610475011,61.21231623070153,128.93808813026718,1.4559658411405965,soybean,2.081043927560271
533,1463.0974972609715,62.2273548334846,59.64150417738263,31.43805252464133,216.96354278008815,8.793141956306927,soybean,1.7316014173273497
534,1740.4655279461872,58.51851664190063,19.972664487706613,32.12567436585787,232.95354058221054,9.755888153741083,rice,3.2008732317929236
535,1979.1126799444478,73.06295888980642,40.778591035476275,61.01055663954008,391.93515663237304,9.57979268365837,cotton,1.0825234798369796
536,686.6693801810609,31.47567038123651,38.65882637774927,11.958155349700624,120.67729903724059,1.3062322053193884,maize,2.5927182182292277
537,1733.1283735531813,94.67534472000209,9.8176539245113,38.295188782107196,130.36070023482262,9.086784441429975,maize,3.052892014691619
538,465.00511465393777,46.11879827158588,5.968618950458547,54.23924703572321,143.45254832683295,5.912070585098901,maize,2.5842866615493065
539,1205.6672657263553,56.84453631009737,39.802673082967495,38.81892624775138,391.9492807986383,4.672445453039167,maize,2.990943657751549
540,1645.2929904555656,15.764001018824256,19.876432692707983,79.45754032766045,141.83450493897786,7.483618372792067,rice,3.099933382236756
541,1551.9014520255116,67.39000685608595,5.528895014363414,78.02494671079664,397.34468432154495,6.765258843649894,cotton,1.268239662618769
542,780.0336231627023,107.01362505084477,11.039256545683962,60.59927891073618,259.8646338196502,9.760240053782544,maize,3.2530710689331626
543,1344.5447321439292,116.79610085185695,24.331587155124204,28.43602543589299,79.79169170713556,4.135835485059653,wheat,1.6340496061037804
544,560.622836850861,48.417283861373846,38.82338355725023,76.63110166158171,52.177634384390096,5.792881187835899,maize,3.0003234890689283
545,622.1039894039043,52.90628655598957,6.160885179789801,55.537263557765364,252.20966707376894,1.0168857626212962,wheat,2.770840325502714
546,909.6800679247,76.20541015428473,30.79558576502965,52.82728431713252,169.0836144556158,6.207183569029045,cotton,1.3963719053323873
547,406.11705833690905,65.95961125589514,8.605030858516743,20.248789971830814,344.46769057459306,1.9003807434692594,cotton,1.0084287692455796
548,1927.2184672186456,28.438412833478015,45.57736066413574,79.5057517343758,132.50182463973658,6.267847732919828,wheat,1.984166585498551
549,1708.22560137116,83.82606624554231,13.539587411193953,55.70020033642732,113.083589819861,1.4955439716602255,maize,4.676617006686828
550,899.3612831858608,90.68721525932712,56.16560983305468,59.394296796137056,282.34919779218257,8.02471922734043,maize,3.5962265272779215
551,1843.1737569372342,18.650390521812387,45.23123505381261,66.0790711743474,329.5409010378284,7.055818961562821,maize,3.2557762521434706
552,1266.1724092773534,61.740725344522026,57.317532117662964,77.1110905534476,156.5965906846258,0.9722923340298452,maize,3.2276034177353736
553,521.2158701650499,91.52767728512104,24.710763026156613,46.723539487870674,223.84729440678947,2.6026527710757574,maize,2.6566367647677502
554,1034.0967384368605,91.1026401354699,45.62045362491617,28.591490228138586,321.2464908685426,8.243197201989833,rice,2.94585575298556
555,986.1564696872474,88.51634723487116,45.190739551245464,46.60676004278642,336.55518874004156,3.0160329253397578,maize,3.3005989173870742
556,1469.647421754825,39.98648499637499,33.1417027966029,43.8392227929556,251.55804230516088,3.3938821833526536,soybean,2.2483555187938005
557,1827.8263698513765,71.6511817702449,19.965326356994353,23.876728122422783,293.70161937529843,5.541384085591926,soybean,2.434825628606183
558,1324.0026636032344,32.16632345635453,23.869578060636147,12.98616506492041,201.8742043411933,5.59595780827898,wheat,2.970640922982809
559,1307.2141224589532,62.861889608722485,34.28997327608515,52.39150866802471,55.32818037087344,2.7038168021353273,wheat,2.5811884881037965
560,552.5850938821709,67.55484985651732,44.4532642514011,30.25209102605469,166.62245840573058,7.5429649867940505,cotton,0.916580408185312
561,424.5307305461861,24.0102931087726,46.91352001470962,73.18342238687165,388.4631157156771,7.953897102501972,cotton,0.9287605698830207
562,916.5356371050724,87.56722232288806,32.37871532926938,40.52083135954453,60.761720452492234,2.028079170438877,rice,2.5616661564940775
563,432.0202805483872,23.238038232295423,15.263693205716866,68.97199324705258,85.81681047717042,1.7446753866451827,cotton,0.6185410804350111
564,1005.7608121132025,110.15731487698747,46.60693746556346,37.1384586562844,131.15437690591477,1.8790603329435611,wheat,2.466616315666865
565,869.2667102517355,21.843866037007196,13.667240833925199,69.78460191955335,265.506297377877,8.78771071185067,cotton,1.141109879022262
566,1144.429270080293,78.10276831683322,39.392534698469824,78.28480004838254,252.69792414658193,3.1410380278639165,wheat,1.9831121822281361
567,676.3411629118735,110.85654066846321,58.92521508446052,34.956677475408014,363.6463712787631,2.59106473997343,maize,2.332218947024409
568,939.9534346575347,109.43572639207383,45.617736464346855,28.319461102263713,347.591556761179,8.796985152299554,maize,3.7545469088778414
569,473.1899543442697,94.40959094916641,46.67469972261987,30.461800207074543,392.14673374235434,3.2011338020314666,soybean,1.3751129175075498
570,451.80907535198946,19.384905924479174,55.47787466573559,25.195530426993344,64.51336114164931,7.797151766749736,wheat,2.438259794351365
571,1515.7318483536885,15.241475087560376,52.545216112002684,24.456044645321658,391.5179780994313,0.69730386941232,cotton,1.177294523211452
572,831.3966618963289,115.46082981854795,37.06847063502689,68.79130046630024,214.26934007878623,2.339572942600473,soybean,1.7677061270380232
573,677.9077975205478,105.03686335413178,44.047836028427255,16.96899155516752,309.44244188532633,7.2786941925892625,wheat,1.9372878356774224
574,941.9988136664889,83.2608129349605,49.129282129080295,40.6706108601021,178.38752646885385,3.2565318040985103,rice,2.486518178053803
575,1852.1984756750091,44.103047321911895,23.74393590992132,48.99886158528402,73.03441770580693,6.043714145903415,soybean,2.0864566736480157
576,713.6221044302488,71.72886479184945,48.99515970009992,36.14956126271824,227.28644325460192,6.104059218850243,maize,2.7574866186382776
577,1039.1479836885349,72.27534543154687,25.617013550097,23.207599182536896,348.6865906529759,2.6109385318765495,wheat,1.9329739737488871
578,881.5308746941419,110.93289107084304,27.151515657428586,60.86763615453207,279.6367759028133,4.991892232722599,soybean,1.8177754842363836
579,699.9711845876956,110.09896153996961,23.372011167282793,26.183924809272884,160.4390170499026,6.480230458170843,soybean,1.3584961990552993
580,1695.957919825653,72.3171244800856,25.709846811143386,68.4290540306018,94.05201498461597,2.1494636078592695,cotton,1.5955836344382628
581,820.8540339927545,15.7091178294506,14.411088689554902,72.95051480649347,344.8930080261951,5.377501157634085,wheat,2.460605935211606
582,996.4157886811573,59.91126258538591,58.52103964881298,32.71935224419741,52.32806822767654,8.850259789325742,cotton,0.973324887426294
583,1660.280193701919,73.73758564907857,47.792428287861085,12.44673760718655,221.385048577685,2.4350611188006477,wheat,3.0442833165225265
584,1562.127301707227,94.69952588424104,41.46206634924669,26.79168231183949,219.85142724416886,7.803242601684979,wheat,2.209890459080374
585,604.043041834202,47.42630903043106,52.85934715081398,24.952095088684622,314.5395102868382,6.4705648116000365,maize,3.3989545049758
586,1570.1271593098052,107.66636126867434,41.091338201464474,64.97558342590222,201.7401417749993,6.750989046149868,rice,3.6889328129386887
587,1995.295843246091,67.22307394717197,57.98109788959145,50.05361879366039,93.65173528897365,5.159178460859937,maize,3.714076617603187
588,813.3748620031803,46.205111189087184,58.69621441155865,78.60224418865154,216.35690259133878,2.6948748237179614,soybean,1.8870351502647222
589,572.2730053347827,54.559979766529466,14.851352805220147,73.28620392564639,167.69714617947233,9.48742850445555,soybean,1.6614705384711999
590,640.3351517369697,38.971353585862005,25.10038799674979,68.39281435218565,321.3196569979636,2.3126676266446506,rice,2.730636905617666
591,705.8361055427646,16.252528168103634,53.197869518912306,42.35336538642514,237.93295173668645,5.233238296017266,rice,3.233797421001381
592,1784.4624528737181,111.77128844310724,7.2765544524211325,21.333084901919683,186.01737518256428,8.12055556350645,cotton,1.3783521348832832
593,1311.5981949871675,42.03809875098073,53.453419476590526,26.13415589135877,367.4006308160481,4.834336143006277,cotton,0.9975836181814842
594,505.49873761156243,19.286951875298286,24.397204000004585,53.10753488519385,73.13748802932979,2.4741029324508546,soybean,1.0725798016833767
595,494.18613931491143,112.10269977732176,37.43659938983937,30.17185902404404,125.52980677173963,3.9171160009018986,maize,2.8994266811350133
596,1630.0753839277202,40.20827890304352,35.70402820850812,35.30581433375406,172.5948841978834,2.599238573344926,wheat,2.297547382108572
597,1870.767923281807,71.2285582153844,45.90814490244304,74.60611095729163,161.77861419544314,0.91657414419332,wheat,3.2097544208537747
598,1590.3640570671462,43.96461765226727,7.050424430392789,48.11055405336052,57.01650819416129,8.916371856461941,cotton,1.148997246527791
599,640.0871093791059,70.17718823480496,22.877534165141743,43.63908702197191,329.7681492022437,0.9482269437766537,soybean,1.550486236704493
600,1412.9037283681996,16.165845759474937,52.68292319955695,70.82745911475055,362.7829939993801,8.358563141763776,wheat,2.4089059767141605
601,1780.457309065152,10.825880878750674,16.036329865641243,14.771165013675619,393.4323201901182,1.4865784462887095,maize,2.489908030922441
602,1818.7774491559387,117.6923189878316,42.96661707011558,36.88961807831181,230.20194323952714,9.489728851943761,rice,3.652230886151531
603,1547.870354861738,80.05030885003899,49.73564607310416,53.26347218579929,107.44522207197102,9.189792883210801,rice,3.2037956152873357
604,1296.6874204886394,113.37980555923222,21.089113240289244,42.83477007101116,55.264969987652634,8.180739591572427,wheat,2.0007235536458152
605,479.3237066506112,116.11992400594406,57.978948370951365,50.864833825357074,170.45971026853027,9.40789266002877,wheat,1.4907722255539824
606,1936.8019997670126,64.14589572694342,10.441865441073645,46.156370045492636,297.1096088598157,6.046883318505701,soybean,1.7506259947555476
607,1921.5074817371797,81.17017656846117,21.890888552083915,25.763390282673345,249.56328379882274,5.094510355248537,wheat,1.890544797648722
608,1281.8328086727715,15.197839078699364,41.610371678952575,26.48340223358724,331.7051198350046,9.390734348701686,wheat,1.9044532901350384
609,1003.148259697052,74.20000478554884,37.67325046710221,60.018561253024664,76.45146440840395,9.859597470639955,rice,2.809677362328958
610,1012.1560298483978,32.523634264552435,13.42091190420387,58.18873542485799,140.13481723708833,7.11970322470026,cotton,1.438394242145299
611,825.3666569425934,18.709860766599274,50.6175272630938,14.384565684788317,288.9348224065141,4.71777553315847,cotton,1.1534274256734247
612,1538.8395383310535,118.15652034010941,48.515639972958525,24.601869398077852,110.74035839798529,9.7789204931422,maize,3.3256722069431213
613,997.9057997335353,81.65629405571336,36.977980608974704,77.6275257578449,210.162549829793,7.390213382203531,wheat,2.405789765976513
614,611.5680129006465,17.52181138689236,34.09406973935147,79.17878157806263,251.7638863886619,0.5036269743006634,soybean,2.0299956282753637
615,950.0081760448186,52.88035107947163,40.47972196925004,27.473220588545253,162.25357879218325,9.622452904871214,rice,3.107311433481096
616,1401.9514132372362,118.98376509609473,12.417046696061607,57.42846200606752,284.6828658273738,3.893731615869056,cotton,1.312495054456711
617,1659.1656011773357,103.7416268114984,31.591838215911462,51.31729011932297,196.7539496195021,8.048888315193699,wheat,2.5056145792019247
618,1052.1503592616832,54.3856123913846,55.49218518052586,36.231327448839025,154.63212326794246,1.73446517260609,wheat,2.0799606338616616
619,1136.4255439295343,109.94803783737896,31.339929464994665,59.375134140024,195.8636116485307,8.800987276261887,maize,3.253068663511029
620,1345.0486070060704,49.7454393372579,44.865353422458234,43.55550614760856,367.8908297984239,9.520870268565323,cotton,1.3651812391599394
621,795.4244607243124,106.14326621471517,28.956952604450986,65.78875201139998,241.70763070886665,1.2889587928739061,cotton,1.2957108466794636
622,1371.97753403275,39.46348196842145,6.502381798485622,40.339335291376955,123.70541644262376,4.294234657899083,rice,3.12204084309087
623,806.0645205805658,57.523096852349774,29.825447710854153,31.679873125953424,129.7506742915687,6.868266257414596,cotton,1.3047939822980044
624,1455.139627494405,10.253201015072065,44.55206408292132,45.232966537493006,267.0702559015473,3.9519466662960885,maize,3.8873849265061713
625,1698.9133205088922,62.0668904952914,23.84783873732776,17.88013815562788,128.71450045026887,9.413456912548053,maize,4.1364639579687745
626,940.0681809752045,114.7167864815651,27.707547234114543,44.81068860727272,236.9258996727418,6.328581270858909,cotton,1.3932676526916725
627,1862.882089653381,76.54486296980801,44.91656151813279,53.366782028889844,327.88672595365864,6.153910690256109,cotton,1.0095738977473963
628,1970.6310962070709,88.36497627692808,11.977047507066345,23.580399049534705,372.8570529641187,3.4043292215372336,soybean,2.437878243181952
629,1386.6988417784328,80.10825579298414,48.23101930802392,12.499208670947239,255.21974113397124,3.8686450220562727,rice,2.9027634685881774
630,502.78852658927576,48.08575396784999,43.952581268848114,39.68132695467203,388.82571473850123,5.534811531197993,maize,2.27336992709706
631,1122.4174200251312,66.09810469706916,49.6819409658045,44.43031742469121,186.978302374869,8.192517302672602,rice,2.7755670122429486
632,1056.321905124968,16.096422995712807,9.973841424985316,79.53980395118663,393.2074763566135,7.137094926892219,cotton,1.5197174522067096
633,1235.5344207496423,119.08601117983544,21.698986210055295,63.94578559327497,106.06662763692509,3.1651008176139417,cotton,1.1163864107139634
634,726.9086250243186,33.451924272790166,44.168736612426976,79.14287261823056,97.41264902235291,4.989866229633902,wheat,2.195486436145854
635,1803.4458962463996,112.33657661390328,21.229234606282,50.38589092034646,238.9456787916854,7.084649110663007,soybean,2.0014581306596924
636,606.0401185343286,31.300693196853764,6.169625799489029,79.67154581648244,161.46034220497353,9.848790678974877,wheat,2.238250720918495
637,1262.249095032476,34.60009169653523,22.539063257558052,27.86917052723658,142.5637984848406,7.97828344134928,rice,2.677572095071585
638,1693.8730482270823,91.0816082369574,37.40972085927333,22.20665569883664,232.42990649801695,5.158664304934791,maize,3.5914322925583098
639,746.4320733659829,119.58360633525221,36.67747800993878,16.91641819145237,98.37350505477363,4.353194678581945,rice,2.533158048783906
640,870.3250908100547,72.23104910406516,58.600333179261064,42.67889694806404,311.4914601594077,5.408901684373774,wheat,1.6212104744210962
641,1497.0517813346723,75.31190187693228,32.77332096597043,64.4588233376712,141.14972480853385,8.235790800770902,cotton,0.9222505472686756
642,1083.7123056087503,52.43724982751026,44.929306657461865,50.039514811827544,250.38413152325927,3.5990353038465503,maize,3.2741867172068853
643,1426.9692402323533,74.06847983743867,51.337721132267994,40.72653122541911,50.43860411212862,9.446606510642656,rice,2.7916068014064574
644,949.8067943215867,60.1519010564345,22.866453221787214,37.32849975999679,285.322508500797,8.901286674898357,maize,2.949798852601606
645,1887.4987289571816,71.84461023930862,33.31906839438487,37.37012925095317,142.49369089562185,9.142070054081692,maize,3.0262574771695756
646,1900.120559090296,79.9574230008795,8.19003396847933,19.831140803201215,366.9337746903276,5.104833037146453,cotton,1.2800627439779764
647,739.240350405712,22.636094832662558,44.56419030240918,60.55536304405454,351.77374260855305,1.7093085933090773,rice,2.8762354722181462
648,1341.8396718607778,16.355913552992146,45.645412286491705,30.215721512194612,125.56676450578576,1.5750032715207363,cotton,1.071733539996317
649,1489.4261451570258,109.4114735436331,35.16771513904045,73.89925891026624,189.15938759806832,5.07861035652102,maize,3.9738124267652486
650,564.9958401192271,97.44655236496835,38.304677628491376,26.25289362628871,347.61875451930223,8.916591475729417,rice,2.4883241147905726
651,1039.2377193096245,71.47275516342648,44.56234060047665,56.57148586465252,165.87996516898096,9.834978625689777,rice,1.8836354878148773
652,1882.3190163745044,19.12711503456197,56.18842205122681,32.8965671498169,124.14040836093045,7.784960663449289,cotton,1.1728983887631974
653,1444.4576158631035,24.550945951604426,28.540735875572334,68.60342172767437,285.9725901459255,9.481937096304824,cotton,0.978587152826476
654,1301.4119408155339,36.498358187269055,57.95239450546342,35.69532829084296,265.63375122312357,3.941702747716114,cotton,1.0078597589657223
655,1712.794419338934,113.92829936595766,34.22423546658615,57.793453110965224,397.19459157817363,9.12302266282582,wheat,2.7885297408535044
656,913.6929261959103,90.46849079107493,29.046164584768132,49.89224285861408,52.908016559422535,6.903630932793891,maize,2.3300975963644603
657,1607.2279583295774,11.328026130149535,28.398568707610202,60.26572951309795,72.93893947377411,5.390381238153093,wheat,2.5374210006447147
658,782.6098925986192,35.67874136279674,40.45500456699486,79.70156798560446,241.121605065642,9.068410259514112,cotton,1.4428283513140374
659,1148.6617532414857,36.45902221604861,55.850758740286416,22.493225938917035,311.07305936038813,5.919596642898537,soybean,1.598672210160419
660,1893.3354979669755,100.66209276691005,54.96718908442102,52.235000916794235,288.5273150309447,6.2159118937861395,wheat,2.6593628312630186
661,737.3536327120547,19.21783419677873,43.08293586031578,15.649383315761522,364.16000900466577,1.7965846606775084,wheat,2.062767708839171
662,1629.7954784317058,68.93184503470049,11.831663769702057,76.93792712558275,299.4353592238375,8.151265273939348,maize,4.397539066345074
663,807.4878675677496,15.063926493949767,48.15143730114736,38.3724004633483,365.1893792197363,9.590829668136497,maize,3.2413684443811093
664,1509.7943500520712,18.27760557494984,45.70927269236506,74.9907660889486,237.48402380474462,7.511744288880314,soybean,2.1658326593997703
665,1130.3722373018886,41.996905713605784,49.03375219076084,19.696186344659587,341.3141372708777,2.89438478807405,rice,2.93965271321637
666,919.5587577794362,53.741048091805254,33.13911574424935,77.40217790201329,204.87472581243057,6.86022477276631,rice,2.2212406977704733
667,561.342267661123,43.23895312634879,36.202157745203394,45.65230839899631,224.24837141225976,9.943357176078282,rice,1.9656770919189255
668,1415.3147999613007,96.88818742558432,47.73123712687723,23.69376302836244,349.0238140106585,1.1182013710583902,cotton,1.4734019660755626
669,1115.3824195482139,71.44376644244272,40.134569612030894,43.82871661861725,105.81732702278399,2.6396199167453824,wheat,2.855149326099395
670,400.6922408737321,19.536898217444197,48.382434165273395,43.71806665277345,181.44055476786576,2.4130001176841356,maize,2.657762644322659
671,587.6367363950209,86.27093776186639,6.478549375659812,69.52377317861138,189.46031973892573,6.895589739935212,wheat,2.731060021275405
672,840.9374742310007,91.13356834694275,30.910319105433306,67.9321009498094,339.8479024874545,5.813849154144202,cotton,0.6938532037873204
673,1099.6526230570892,38.21398442091312,42.134531788973305,70.08288838203441,155.94608256342468,7.593708984936566,soybean,2.251592720561772
674,606.6618951874555,23.056038054495573,42.29394524492633,72.03127046768884,87.80938543709011,3.993139853578872,maize,2.853336322946611
675,1074.1989263367495,104.54257520459441,42.31686012484752,20.646192493390707,281.31729440215486,8.344569287356503,rice,3.6868284015539103
676,1010.3682283991393,102.66119119227201,53.18274657986037,67.25896740778803,78.00107426719121,1.3872596187809938,cotton,1.01270966085413
677,1666.6110551782429,76.15756718016941,25.572256463283033,68.04319586083969,281.2233427215193,1.694660553810777,maize,4.458912382153861
678,1697.6288851868474,29.52039023338034,57.501739102508125,66.85000030535326,367.25684769043784,7.186793072570006,maize,3.5359239377427873
679,1161.3238936652665,34.73374496886293,51.23645617628547,36.15025645997618,150.09657302704875,0.7889865742770783,maize,2.9122392634867844
680,1237.7265858884048,28.13927678386949,38.304292989785615,50.84713033520451,234.11964387316775,5.635637569315536,maize,3.6772797868084846
681,652.4720621920573,111.73138860822432,35.72879834247356,32.22833403415895,313.7696084765467,2.0285905451921002,soybean,1.446050154742717
682,721.7117217518304,116.09287136049042,39.81517769468926,47.639628789451265,71.82957141850139,4.536065977694874,wheat,1.9224810057434996
683,1352.7001126376658,97.05854916094931,53.11874059328723,45.44528816452018,327.0355755378619,7.3159418870680115,soybean,2.276440592041309
684,1423.3468186084242,37.802428772136466,30.720117731382707,15.917895844622214,375.8765170990662,3.784099881737224,wheat,2.5824213446041004
685,1123.739971425463,86.45553251319006,21.784290948415233,10.123174692489137,304.52788397974575,4.695998407513794,soybean,2.0315077945672937
686,618.7058907328012,83.91935474595147,41.19912432717511,44.527568448822706,314.72027849203795,1.3830802889349183,cotton,1.380937473242836
687,1086.4368959220428,87.85174727683432,59.11212871764468,61.88695261734723,179.80483172567574,6.622670907142281,soybean,1.8049408950066916
688,1596.3842696889467,27.111908103261495,29.563518868707384,63.56752082301307,272.57574134134995,6.5851385977517936,maize,4.049094430998712
689,1610.4712250246387,26.30625034091979,32.06435567666206,60.90481762703522,257.04264827265007,6.182750654646053,rice,3.3064278283490065
690,789.3781369491599,14.8139813382957,49.51427122121569,25.558557509302474,131.82347537998382,2.6187743305679243,maize,2.402567564403347
691,1188.3606676652885,91.75269553585234,22.761316572387738,73.85282485400505,376.35410467899464,8.595328398036225,rice,3.0656272289236
692,684.6661547281814,30.65162160960699,24.733575337173978,50.30926060418482,337.47120639230616,6.158413707637638,maize,2.5352579710759824
693,605.0215667753337,61.35023071022563,27.23337675713375,62.85499310501228,272.66540645193226,5.805714418755088,maize,3.8056856863167954
694,1016.1145355454951,90.06320574589303,27.78636872353849,10.238680272985626,145.146842734363,0.6059521679694502,soybean,1.8537786016612265
695,1558.2909528605774,62.973512616568875,18.383136458630773,65.98632801063508,231.45371534259397,3.211861186986711,maize,3.542020945165274
696,1345.8942433863322,19.05709518955291,28.02126646457056,43.985233378647855,75.84578632337788,2.7416450044706506,cotton,1.07924000358778
697,890.9876279723155,22.01955568967295,53.123402065527756,77.50463031105228,335.55088583475305,6.930402522209439,cotton,1.2055675573671891
698,1811.266184863576,98.94984167023175,36.9411746980695,33.86518284728069,309.07943856562565,9.956518272812058,maize,2.9285396240644608
699,1857.0809182820562,65.70080793734297,33.90878372854918,17.2315368550819,265.66848525920597,8.481772416997252,wheat,2.459247820073378
700,1264.9754925217253,100.28874854867938,18.953726889821496,69.36821761073878,261.9545753334497,2.2524361576140772,maize,4.0779174916771135
701,1342.2035953339273,99.25860356101441,32.64233590206449,39.03249513722233,165.39597892132824,0.7601548831950395,soybean,1.969343683322539
702,1200.0832910747758,80.61478744969149,8.135197518388754,43.39078818820569,395.5755180914648,4.569095133693852,rice,3.245451997863714
703,1280.9520163327168,22.272005322636204,29.007181037137578,65.947859455714,392.5222776675081,6.526657023813677,maize,3.919294100738129
704,1054.5611982466626,11.39195625013503,23.661380772766275,74.06617398506901,58.096531106301626,4.34740258670573,rice,2.1726545559862984
705,747.8131243295663,31.45188521796903,57.653503172611266,28.262530777027173,293.5173814171242,7.14759973750365,rice,2.499877931172202
706,1595.691052182863,17.099039739813563,46.6676777226988,30.42786799120985,294.9442919739738,8.93046053532012,soybean,1.42299000830182
707,1224.8540244564597,119.0462872100624,6.079494103943658,39.71113876614328,276.9723472508091,5.561239488930546,cotton,1.3732579554677087
708,1989.0459408960805,27.065124797983117,46.85517430153322,70.5864332525509,263.7720626678075,8.783437244385446,cotton,1.6543139586030378
709,1203.229450930045,67.54598486843383,48.79319237290762,62.612141480476126,255.47815614082816,4.773664022542981,cotton,1.101128752766549
710,522.74855950748,42.3186094415938,57.59149553694004,78.57856451116207,113.92927763782663,2.3367116860591,maize,2.6281235183985574
711,1201.9566870795616,54.69155807471227,32.50883259441518,15.195859481955429,103.14515622528913,6.465380489874858,maize,2.831669293314977
712,1738.244534761714,117.37334054534745,49.009382966051504,21.392359488470575,57.02642094007024,4.750354743776445,rice,3.8487701835241146
713,1950.2713675123377,26.91125937185799,15.930216227461692,16.328594529391317,302.07531737805374,9.87686489619929,wheat,2.5069718008016606
714,1038.8121659492451,85.01510380019704,36.66873390376861,31.66157630906116,274.83161830128836,6.404562310929249,wheat,2.390006704848657
715,1618.2629818487,62.817470301875964,14.327559110520948,48.79879211833928,213.0187164876358,4.550293921174568,cotton,1.455707006203369
716,1937.3363535979045,59.3156226794187,25.900567104739945,30.435166564307814,280.3115194523982,1.8213957138422545,maize,3.632955213929976
717,1840.5638758093073,73.43896564008205,19.562327157966443,55.90737445548996,130.78172064251723,9.467248962296905,soybean,1.8497159482901788
718,1819.2774265257324,44.250657109287246,51.66447840039267,50.42551301908512,195.8080951164121,7.689782726957508,maize,3.976921002841385
719,1520.2046720435694,24.460971931595623,17.052963232530523,41.65728722588959,389.57828276096745,8.204238046973977,cotton,0.9371851351073908
720,1678.5812339068518,59.88084828224085,54.35151227021486,46.090286772796325,352.8596331480696,5.157293231784178,rice,3.7615914876618817
721,1336.502957133565,83.49067075328682,43.7327234083413,65.26967000883262,393.2673602267903,6.64517755668959,cotton,1.2605725500576268
722,1405.3707531568723,91.75373827545194,19.380831419456822,33.708795314419405,110.63011176376452,5.2440651791163075,soybean,1.9151856822204125
723,1364.0940097343423,67.86235591947619,25.883509307659914,68.7060556945264,250.5301562771585,7.144981847362279,rice,2.527080777799317
724,1696.5973666446168,86.63210497322942,40.47343803967314,29.815897035387188,159.12083541281226,8.533510477555478,maize,3.1053295116067963
725,1852.3919090820411,97.6634510162965,31.897980963745866,51.88086315089724,211.07571049440264,7.318774291512925,soybean,1.9526325481553142
726,722.2678394675895,93.34784367388414,25.01439776028407,38.145063632833676,80.06042968173412,5.076293851670888,maize,3.6808478409385663
727,1951.3564467818887,36.58768847320948,5.455323918690329,63.23480933860478,143.18080438942093,4.261947107528565,maize,3.1708373323927397
728,1849.727571651994,63.393379373583784,47.9733249617908,69.20440472545292,115.31288032847121,3.7708529700550693,wheat,2.9664612566969364
729,752.2363202430275,63.778050112787774,41.165698179090626,78.74863957234842,164.5012710920207,9.61087333337439,maize,3.1607847356161427
730,1409.1910809840956,113.72980488553753,24.88539506471919,51.34034626559752,133.0089833692807,5.688462846809085,rice,3.0567628337313173
731,838.1515925761063,24.07090246127038,53.07702874643128,20.62360926983996,243.39700088214124,9.712278012257759,rice,2.3589885381659967
732,465.764466445245,112.5158398425109,44.150190068152966,18.307964966194007,182.8057032682915,3.1239510290125296,wheat,1.8980428291381355
733,1799.9033044345185,17.79804276425041,29.643843908937022,29.001098286469848,328.73085132027364,6.741357703035778,cotton,1.1544373599485211
734,1066.0518881310811,114.85262892901297,27.72772071034541,74.0334127808938,323.5925656071923,9.635928119531862,cotton,0.6665102442639379
735,1423.3852343547342,79.80007021789443,9.98633153185989,15.241488517518759,73.18126917958763,7.855382215230114,maize,3.523017543238714
736,1347.4099501494422,16.812984561404754,46.84224436767798,76.59865298740426,198.1447758150958,9.492889244699825,wheat,2.200289021667952
737,1742.2668611341924,17.148011631135226,11.277288136199221,73.56449784834967,338.97900027605635,4.346771784302458,maize,4.074873961467656
738,451.90418241953444,113.61994959858852,12.589312048266027,43.293335280272565,174.29780086335032,4.800006387916343,cotton,0.8083287327062691
739,639.4447471647406,29.45228118271282,26.011760242014066,77.80541011118697,158.28764040546403,9.783148801928444,rice,3.541475160449144
740,638.6612743821954,30.65658462691051,48.47209862816769,31.225734877061456,379.39627749352513,8.562816807499312,cotton,0.9077129615154845
741,1204.6442611396856,64.19322883021383,59.58562423049999,19.692741490348205,178.2514899240756,8.865480960932338,wheat,1.6991457609038865
742,1256.2639258387626,70.96695046845532,54.39460659868075,34.8028351128748,258.2032543463013,2.696084127971962,cotton,1.2401542826184238
743,1242.8193276047593,36.263723142673996,41.248501110042014,18.179899550754943,350.47335413145674,3.2616496124589354,rice,3.054546482153489
744,1631.0554519591667,92.00695023711201,56.930713952691114,53.550996711140165,64.82627013425453,9.057393413597541,soybean,1.8162601479376181
745,1754.2312478681429,55.65460626127715,50.58020287888919,72.2889529430158,241.25215147244884,8.732639353357847,soybean,2.623499206247959
746,1278.8893320156824,118.14114040100253,30.375067922874997,14.242723281762753,382.2169698544072,4.48448134976255,rice,3.113428125334
747,1757.0268255759713,35.72740822607334,20.60057358652596,40.88494368506397,54.74519850444084,7.5036313528462,rice,4.009075582552442
748,1791.0030387184354,53.803750297026475,36.524566378606266,49.049602356723526,211.2472825965145,9.947691970215317,cotton,1.0151054754487328
749,456.7979908111258,20.219631768808547,34.000847475855075,22.687415916063173,278.19063501517553,5.511373575217064,soybean,1.187513075972222
750,1501.4055646614493,90.5206406104825,7.382195195336297,67.3911920881418,339.38431233077335,2.607068118946374,maize,2.75684073167723
751,1636.9381880786539,109.60787572598187,11.364531146634423,57.60464856327493,145.7437956345428,6.42384127355205,maize,4.488857557173024
752,1763.8570947811845,64.43594756940828,11.674572467365381,20.75464943232605,390.08814654947935,4.169170092878747,wheat,2.490877522099924
753,834.6657471736874,49.090668323204625,35.00252029550706,22.839667122329036,251.6956838363013,3.2576134745598395,soybean,1.73628875471282
754,1386.3288294157778,79.76107221612254,50.37911571587518,21.570653187994388,368.12336152029496,2.631155139808511,maize,4.047142350726011
755,1240.953567554044,64.39411605653115,16.234934528448324,73.53760132144734,111.86521498764225,9.913829518119575,cotton,1.3214992317247314
756,1252.5227479519867,19.850248878314126,57.19412388653278,20.59348769884309,330.7775577694241,4.834058772967207,wheat,2.638362364352763
757,1987.2554298550074,118.43010045818417,44.49889482418158,63.73550728274673,120.45475274709986,4.106421360565227,soybean,1.9561342201991723
758,1635.407466949394,41.6581604045968,9.743549299931594,34.49559134350417,188.26282005204123,2.2408249498328514,rice,3.2164814431458755
759,1946.462014008617,98.07822926848368,30.73253003191588,34.46078935832546,230.64903187501355,9.718586571796344,soybean,1.9448340433755478
760,983.1185776348459,91.68221473895429,34.25485236038674,74.3615223835,60.944248260702324,1.6821697975098315,soybean,1.8644915867829632
761,664.0664564504473,51.57474825302835,21.523610005717735,62.778746882504734,192.15237511133515,4.689330579865983,cotton,0.891233494047431
762,864.6920812720216,83.296720781008,51.97847928341804,57.33599401431814,291.2251181163193,5.643440751641621,soybean,1.125264432415437
763,1866.7489556151377,17.694035479975625,6.090973198579558,35.507741352070255,347.4718233403112,2.6006481748220347,wheat,2.1739729129220873
764,1666.3761126539632,13.331472304594659,27.205314692389138,79.10768150653375,310.0196995886394,4.797329354186551,cotton,0.7945368321285959
765,1749.9980872473916,78.98790290650584,46.74764747947985,34.758943322875,50.90687482522655,9.591305314182517,rice,2.7720796181660607
766,690.9570969319243,40.89488447187031,18.783622901007515,10.136661409549019,294.28930534185577,3.534330481603662,soybean,2.142023032893316
767,1138.8515598233016,97.54080399094025,11.67240991810188,14.61835897013827,298.9941278866035,6.035307029745495,rice,3.117067070528638
768,1490.5936274288438,76.6294862556325,33.73283848710406,79.41664865336342,146.439921214123,2.031773917633226,soybean,2.3436631290594145
769,1859.4862939352117,21.476991948334714,8.435959367135661,55.74088367242176,367.7247161397318,6.700070647797722,maize,3.443342685348739
770,634.4579875082397,20.788794315112828,50.449914037658054,28.28648638537873,200.7129507381196,8.60755886473576,cotton,1.1295061023133106
771,468.97255733057614,101.21849947993522,34.3177442746354,39.689763652421675,242.6880507798919,3.986681591262427,rice,3.2326776293614867
772,1373.424729485109,34.327228499992344,50.70384043327815,69.00944706786348,358.670369635684,8.575671764030856,rice,3.195350119499894
773,1452.823017722216,34.57676356691853,25.135137313954765,62.56740493933128,91.79168927451161,5.496245049765874,cotton,1.389544753529599
774,880.9866884843195,18.173924564546194,20.081162248779165,31.436295572934558,253.32019466794227,7.526137875259797,cotton,1.186470198689977
775,883.934797848164,111.28740805700505,59.724335252101895,72.81781950196806,283.71014164520216,1.5854388893925966,wheat,1.8860227050447522
776,535.4061785950709,96.77734802455439,53.07711556062023,50.89608392545912,174.7265084179046,4.05255581273235,wheat,2.4891291345225257
777,1757.794624103654,28.14036262070713,34.21024078972653,68.78642622457419,143.29110026536142,3.759699507033747,cotton,1.0465067329381361
778,1381.003375063381,18.744787044964585,47.26629736309382,79.54855491706454,144.66706546499728,8.15410606671593,rice,3.891412773399834
779,1890.485706670712,33.52727473407731,53.62485625204477,57.238518291723125,69.48785314028214,6.812233545443652,cotton,1.2612136841471355
780,1480.5552024273688,74.4897344775108,38.85325152908992,26.991138046567844,220.97993036905402,4.572977857653054,rice,3.2828414875095957
781,808.3321351441857,42.331668926913515,14.572368284874035,59.91850317565537,306.2810250156018,2.6752997601051285,wheat,2.3402367154091652
782,636.3291981617995,28.482127351287513,10.191499064077345,32.72688878957817,130.63983632454605,0.8653694384648176,wheat,3.1485698410018257
783,1374.883530660027,51.85583760324925,45.87363195919106,53.27861001873591,380.2957133532897,9.187120246610341,rice,2.807361285877895
784,1574.0833789167816,103.16017610099044,17.257177854693875,35.62622250269487,264.1068065928654,6.288736798150827,cotton,0.9218708774049572
785,1006.467134768992,40.82779502539307,53.568954809432626,69.43024648641037,240.03239843857767,3.6491092949599646,cotton,1.4711117723364575
786,1527.0792451256682,23.751760404953142,18.677633469164643,28.535838157299363,146.83697744395576,8.793809975739011,wheat,2.0481800332876876
787,1422.856993753366,59.462180873032594,36.39778094578067,65.34460146067813,132.92625319058524,9.962018310691032,maize,3.7730588796893776
788,436.70233013749885,69.6008043427186,44.99688750818109,49.775626239139505,195.22388141650697,3.201335514499857,maize,2.4177342719426584
789,1991.4303751098403,108.05709363656537,30.46494303993505,78.95023583462951,316.37884073807305,2.0335019472428604,rice,4.230910209788054
790,1955.435459857341,95.84123739260757,28.714526087815734,59.78399235666738,315.46247768390486,5.073254275484126,wheat,2.5002924510056324
791,1047.591068772088,39.36048684999382,46.39196695536439,60.002144162931415,234.94357509481898,3.8164411570982355,maize,3.396320019106961
792,895.611870469562,113.53120137238967,56.322286043686994,36.99952289446334,139.02747075626746,4.365397659519137,wheat,1.8546975802344146
793,1381.3951384507543,59.74114349735851,23.12387931607687,71.19373682840984,340.00257894652265,3.4251695353422855,cotton,0.9676463538556233
794,439.5845100805843,88.86952821389009,50.77296196488715,75.50715032599435,290.68866850612017,7.246005877721876,soybean,1.2886781603057251
795,1185.6951411085374,103.0242461713224,10.602172295013965,47.34788725801041,164.66635674476947,7.312463859274086,maize,3.9808215239886637
796,1277.7468045733117,55.37052465508346,18.762632307477283,66.34009283530979,257.93086762368023,1.4017088642480395,maize,3.2538643869464776
797,1756.7537211500942,90.11748551094507,5.703629990890211,62.31928891264681,189.36784331535262,6.413022979115463,rice,4.0307067201598
798,1702.7848840219194,49.00073182006052,45.57315527485405,53.24243558677188,234.39616255176372,7.705361212612695,rice,3.362743770247556
799,1345.5400010654157,110.67162990982757,21.098134610210167,18.4443906717046,114.42375536436516,0.7309553432101648,rice,2.6962260520690036
800,630.0694680646372,52.77394928144784,37.93319670535581,20.491906681997442,286.25009114225315,5.660139473074707,wheat,1.6375352076097125
801,863.4036679790568,96.9956915048769,10.793645312977183,30.530902789365555,231.70544732738662,9.414083102007218,rice,2.648145217978244
802,936.8576734402224,90.62544173578368,36.840029298480566,42.69270986314383,340.8951008618152,8.616585913750834,soybean,1.268978203390771
803,547.1236838426719,64.241334160288,13.013076445954038,36.029062960089206,76.60255344480623,2.71193552523364,cotton,0.9997474140001157
804,948.606984617251,74.08998438128123,34.185954018753065,73.73472055130665,357.21919863174526,8.078752658075775,cotton,1.031478941209385
805,622.4092418277721,60.50327918359533,58.4638981110539,29.871803170480163,152.9675012238712,1.5062696842148902,rice,1.9543635922090006
806,926.1811030227211,73.29584710989788,43.283912242265224,30.982824264821627,159.1970315390485,7.4928336146998165,cotton,1.1859710301831183
807,611.1083488459865,25.651853748752508,18.49334703557942,30.526634121661054,317.06986725758725,6.001133509514716,wheat,2.592849047076367
808,1130.7050181471448,115.78520307410238,41.30120556993084,43.25080915785362,363.9073912649361,6.930083151905549,wheat,2.305376113358603
809,1479.6956351021838,32.17803137663256,29.69848068120541,19.463127131514398,311.7060557162351,8.000176863461636,rice,2.3537483894197977
810,1533.9255209721534,70.10364047425367,19.732753821821582,49.675507721899756,243.76637600815778,5.534114581404774,maize,3.583546147906757
811,1890.3829835677511,34.118097094702975,36.73359353938091,65.90162559857572,74.51001298910559,4.474846024623762,wheat,2.183493745991049
812,1640.1942729206405,65.69469022000126,32.20712710922092,50.51558013578471,115.06425619497905,5.892131624447354,rice,3.023557605663039
813,752.554544801422,58.91954263864323,12.977586893582275,17.019554435344418,391.8364901926807,7.02231321780944,maize,3.3842939158111713
814,1412.6219601140842,81.97147319166352,30.198546812665747,20.25680521307033,367.9354419895689,3.9930756844950284,cotton,1.4540783584977328
815,1753.8009068727474,118.34573540969532,44.465975814646825,50.71526666494388,95.24302849264615,7.182824501387178,cotton,1.057490398039885
816,963.5679740822657,23.806115215378366,46.358235903289525,70.75371367426459,212.4172634222554,4.509398928498675,rice,2.4270377113228876
817,1245.7968588514966,111.82855913143607,50.48464092484502,42.421215774890804,74.6759876868776,1.9550928350153491,wheat,2.427007213600559
818,526.9981585038779,81.1162319105946,55.051862244013186,49.257144990070536,168.90073385364033,9.097144746495086,rice,3.0952862489021062
819,1385.12999891871,109.78861941892531,20.51761337900263,24.93657191118433,154.04509426169813,9.45216132871853,cotton,1.5052519384189706
820,643.4307140752014,53.09750649694263,42.44717900186977,49.21823692140366,309.55923939806917,3.9625216915168453,cotton,1.0999710840459895
821,1725.7698055435599,40.05486237729862,44.297838159418596,21.11360737106439,120.7635006730675,2.2115489703138054,wheat,3.07390318892082
822,1265.491001561095,86.32697138618713,26.279237837703032,62.19974937453693,219.58399629968082,3.8304922285080893,wheat,2.4727379253161326
823,908.4350911909278,23.77627192271567,52.712250473963,30.002446425912165,194.55029588253512,3.703651684006773,maize,2.9110869857677435
824,988.5819359455888,95.12297947660157,52.28613431405204,72.58616353331182,173.78354764616972,4.025933880200764,rice,3.1372536405958478
825,522.8126397570239,38.671343291752336,30.35331276191253,22.712140118409824,124.15648115340441,2.7962516650621954,maize,2.505121407961946
826,465.2874737680369,103.44299624545194,9.595786525717537,68.6492246988968,323.1984645087973,4.45008367394524,maize,2.710606822969019
827,624.9095313336186,64.70352091723532,8.811560182932148,61.034648450098565,254.9140992474898,8.553586206934904,cotton,0.9466212671930085
828,582.9022259051046,89.17859195220382,55.16563319534534,24.640564214068423,114.09871559893217,6.037859674510063,wheat,1.4345107891522035
829,1815.7557528370896,64.50452362512848,9.565154784103209,11.234108413252981,282.71456229634873,2.356582846939216,cotton,1.5992427856653133
830,1236.2088513510994,72.39306332496713,36.85776948485697,55.547826845086746,389.1673381884866,6.348264796024043,maize,3.6005333150974552
831,896.1436510474679,115.41105186828749,21.529242642497017,28.91489113771049,85.67427379766866,3.0640282322957977,soybean,2.1172855455570145
832,858.1202808620279,96.90670618553645,33.08874111857013,70.48644555030768,99.19491598998381,5.37981901103655,wheat,2.539564910337174
833,470.7604916640971,78.95063886145705,5.235914697435391,67.15241989940245,389.79318854540657,4.3209874952767535,maize,3.2888949705779016
834,1370.36877841745,58.38330434418133,7.766545135951174,54.480595756716404,199.29231690347925,9.269094413379774,wheat,2.596706314348383
835,1632.276648676633,107.01568086204647,52.905805332124444,37.94026989886991,395.4076186299785,8.351398093203311,cotton,1.5512833433550806
836,1984.199057051395,95.70100180882912,17.120949591716716,41.286898792416835,176.46278626719317,5.922897941264179,wheat,2.9437774250391855
837,1219.688478986866,100.16356607421265,7.1036898130118775,50.33408453161946,387.85066580697213,2.831656983052823,rice,2.383794526841942
838,526.7833721315418,62.670807838566525,11.431744408050093,37.784772206143835,278.18148773854637,7.328667455926237,soybean,1.7216995891596336
839,1028.4155763847527,22.589272827782587,59.94751931646624,51.43248491333219,124.0523807356305,6.1511126182458815,wheat,2.545533484497142
840,1969.4649592590001,38.83149952768606,58.19341479571022,20.855706820642734,249.49691394898352,1.1032223536667296,rice,3.7407348383810266
841,784.2954298309236,28.410467728745374,37.936808415848034,58.63413463367673,222.18974864847445,9.592336919727696,rice,2.6637375017643476
842,701.5576046918565,75.92931478407027,15.179747283615816,66.2212720433429,315.2508191236446,7.078624949586279,rice,3.0169736831052307
843,1823.8208871361926,27.193849770503,18.351248692613396,22.731525480645914,72.96623825383264,3.671250143779275,wheat,2.65845748120324
844,1822.002025385287,11.462621729049227,19.274199073955238,45.319686237290625,143.9897506155364,9.670681671722281,soybean,1.9711455994173137
845,974.6321060073275,69.85233156214773,11.409421376620124,74.2357782551624,76.26440739237387,2.4124620225681808,rice,2.458137796716802
846,1936.6887123450297,83.17135789582238,15.1089909315963,43.34555796291661,260.6532060210071,2.2312158270343767,cotton,1.644008514806429
847,1536.852879675549,10.06473040092005,29.242581452264798,64.8681711222975,214.5721194660875,3.2480246906073376,rice,3.8270497532131715
848,1375.4270129920558,65.62893707892879,23.855000641774964,31.058136612541364,252.5811444035236,6.002546163982447,maize,2.6600183116935736
849,1466.0297470535938,108.01308277076116,55.06371833461127,77.72500241085277,76.71430160176237,0.9988881574411381,wheat,2.332910286996629
850,499.385876358618,114.07474398708757,10.59294965834399,69.83950853550323,348.82115304345047,1.2531227014147082,soybean,1.860051854351445
851,1878.7982915938628,106.37680097825925,39.56995630949765,43.513848253331616,301.20050993197384,4.098582643481798,wheat,2.675382695624334
852,899.602414480574,114.50547157088592,55.20759810416835,24.163389957611454,228.02707582502583,1.2813668493768602,rice,2.3914067207509184
853,1099.833121449787,37.231729094687125,44.064095874139234,43.13965105681196,268.90230945830353,3.950285057444013,cotton,1.0937126530598635
854,1252.3503303030182,39.34907328009084,32.3635836139225,26.734730557961313,374.87447182268414,3.508553183496793,cotton,1.1588376855625029
855,818.5274072714071,78.6211137485919,51.27873099892041,61.64118374695411,303.1116304553208,6.733566871014259,soybean,1.929454434031651
856,666.2680759663946,20.171907735109627,40.270028137032575,76.36237602757878,372.57112815869255,4.724595831167592,maize,2.900683143137998
857,1746.872121148739,32.69289602915032,7.730994082291476,16.27959534866031,70.53958880140195,2.053660565224768,rice,3.386707277806935
858,1597.1058960046216,81.79688072736293,39.78750248667146,59.04256736304007,106.7313289775619,9.632956934419353,rice,3.496549924850011
859,1873.3448375114465,45.82882562800556,50.28191816238213,55.63897528385143,221.51788622427173,8.32527891428053,soybean,1.9925866161610841
860,839.162686637556,111.86977192285626,55.4687498589934,50.24746218132694,268.6242644112513,1.853467120891207,rice,2.364463213129127
861,1945.4484088771478,86.80078455331876,31.610702632944474,58.818299432576104,309.11784022311747,5.266957054048534,maize,3.54871025964689
862,1631.539014638714,35.014782903868436,9.7977182293594,50.965260313758904,125.72249332504782,2.7715425049774574,wheat,2.5786547778210416
863,1624.7061810172422,47.03038136668242,57.23552793298773,56.440742528146714,358.0959030436467,4.2065849231087356,soybean,1.9954389508407429
864,1559.2839574666573,71.24404153098287,50.58633170673685,51.59470987612146,337.70530730734225,4.36892297852885,rice,2.792804468717134
865,541.3046299963596,104.92253977278466,15.049993261618596,36.389160995880204,300.2297085295172,7.056327118932426,rice,2.0649727206224964
866,1749.8340718624856,70.59040438107212,25.10032495915621,63.609991473695224,151.44558896529838,4.154733572999184,cotton,1.1250338885618387
867,745.7797680222945,115.74503792657669,24.060851328150687,49.770731871182065,87.39955842389057,1.1452563122467396,maize,2.4282939118551243
868,1100.8843788314712,99.62446664442552,13.319829233488177,30.67413126089947,170.85433499996356,6.815246348498229,cotton,1.1950674559664436
869,1292.2867447200338,18.179162155378293,54.012103256443616,64.56848170262427,337.27968523164213,4.071003210323585,soybean,2.151238349695971
870,1935.7109405745773,116.4392362215742,38.1588469982051,60.943494483847786,119.30156956508608,8.193300091238576,cotton,1.3070552205440475
871,402.03601253790885,104.01853323177903,53.337908140188674,21.26154781839555,268.04381330083163,4.376042232005098,rice,2.0857832385059267
872,557.9562750601594,41.62330487799131,31.437684262266217,74.84051483718174,100.54940619011413,7.093904672030529,maize,1.9763518849895225
873,1231.396179985902,18.47195644003034,12.666561624340329,10.25734878250851,112.73929737090722,4.763762562668624,soybean,1.8628007079532576
874,790.443869640917,74.05831953240549,6.16378112159875,39.086471732659874,379.147476299137,9.442038391343006,soybean,2.1610992191994542
875,1759.9893801803883,33.68167352227291,54.12170621390174,78.38518036949355,187.16497182418232,1.050036035068185,rice,3.1308912001660083
876,1602.985485827851,15.14718224071759,39.96377963159781,48.992054915499686,243.8330117953867,8.805544511767195,maize,3.578062290542297
877,1446.1238009492504,60.96219830781159,12.674576174383201,60.904814590780916,226.59670906498678,4.459966792537401,rice,3.81188279956154
878,1918.21948033013,88.12348355335475,35.20503071858887,76.3919623504189,342.9480214740974,4.277574679569051,cotton,0.7879949764226076
879,1769.209917603104,14.936171508811123,22.907281596079528,52.94144901894407,195.76102352924318,2.623750481194517,soybean,2.0344372090720038
880,1405.1180777543536,31.70718100707611,32.92559669236943,64.11852062475191,252.37947944268547,9.421262562423404,maize,4.242031365537248
881,557.1957740610999,108.12252287922838,42.352050797072366,30.31278946632929,217.68235029656591,7.439993320320446,wheat,2.803004581388956
882,621.7739579394267,117.07462126428511,35.76742818639819,60.94443507043635,220.05842448490168,3.6605024919169105,rice,2.432710376028314
883,1330.4511171514644,28.137220092818662,53.595308695085876,58.11818149863585,69.60521359605083,9.13749210139869,wheat,2.7581322198764986
884,483.14668420856094,37.59407298839356,46.260094000558794,14.765390927549127,323.39201816248533,2.8667048699097006,cotton,1.1410546165249955
885,1908.4021172681737,25.219089516339743,25.000082706650616,76.98666835931435,292.92982144115587,6.904371502961066,wheat,1.8287295107438246
886,1756.87069651918,41.564131398851025,13.4166445795829,23.10791665030774,312.6861910443652,1.0366405241274694,cotton,1.7996872390215701
887,873.913564869614,49.50944378598814,37.22946612732246,75.09566104479143,207.03731467106448,3.1545283938400304,rice,3.1946587820766106
888,1829.6356169430783,96.78051559248361,14.625529209274863,28.98277983166307,298.16143888990933,8.9691087028796,wheat,2.9220964281183806
889,1391.728296276988,70.12084799360579,24.53311319443544,34.93397547528815,147.18484679285456,3.259459211432645,wheat,2.528170799026227
890,1248.3216820611487,95.97029092282077,35.12493455347885,75.58304004421694,190.07909505971563,1.0594769058815303,maize,3.4414560295257615
891,1348.381941369303,30.089813815409112,58.269035091278035,75.53875827724792,169.6068748866843,9.944629854413932,soybean,1.9819531632432144
892,1964.8009437996009,117.06015966057237,19.85745679731824,73.0720403207998,387.48224310110544,3.334723531800475,rice,4.199329889760167
893,1219.2325919464179,72.76950424061249,39.784660777028975,55.873806754714884,161.85662933595717,2.766904047477068,maize,3.6955297195959242
894,430.60258272229055,14.26410717419876,14.856048431669786,39.80658838660351,186.7604719010784,5.435530967117142,soybean,1.655924245191173
895,1151.4460873883659,30.106704563232782,59.06740810831639,36.26469998546964,315.4012931554449,7.525071945932764,rice,3.1044466302793494
896,655.9702065088064,25.61763142732608,49.76912660380578,61.541471643809444,100.21524063851982,7.0781223590358415,soybean,1.4895462095516583
897,1790.1328588783792,48.82705139003521,58.911917263579106,75.69710097496187,153.89538626415947,9.126364779437774,wheat,2.110370295276056
898,1780.9781528197939,38.34800283636241,16.6011587558825,43.85487546936894,343.4867833456711,4.896458040067101,cotton,1.447392799759481
899,420.4297155463486,12.977884673920762,37.28649444117834,42.921730992959304,276.8567479358078,3.8179201242222867,rice,2.82716038510457
900,1456.1089023620477,19.7588229905688,43.52681862587423,56.07146642694239,305.44401441987503,3.277080754492277,wheat,2.7016232699979175
901,841.3616399138505,74.54161804160645,13.407399823099293,43.32313549015335,280.54775787598135,9.293031449071567,cotton,1.4936477215280073
902,1934.0756975637323,21.331147798024183,32.71473186476011,43.60918970356673,281.1898606207992,8.41008104890941,cotton,1.4222009506152602
903,690.6544662367926,37.270323599296326,32.46786735329921,56.936489487696406,106.24205600032666,2.7988773054687157,soybean,1.554544382212514
904,672.1921582044624,83.03669905003743,54.246315813399114,35.52780172779749,192.9873434139455,9.473978204441108,maize,1.6626229106468031
905,1682.8561402577348,17.263349414762445,54.510455558334094,12.918043532449097,257.6118866583274,8.681738748841388,wheat,2.1979192996881873
906,1954.4608119724155,109.41084633531719,59.76790929357973,52.97093174901786,365.3326106745052,3.4235972036463456,soybean,2.753722039993903
907,992.6942849371427,119.04770094160813,18.90251070824379,32.750399712249774,160.7545864352149,3.5860400953698086,rice,3.5024737401820603
908,1663.9833611276404,69.77602978184012,30.51434072380695,55.45452685292025,280.7145786344862,6.1566938080740226,cotton,1.3454362758861969
909,532.3797559423679,101.24904615957112,29.418880876523676,63.016071958709844,263.9105029875953,0.8033730263898151,soybean,1.949315491411753
910,1183.1012690356106,93.26299339176188,31.062297408820186,52.46473644110432,315.72747452841617,7.9211663915451735,rice,2.976774351127655
911,1623.351879160304,23.608686216971222,56.380524734207036,50.894603855946805,77.16558501877599,3.559893279174914,rice,2.6935148979603074
912,1412.7221086777283,76.21195068685249,48.1986537706579,11.298919073540024,68.62577877408705,9.176167831790732,maize,3.115854441758846
913,1404.2471370828139,85.42135193120893,7.107986140753688,38.883037999259514,93.07364563860689,7.858289338980528,maize,3.0314279993137023
914,1762.6363206221708,70.667193377053,6.54722667465185,42.95892198051529,371.1383866528854,2.2160946760492823,wheat,1.6036828575986402
915,483.90242144583124,64.31880539938615,59.96483898051245,52.13378518639251,344.2958694188927,8.186897219897162,soybean,1.460499513499701
916,564.2362878637691,20.52710250929809,48.94826983043668,28.99311265994138,380.6633477038756,6.160854432753844,cotton,0.8280898762769583
917,1556.5371168165002,29.939099306531016,24.359015776726086,62.51441807074283,137.074895110453,6.831827033108614,cotton,1.6458045732448956
918,941.48428163002,101.83011667537156,13.320162752212198,28.220837161739734,106.72151400864465,7.495985737170058,soybean,2.163321483021979
919,435.11232764259216,68.2592672673718,51.8592518872542,64.92431354832405,188.06557020849615,5.330521996527934,rice,2.6800205675105726
920,912.8799997002081,49.98559821416081,27.444348778060327,24.9553302005492,126.01503120985065,9.093237175939246,maize,3.074003041224131
921,1327.7954578331119,42.30654761120842,59.32663694834224,43.90577292358612,150.492078959915,0.6510845280400837,wheat,2.0389945368647635
922,1600.5151384160126,70.37661809957208,25.81138719516235,10.328066678849774,291.85334215872047,6.6241249694156945,wheat,2.4479077673278176
923,894.6468975017997,90.63546840649778,22.634255872341747,12.668488837417147,309.2898867505133,1.540304976362703,cotton,1.2928733141259012
924,778.4447767127488,17.04872806362513,33.84442768252421,35.26570851192773,329.53827607472226,1.6429651530094598,wheat,1.6373905090248946
925,1849.05125181059,94.58259111357505,43.616645285442374,43.97139095557381,216.8341953721911,4.147172708969055,soybean,2.5828488312674907
926,511.6486512836042,86.96129577808715,24.22393970277009,52.925751072257384,57.466608167791684,2.365784485429974,cotton,1.0230223712971216
927,1730.568220392195,20.17780478798445,30.382184313407425,32.60764496195059,301.82546733786467,3.0331267529303885,soybean,1.8774375900209421
928,461.6268768974974,70.81480796549948,29.78986238878509,66.82210116408001,365.7166621546354,2.658108785520671,cotton,1.1062172437257813
929,1928.013522083503,23.913179731616253,12.721026311158338,56.56281765929364,91.04030567376418,9.00832354429742,maize,4.311468578855442
930,1944.0617377813055,81.57229938175749,30.259304075810803,38.54905296272868,184.97521904141206,1.9709526486894078,maize,3.884797513777908
931,1505.5325289048244,90.54311614694244,23.76545162337352,13.512755042360872,337.0141767816558,3.848455305576024,rice,4.073936007272733
932,1956.5792137642172,23.495327651464365,59.738272200674395,33.523174932777394,284.03428165997366,5.275936898408162,cotton,1.6694774720401035
933,632.5763795469322,77.78633896468901,49.75807301108389,79.27106383316936,397.5354126229808,6.096835108811209,soybean,1.0642810664031364
934,1176.237376631688,29.612853254849103,15.880208914860752,21.221975748428946,244.84433552248333,9.126714380122719,maize,3.622084006955134
935,1814.4136902365676,84.15041076686664,7.682661378686515,41.28559025141746,397.367814377827,9.45234414127442,cotton,1.4035123789983373
936,1858.011013089541,116.57363428361383,11.888927895942492,19.347640710104532,286.80882059957446,2.2351143509553943,wheat,2.091948502829408
937,502.00121583465443,31.47140129269053,57.20458424259692,50.98548416508033,105.63097259976115,8.37152896253436,maize,2.7463174849025975
938,1841.2010833454215,59.057330488579176,16.82761489431519,76.9250388611182,189.21136413902684,9.69706976541514,rice,2.9730560593452786
939,1716.344432908086,65.13602666134703,36.006393748527614,74.61447152708708,384.0423698958299,8.774658455133103,wheat,1.825470868103206
940,1379.568517723337,32.42465271713655,57.415151491210715,33.69362973149756,241.8307803213129,5.611469767389473,cotton,1.000416947506824
941,1035.8250233292074,108.10119162907158,16.535971039241392,44.25530107139323,79.77699926284629,0.936123740680828,wheat,1.9752483873306548
942,1665.081619928444,20.05999453413908,37.93228247007579,12.971000283209497,323.0432709306832,8.090528285076985,soybean,1.8781823046804855
943,748.5836028105151,11.504459061483303,14.302742374199449,20.91322459426587,310.5307750813134,6.5540349967995635,wheat,2.7831954145818516
944,1656.7889021625463,106.06139931627982,7.09722920735608,69.06205766414867,68.2678694063423,6.608748376469649,maize,3.5294345865293986
945,553.316052152444,67.11572719433924,15.708791648916627,13.69964667840117,210.22463445854905,7.40725041108583,wheat,2.298321621082435
946,476.8876144993824,16.276180963181794,41.59645757930605,42.817231598963915,336.21543095215696,8.336294623402402,cotton,1.1711542302452065
947,1500.8371760440125,35.88658710964131,44.409083222254935,44.81598882580921,203.30898829216247,5.550458700775634,rice,3.1709830768863267
948,1658.7520968422764,14.09744982789243,46.13194667222472,33.02152415751067,77.39073140716381,2.294474738012693,maize,3.5424801982426333
949,1945.3384031626645,70.10885945341403,50.0839946489746,36.727225309554434,131.33934305504744,7.183884870853422,maize,3.7542632690700675
950,880.2074613975631,80.00222772611733,28.010276514809387,79.3770238053038,383.81976366602015,8.48091146677522,wheat,2.1745382908830537
951,1832.2641025968314,28.93808187361297,12.698804938840436,73.71965394048345,74.57319604905805,7.147034068499036,cotton,1.5776484282010053
952,471.2066189037298,68.08425464408501,51.65767400882017,40.11710107035914,302.7674091585069,5.039229408544401,maize,2.818712941260739
953,1510.6040767004222,26.964767639604677,50.423031464327224,26.445869238890598,77.60630148020144,6.460810190958985,wheat,2.1894627788134966
954,1639.4777935842606,56.31356925928664,12.043873763544623,53.033360981631375,271.8388003537059,5.227406365339228,wheat,1.6477043602923036
955,1015.9062412241807,62.19955471725416,53.131011811352074,61.72063242479271,181.23733203793077,3.7087495155624413,maize,3.1620389693117557
956,1060.2966339599534,111.37469654894845,23.339116664082777,40.380109103117604,210.92903606406358,2.2203087126858727,wheat,2.492553071178019
957,1254.993627321453,23.79500058324443,52.54532164363627,60.59120502282735,346.99025971608836,2.521971629785286,cotton,1.3457380174137668
958,515.8353865915491,30.431592207969313,48.103791577012224,66.11672553617468,181.13364998787873,1.5397250567777174,wheat,1.601889774486748
959,1814.266482653333,15.869488131304031,16.7898978490868,64.43261915312014,107.513365202008,6.761492064376833,cotton,1.6282661245688548
960,628.5282263107401,35.95080637152259,36.08354464225681,68.68008035345119,84.76398077835739,5.798982096274414,rice,2.4505655569203153
961,1630.390572416879,93.15830656166594,55.10751849450433,45.9247355432314,251.12330947611474,9.476759188752078,maize,3.920299839252674
962,1743.9321900511302,50.436460470652605,44.29838100621032,21.345501069929647,268.3399384939592,2.873411882498576,cotton,1.7470649680231334
963,1385.4077665564455,44.981369777431595,35.203070909554654,79.66032990510604,70.76749224886723,8.224405497352814,soybean,1.8445891985635376
964,1991.6883235471016,85.91732272348955,47.88143880461008,73.15544925961999,83.79687902372223,7.94917644903012,rice,2.2606135763822546
965,1452.875372946633,87.44042414189227,29.17373659628907,65.55079993816771,186.0436322666107,3.6110905642276077,maize,4.269354314955084
966,1865.7013873790315,96.75673147454621,40.58975408023016,18.988076196567935,355.35153626926575,0.7444009246118931,maize,3.279601121837166
967,1611.971725514082,66.98357534355425,23.10514817785276,48.54891920658564,220.96577001763362,5.193910033264618,cotton,1.2711857865191736
968,1764.996161694496,105.24476150137482,16.20059472900632,36.50682176762479,341.00829588185104,3.283913285394735,rice,2.9634730169452395
969,1071.469282181811,75.09767785617356,10.71881551316762,43.681447644406695,268.9048725262889,5.303268068860509,cotton,0.8696710391022608
970,1415.732775453344,83.83062326111063,49.18605018964907,51.896241251498196,363.07472553473934,2.936829310598602,maize,4.3760471407398605
971,992.3215449741026,118.74326137046855,8.72228246392136,28.748118984065275,61.43553448076206,0.5360021005681384,rice,2.6865159827736083
972,1525.661027833154,12.445821724578447,5.818324904986212,52.47358384756578,180.3527860265345,8.827804215706427,cotton,1.36401234396073
973,469.38189348110643,82.1066045427498,50.39863560949451,16.070750260617892,243.61469783668625,2.2846638312476615,wheat,1.0338332244208104
974,840.0386028595346,68.82778283672951,44.15790328409664,72.31361380976332,340.07212345214856,6.231055380996349,wheat,1.8324547308226802
975,1906.275362995369,27.064158824612047,35.580704764709914,60.71503924425498,94.64028001433202,5.8164506816591794,cotton,1.2168263093157623
976,1628.3304620118136,25.183795336865277,54.19526613931359,78.74930236664353,369.23373887561377,4.902099660181049,maize,2.8494811030343796
977,1055.68154969613,41.47777451454611,44.7882146674993,25.688678225855703,361.82110005157097,7.618571237987924,wheat,2.566072065111651
978,606.9248693062855,119.91970237967675,41.44260073173284,68.40441875958902,395.293259787162,4.045176761409008,cotton,1.048904119547135
979,1257.7380924394643,43.08288973410882,41.986563590876145,16.20327388277067,50.45911696478177,1.5670130619344627,wheat,2.622889609491871
980,1896.1417494866528,63.825743522401126,28.955828607141537,50.23486509734508,83.02291896416264,4.412622494963786,wheat,2.333728385525326
981,1438.9482503541908,104.37522252478593,13.59023135381951,77.10385481304574,256.4801632152747,7.5573882471807945,cotton,0.9806218687149407
982,557.8422615255549,21.345601469413495,45.78719682114052,40.75352977917897,337.0435460074207,3.5773815566085103,cotton,0.9206170754275504
983,1064.2624664943994,10.754404764165248,32.14277403866261,36.307206385503704,205.47543014403453,2.59527928872969,cotton,1.2792150540177278
984,881.9860076396926,19.663889349914825,35.87856554353114,11.2215889752493,120.23317367049572,4.832222988791436,soybean,1.5754382197956536
985,635.4126324122534,73.93251942289177,37.95606639944728,56.06929191455069,111.58816367269498,1.2778997277726343,cotton,0.3027033309175139
986,1889.883563670421,71.5336063365441,38.449091721726454,27.099909656942433,382.5992683624786,8.830114938374141,soybean,1.7338325631057032
987,1632.2926873471563,88.13076162672463,42.57179381666217,55.95937844730564,156.65127631713312,7.207188867661131,maize,3.4302895922409995
988,1755.7049468962846,45.750608440428216,28.760270207009928,27.8024900260524,87.80141965296609,5.2461907537687145,cotton,1.418630140324185
989,1217.519784559322,112.39357532312806,14.124288832603023,40.85368281230238,141.83334523946814,6.616952855382726,cotton,1.2244320549309566
990,934.6597675388122,80.27000054454608,8.122053229820782,37.79066914485967,205.36136422237192,1.4197555083488202,maize,4.268897898578577
991,1580.118782406144,76.12637626672337,51.02455703604481,25.59588060689832,358.81965625007393,3.813549095843761,soybean,2.000403066415949
992,1873.2367634793306,45.20404562706572,24.227032156943206,74.75729587863803,301.31459361770237,0.5677266613669173,cotton,1.0670694258202527
993,1551.1259658563874,76.12121644760397,57.835635215126366,63.77434337939066,220.73960695613533,1.8153385096746077,maize,3.9401255116373504
994,983.9964502699136,52.32154269476867,27.860695437132453,48.16353317071427,272.3262659302706,8.569971664951872,maize,2.4729254330297743
995,1030.2922739226851,40.476708930189304,46.12549712962364,28.093012016505234,256.9297831299183,1.4692256924611093,wheat,2.4663052846593927
996,1621.6605087667026,108.27226854623812,20.812406484475098,11.476902509970813,62.60469161309899,5.470294251260542,soybean,1.9831985488927923
997,1909.9877822362862,116.85895979792268,33.18636337241908,42.19305165082568,74.39497111375958,8.436151629011407,wheat,2.090654352316718
998,1967.5764029266243,80.01628691597278,8.334941734398656,17.099499098495734,387.39099423585895,1.523192148844919,soybean,1.280265122017671
999,970.0086726935126,15.618110786466252,54.0190335102933,10.688351765408182,214.23642608517693,0.6384447938724372,wheat,2.13060661478218
