sample_id,soil_moisture_pct,soil_nitrogen_kg_ha,soil_phosphorus_kg_ha,soil_potassium_kg_ha,soil_ph,soil_organic_matter_pct,soil_type
0,32.830474194531874,37.34763872508813,22.62709575862771,84.97604619499148,6.343093082240257,2.2901179492846766,silt
1,11.532136327364881,136.97268934618768,52.3125200943924,55.77765477152386,7.9922747189899574,4.172311533723423,clay
2,10.70103554059759,107.93674766343025,12.346888757634304,158.88271769216493,7.366094174239047,4.915052505448433,loam
3,39.37244038788605,74.12268209910627,40.24370041692392,128.5267000638055,7.248627754852896,2.072345517277789,clay
4,30.550006665582046,158.87756110439878,56.44670252717889,50.505230338149005,7.790234165480854,3.1593402834775737,clay
5,17.864683057126854,143.75897605110936,41.950638544184564,171.16506597110802,6.777878101981735,4.224779893753476,loam
6,36.31272951365155,168.10974402071008,13.848836817465907,286.69059050468627,7.277755185324776,3.4748626859580436,sandy
7,19.229226911743112,50.38155345310847,43.31598293458527,167.8316207384526,7.246462090916943,5.015354200727603,silt
8,24.69922684006938,166.02691209931464,55.07426984348037,120.41941973424301,6.222461261268495,5.314494797714865,clay
9,25.78609854503881,88.70574568756652,16.67067108303459,243.21043017761298,7.937044429400589,1.036410633694654,peat
10,43.43601027274332,61.99400310108986,27.39880936796497,138.915862452102,5.640251058511565,3.9903201594267164,sandy
11,41.21655842140649,43.79716061030528,9.799235197828704,135.4137919498744,6.0706820419447745,2.3250392880391244,sandy
12,19.752155893163025,27.692006473818598,20.274322201903978,157.2062383973788,6.733819660667452,3.270642956558522,clay
13,19.748700422278148,149.00702548853573,18.98588295289217,293.310139371998,7.181882115300484,3.1550054669392136,silt
14,24.769985119654198,162.53712706491308,54.74594072059974,101.53641732645536,6.64064892806947,1.607044668509682,silt
15,10.142720374509604,85.33722851217465,26.407866993177834,91.486515673927,7.514233775947304,1.225309372173457,clay
16,20.812331871079415,162.02433582090276,15.113887480592853,287.3863553607031,7.12654699175218,1.0894547300896968,silt
17,43.31139057622651,121.73304497680023,14.077113942586063,101.96853222205337,5.645309498668416,2.7505992639947654,silt
18,39.33716723939678,127.05058707149051,37.4257036136121,51.55968475761037,5.610634069390818,4.497584236779593,sandy
19,28.72948899841614,88.63278672877641,20.29037619543585,196.26734705277931,6.914143975916119,4.414716393024979,clay
20,26.992099108512065,143.09202965530739,37.80303430829749,142.1314065563639,7.270160753256125,4.808748411740936,peat
21,43.079433805277596,56.36892154333536,25.263749613592676,200.9985606522407,7.582024316672204,3.3553378571228665,sandy
22,30.761096561245733,120.05832806585039,58.805355942468,299.4429084341583,6.006119843701741,4.0552800340873105,clay
23,43.000377149904864,20.96879819490951,40.872547712171134,75.26468741498564,5.919260945407871,1.7674671981787309,loam
24,44.92586104959422,78.08824285378138,32.33153759310892,199.9281823858676,6.466967070905541,3.06375640327118,sandy
25,11.181762901049368,47.255169054339405,40.81401827668968,180.59001315070216,6.8033307352091725,3.811947685201932,clay
26,14.14962107323214,165.5912465373076,17.78528444251082,138.9573049069549,6.741782369237733,3.472909614186084,peat
27,36.641959329189646,157.88138338353446,40.547256080466234,67.0780636609118,6.687409409917557,1.7019483516854699,clay
28,14.414811414765712,103.20552166147255,36.675812237652096,164.82305728221706,7.583373730795074,4.9002213847379394,silt
29,21.964499929149774,106.5911192670479,44.784256257813546,69.92134668217483,7.564393948406841,3.1723306414462806,peat
30,20.500675142876517,179.5888466123551,18.297045131318264,64.91372149988776,5.57605767591484,5.105165544489457,loam
31,29.286578170640304,20.901322813048058,21.550691866151045,132.56804064322284,5.512448470372897,3.83207692127863,clay
32,11.771691680445288,89.74040334858688,9.798460886080665,251.16944232598843,6.705712050059655,3.2673861897014653,loam
33,25.783963276463815,162.96165928357328,36.42546986003566,258.82670129045886,7.430971719470245,3.086137534648403,loam
34,29.439579675646275,163.88871427122768,19.794408337459707,115.47011089034265,5.754034084132683,2.7298956440669393,sandy
35,14.170968351265055,63.34937579675022,14.674056841340807,292.2730585536833,7.084591496034937,4.7096010911839254,clay
36,21.94987801078534,134.4174833590227,48.15711290910969,125.69781245022247,7.232367436965344,3.8181710456467863,peat
37,27.659311220360163,122.72345075507097,26.74952328063503,250.59004474784754,7.233245223215821,4.571649691332386,loam
38,20.638778870033594,115.3389876545272,31.01196716281204,234.27824836061157,7.540615144415538,3.9430304831481364,loam
39,24.624271730359485,90.92320348152917,18.22592357317727,208.13061828816217,5.903273487757137,1.8931202479712452,sandy
40,24.50963505761395,56.10178160972044,26.26656024260867,162.49585523348145,7.584247020521957,1.3357191963007415,peat
41,13.265984475489914,134.630210440171,51.011350665634055,190.99986386196238,7.2589175694581325,1.4767096750962672,silt
42,30.579874020626136,105.81203084337352,51.44323894099149,89.82396310618483,7.753077995663684,3.076033726838248,peat
43,12.591955155033698,22.99552893886487,21.71713765871493,74.88949598575041,5.9574239057134895,3.8364578789851587,loam
44,30.318180116229815,126.91468975321257,56.33184232502219,123.95917735911095,7.0307900110710815,3.9400127938623895,clay
45,12.900503058501902,48.49713804327276,47.12150700351544,262.2637292605341,6.446057439851111,2.0033311509462948,sandy
46,28.869333617935926,81.3712623290349,8.860157417105476,276.9167859703606,6.572335456127591,1.6072214610380628,peat
47,39.77691440252049,45.932442299860234,22.361508703648393,143.7408582093904,7.968931964109103,4.177944003064794,loam
48,20.10786911090687,148.23101268472706,55.36641344731622,254.40342692490054,6.022253428688337,1.3298410459262593,clay
49,12.896069984095128,63.35584692775878,18.405484779026565,181.74745462951375,7.936193815554597,2.7791117073472815,peat
50,21.21680322827633,65.39030387798711,25.43576057274999,87.5985827867798,5.855006610865348,2.4664717935410496,clay
51,24.857471772058766,44.86760724753356,49.70445451096586,123.31864584573353,5.871606736021261,4.700663904397412,peat
52,31.425796235542897,96.73641085471117,28.696291918002277,162.19889596982907,6.967174404911922,1.414235271481552,clay
53,15.30361406398878,52.034071519406396,50.291167452332616,96.86683997054178,6.590328788037555,3.2676059175397265,silt
54,10.13864773032666,123.25912475719466,51.363837220034355,207.4766442437766,7.611963467549366,2.408207870755561,sandy
55,39.5078809699382,94.07166063547766,57.87383414690481,293.5203566715911,6.84665273317914,3.484814815508073,sandy
56,25.928126128424857,112.2676225256767,30.048172123181697,185.56571402883236,7.785158746425165,2.307166908835911,sandy
57,30.07707130874243,174.58681080642847,35.89987306739346,191.75888116112264,6.6623679133978095,2.013478054506665,sandy
58,38.04648570697581,131.2529802920713,19.936349494696643,98.03078089733509,7.652076839942786,4.220461957419353,clay
59,36.713646327381014,108.82297387587505,46.252006795243666,265.05664520360335,7.602167745002637,4.722693375006156,silt
60,40.167692280246555,152.48593808414066,48.88001686731039,111.7618462245691,6.450118037084891,1.4983630149284244,sandy
61,21.268286283473863,32.92127142481345,16.942651966188286,221.8565599934763,7.664440521465476,4.997158888479161,peat
62,16.78280937037711,65.78672813112972,8.237430821051447,75.194935651351,7.235832666815853,3.1861993856320376,loam
63,10.444625377512104,174.94507802505586,42.82279437384661,269.16842203063715,5.526385816848881,1.1133672979560567,clay
64,23.86199679219647,62.850129026351915,16.8471773489252,157.290466766907,6.7618074854704835,2.3362323697995864,sandy
65,31.227679849392665,69.72878539591807,37.09232419649974,79.7030980505915,5.534754221372404,1.362311357111318,silt
66,29.82811709321122,42.91179305295856,20.17228461588275,128.48419138215928,5.642035813352009,3.920346686888738,clay
67,40.75856767315989,45.972045707348066,30.903477437134676,270.3447398987132,6.328582483102795,3.5043487073205357,silt
68,38.97224130724669,37.651145657241045,34.22081519659857,268.68821115783834,5.937399152276627,3.1328537562652796,sandy
69,27.378735132352826,159.80362753456677,32.08612003593744,254.09168538390892,6.8960089792433745,5.024497598190056,sandy
70,14.294185991395256,118.70958336899305,34.172025782948516,236.355810246855,7.747231244220009,3.476865102534893,sandy
71,27.520181063528394,174.70827076603888,25.536046674803604,114.17868807150067,5.8457820035709185,4.244715315734618,loam
72,42.182013118488875,82.61510577342838,12.93173327817382,142.17848684405254,6.843267723395771,2.0029133750850727,silt
73,40.829953387766665,166.46740635901114,51.43844201401533,276.8619411343697,6.684126091209459,2.1558500615189993,clay
74,33.5926457657239,93.04485680433011,52.03951281600464,267.7951183271568,5.674001719346962,1.652436905875752,peat
75,33.061700891951126,56.14157536096242,59.80267605833431,149.52062178035933,7.148561989249876,5.390359920617284,sandy
76,39.01612415726498,142.13512525247768,8.314810325488567,212.17109045006296,6.92813239921319,5.19903712787514,sandy
77,34.04634437361715,107.71101150742822,49.825388926073764,139.94775601964096,7.279581281826881,2.850523525878743,peat
78,31.8467497847639,173.02204252184166,15.881804049958046,54.52028100679006,6.222832529744372,4.416256536015727,sandy
79,24.061655652662385,95.58881793079254,33.776218211968995,279.45901865932905,6.23876059946194,4.525961245717783,sandy
80,23.982736689742538,41.022128016941565,5.3992000309854795,72.12599800364454,6.6435160442398535,2.8171732390854203,loam
81,27.022023827276104,32.95584986728674,13.229892256998186,191.7537912333709,6.747945022050205,3.0786368579696273,peat
82,40.860546463132124,38.482510802787786,18.41504506620072,175.5451905234471,7.156648306088432,5.264894067463527,peat
83,32.45343935865721,120.73441271802065,13.65310507254561,77.56029481617567,7.01588841560914,3.950049714327161,peat
84,38.89127291348876,133.540741519174,38.40299544216765,63.73215819449519,6.272692093157374,3.5165351481546274,sandy
85,27.59383143206594,163.38331073677926,19.36751696654959,62.19597813671963,7.201199167110425,1.250486623650934,sandy
86,28.776290151949887,126.6329624597073,14.7572050368644,155.06199278240848,6.700727949439373,1.8220736874348533,sandy
87,34.45775344245403,105.90728114128254,11.256295817189448,150.6275828852988,5.678645001771041,3.133413495269103,loam
88,34.310169733260096,152.67502740016073,38.5494865949338,193.17018483145543,6.942600665274524,2.0322921319452067,loam
89,17.681570997840815,66.92748467210562,28.484869172395335,95.5637046326288,6.896925406062895,4.1314129620505735,peat
90,42.4427157570946,130.3161213363742,34.72623776681684,168.7728273894154,6.838262854948633,4.313702537330336,clay
91,17.863578905667435,31.836852180046016,17.963831481088814,228.04609719493487,6.074563467572058,3.9434866371034123,peat
92,33.03610011528428,88.03587174148112,50.42314217180979,131.3457201098721,5.557265638552947,3.777551688438297,peat
93,22.682427111393217,147.0115264518073,15.930659206117173,141.16223265791132,5.758059762493778,2.6810263603497884,clay
94,19.85254617982068,24.789682318687714,38.789825440421744,250.743391934569,6.165532365773589,1.536467442448886,loam
95,44.76290978290661,145.79082510950872,56.047448989033455,96.7127447412272,7.841088654459117,4.078943939778328,loam
96,33.783579863256534,139.50641586231177,45.50464206682357,214.2904686643112,7.408632544102375,4.061955962821444,peat
97,19.917575492159454,170.530622649521,53.1336334255868,73.84047348744359,5.881210598299245,2.0141084097844133,clay
98,35.45161578735822,165.036071711051,51.32307329759192,115.78642736682013,7.431424309378578,4.970273089639192,loam
99,36.342786533708534,31.535970528327653,16.223688607346432,258.1715445413755,5.872050377481001,5.196946634859322,sandy
100,22.700397733886042,101.01190060999431,5.184488672518201,219.02998742118467,5.9863817983662155,5.1895213174927175,sandy
101,42.66076324569147,51.91211462463011,27.957742370749752,96.29104223003185,6.098689105833801,3.2758628159172156,silt
102,43.93197958654491,155.83237761275325,43.69430194878101,147.58787756885272,6.69569583930971,4.122748784364911,loam
103,19.289787374827625,175.76947872528405,12.907024318326787,292.5241391917598,6.492838919529784,2.11167396114277,peat
104,35.57410513165731,72.76962854389497,24.69617414822686,278.67424935365005,5.78312546130436,3.0447225072719624,sandy
105,17.06651419002331,74.63713330332608,21.06110830980109,240.10297180007055,7.157194065211729,3.750766333123026,clay
106,17.644672577890105,138.64974045634594,10.89721636338086,265.7420414653151,5.8391477223124095,3.9325451042679855,silt
107,37.042572755332216,73.95040811910775,5.64154525036324,62.4247295443069,6.032594383037715,1.2374350865753097,loam
108,43.08255168913752,26.756386981418387,55.28982986069713,198.72398398087984,6.3119348023364825,3.538865224979403,clay
109,27.35897640399118,40.347087904760244,58.07330383652051,78.41856970833156,6.161317016491955,4.330262932888532,silt
110,20.991095352881526,108.84865864248908,54.72000507689164,79.00619292606788,7.8768873576526826,1.6606867111910697,sandy
111,19.88074144124528,75.0031823723483,57.56483836003806,151.0512986727225,6.109594250478116,4.584974541766538,loam
112,25.882734876259434,88.06207179533706,52.381661916826815,137.65403381043168,6.327015786413625,2.6485692977077893,sandy
113,32.40982321628103,161.77146522818387,5.959069345711204,74.40606635294596,5.806106641138288,5.436782959110369,loam
114,42.16463494702825,29.33122284218724,23.855176031161367,78.9540815190937,7.860147522965526,4.585142515163058,peat
115,36.1631681141385,52.40180271132566,20.153456423901915,228.53484323852146,5.906144076959489,3.870142826360546,clay
116,40.784620541299304,139.44015259177917,55.95200229302808,270.6801729289817,7.084885513581565,3.2264313662946456,peat
117,36.5592352163797,139.67256609678245,32.998102751088595,178.10822489326748,7.321963444727177,4.146822311642028,clay
118,25.063733096180286,125.4772489665511,40.71173594340079,109.2248739586545,5.6972565877265495,2.990496198609393,sandy
119,43.37085574827711,127.5423531593154,24.72567487129008,181.82235851423488,7.220562732176905,3.981954369643158,sandy
120,31.24589189871341,45.34915095745358,56.12685698913359,261.4234896696079,6.854244475153563,4.201504670827543,loam
121,25.862106046781058,172.47198522233955,58.422988686107885,286.2434979620829,7.317722533197257,3.962601118119231,loam
122,33.75091807718036,133.98903955306594,37.799230408389306,65.23622699108194,7.315598354295877,3.2774652335030012,loam
123,36.3707590780827,26.972877214689728,21.283727312247535,149.78967058207184,6.669292202713033,4.174797178051198,silt
124,29.997089912363368,177.18806616722907,18.430414321377494,77.54460345877355,7.552072092600366,4.122724189414923,sandy
125,26.91723674876197,91.57446411333513,19.549435085478045,156.8365102932048,5.804152748619778,2.2059112347920182,peat
126,41.98593255052077,114.75245881107215,56.561868058922705,179.8217834061333,7.595097451903321,3.635303860527747,loam
127,27.77680817859944,72.931006682744,17.683776604259805,251.48473333501772,7.139292272157946,3.6291587636720144,peat
128,28.83177206341162,37.238999399337786,52.962157608773104,90.14869418437232,6.772648821572566,1.1163129002076841,clay
129,42.782465777595235,50.069682066007566,14.31540275813547,177.19585434850052,5.8887332857439745,4.842850281031723,peat
130,43.64021055055118,109.82442893947064,37.37884175888395,168.96725567000937,6.794285308260035,3.0640249308973297,clay
131,32.81330127553802,128.79474083732634,33.86395165226617,250.63302764265063,6.061026109598711,3.874144547951579,sandy
132,24.98739742736729,143.70707214504154,34.83105401490842,295.3111614327282,7.520234899947432,2.1051454385110127,peat
133,15.064941873427802,88.58719602699492,39.182955068037124,118.92872672502986,6.770174681133614,2.2136802217989917,sandy
134,13.482333567632345,142.45418317750904,52.84201249849984,120.00709656625916,7.219468831271744,4.005508042647782,peat
135,20.653466227265028,82.66579570997453,33.795893451481135,125.91414962471332,7.853535999554003,4.728021196965161,loam
136,10.348695979766037,47.19851128358789,39.902666774185576,137.33567320011133,7.791710794149877,1.6904213322453423,clay
137,39.684821953141764,89.45076391144325,31.669335975067227,136.27617176406008,7.115135141139946,4.485705576832572,clay
138,17.829696500671112,154.56281793071634,53.17370557162724,116.68425416123277,7.544024307210822,4.138917118523741,clay
139,15.57987113586514,63.833491887067396,30.53275351570898,126.11634609875783,6.702412011490471,1.958208250163338,clay
140,27.220491311398174,25.641058013594424,52.14922850897172,244.25354881665857,6.813349660168201,5.497228585162205,loam
141,32.373177666615234,129.8514983079524,41.61397658652956,143.09861364210911,7.847712051803496,2.3519051725834155,peat
142,11.411926911743729,177.59063458297686,28.101249384184186,84.87566740041868,5.57511977137825,5.491331718830752,peat
143,14.458764014171173,175.57645275621718,30.92055940338372,84.03641353814436,6.42857561008101,2.1744858068321604,clay
144,43.593404200372674,167.75603706018308,6.939869508204559,90.9670271286393,6.594003310416751,5.37969243791969,clay
145,31.351621310218604,23.375991299292167,22.683457518407838,253.72058871135062,5.863396383875205,5.379235060493934,silt
146,42.653335834617934,39.188427529493964,28.317897530934054,95.31882856832064,6.078927561196992,2.275943548181777,silt
147,17.380879773606758,133.6816814853695,37.669885598237705,228.66439222171013,7.075355073898491,4.589131869187909,sandy
148,38.01151634673797,172.8752716881812,5.132504040115194,172.1835946097533,7.795068314129664,2.908894168110738,loam
149,15.121312418151296,70.84215680908062,48.17914219152815,75.28226389184712,6.8095504162989515,5.259451136659192,silt
150,31.731057723666044,56.51699193003614,22.715101420671644,205.1273039856353,6.394901975560084,4.221539364085814,sandy
151,38.15038772298789,93.53769148155345,10.504994675802507,173.9817191400603,5.584953535616959,3.5147918293825255,loam
152,15.88071551565113,167.36707848091152,34.91521473574977,212.5639995587827,7.8944858132748745,3.810728334922645,peat
153,13.191985016435801,160.53512962876817,13.070435384645833,159.7306842530155,7.908120899383926,2.143175334453896,loam
154,32.626766395455036,98.57416349354568,44.279662913331336,281.3135943081369,5.550092077367854,4.942128183752071,loam
155,26.766505172907692,71.17528814633303,18.162304774871366,285.0354047274049,6.689647623628529,3.374969645878222,silt
156,28.83149071889002,109.5962480346438,42.955858177410505,237.0264978265753,7.781153431817405,5.462916102105735,loam
157,34.28854212742231,98.39151636291946,59.84637314178559,198.86047142746153,7.972161619153556,3.2786315502950925,peat
158,39.64891518169331,137.15584602750238,32.372776483851965,133.6649146240348,7.466904303747814,2.257714260808454,sandy
159,32.295428846901636,86.69263489276965,5.643243649204007,249.75462895774706,5.65846765570563,3.8275121381781783,sandy
160,39.08539808944593,126.90101913344286,14.125841901966814,104.31873146756806,6.83335820304395,3.7431174713852196,loam
161,44.08111535178217,31.530904646536637,22.97161049116885,99.15760851655091,7.12344124463875,3.8414686578776784,silt
162,44.613279636579335,32.57383941404542,33.47345594386675,120.03216379806612,5.9258308593756714,4.634377721036268,peat
163,23.744255412687103,127.29342190762794,46.53710310069302,110.00639172514707,5.544577406816949,2.9058014396878233,loam
164,18.462255676410997,33.00644976153407,34.25179876167063,148.33668558471305,7.325962079484232,5.385864333084085,peat
165,40.196772091475296,61.786844314209134,48.373817247591134,77.99636464655205,5.7700011074321935,3.6107372881947737,silt
166,21.562889357344375,166.47852863737063,15.589586648888833,179.64004090412917,6.583318515765049,4.076609766337656,clay
167,38.21847427518531,139.2668028042602,18.655113487104607,257.8697810132161,7.29987901705308,3.0998253938217792,loam
168,17.057960217301613,141.16057368674774,18.965119749851613,106.84650234479807,7.782670574888611,2.5936975740444543,clay
169,16.121231521444642,42.9359915456112,25.50990889802708,137.2087091037448,7.089842399700183,1.6351331214818836,peat
170,25.185140973914223,122.86429309249094,36.590788050289504,296.17441297438313,6.221948145404951,1.6849955039518143,sandy
171,23.712598318725252,105.88944441780028,19.429550683193114,192.4031893165078,6.79803859741798,2.3087181425388112,loam
172,12.855081321359808,35.94648007442977,51.46478643228783,171.65369819183266,6.643101250874944,3.344552335981733,silt
173,43.54980743075452,135.0371471299971,8.039566307289283,153.35082522139953,5.5635288659365205,1.8921662476769652,sandy
174,21.34614652156805,164.47025754837964,17.28271836932805,169.4850570666411,7.782285510182937,4.0077970680357335,clay
175,14.050444682599743,52.54660205990689,42.06656638656694,281.32759442086433,7.11010774536102,4.016644814846975,clay
176,18.6426970810795,101.47776782134981,9.523675252097433,96.61580752793625,5.992721594193705,1.2568948055826952,silt
177,12.558988847166471,171.83849540118112,36.56009989017513,196.99604655797089,5.868391722189367,4.54563446699394,silt
178,29.636517844295735,46.963634595659194,52.6719091334433,231.2967984478382,7.047487190882375,2.29509673642777,silt
179,37.78763837165346,122.6378255571879,28.805360823522264,225.1451481450622,5.863063565863655,5.3843765751010215,sandy
180,33.45237251037692,170.02925438433377,25.09831797621794,90.7400901235507,7.811766643310155,5.489327918903709,loam
181,23.974984456077294,86.66639431638536,41.82769320794724,232.6901520674265,5.537136174889716,1.0645943399176652,sandy
182,37.46635979580415,179.61503931717,52.87025800155989,290.69093006808214,7.786196231290637,4.0317883168143105,sandy
183,24.699668379000073,167.77121337794654,5.78412135354689,172.9557238884155,7.970751781843462,4.125063056021155,silt
184,10.242369663001273,105.6293307005974,20.743161115700364,148.9234250949832,7.473147000149247,1.4716021379189403,loam
185,24.263336333422146,37.11222920111332,6.410290876741082,296.70674475528557,5.500798338309382,1.0899766437829896,clay
186,14.054176302410362,43.68282497342827,12.599645962688236,237.52866024632814,5.695945561379786,2.9298432634134146,loam
187,15.163329380388738,155.95850426223708,32.327542145132355,246.2752592114505,6.571449017818931,3.7337292052405155,loam
188,14.963427979882248,76.1759580457403,42.319960876713296,88.77745041632946,7.3596360989244785,3.958379482438213,loam
189,20.473688614763383,32.172071116294504,18.33463832507584,101.60844134810708,6.0597468408078505,2.834758810479868,sandy
190,21.555402687057082,147.49096065764144,57.04948186209864,270.7105817968908,7.414931246489184,1.5840552327429902,clay
191,30.32214377834042,26.003723843446362,35.902289048089564,132.84384322658883,6.831993972601425,1.7738832078478053,silt
192,42.69228688987527,38.372277196996066,17.220495215380062,151.8291187197829,7.240895739128368,5.0294600516053105,clay
193,30.569724462200348,111.01794813542524,52.37552011190132,85.95451763016524,7.65624905565644,4.794588424461902,clay
194,39.52284325202582,110.6790783795522,34.893846830855935,149.30389088322735,7.465043675751948,1.2362529320395645,sandy
195,44.24983106429414,139.4911165198178,36.03634433600893,145.1320919773256,7.4644961476254785,5.04553152213183,silt
196,28.439424845892344,132.69795252702792,12.948214686163315,55.18337214852191,6.094514304491093,1.0752700569520934,clay
197,13.583594108454772,79.13863851300847,54.98394870220626,183.49247552455316,7.15173181275318,4.923613412261339,loam
198,11.711618853859251,43.655432778920286,55.29872217427498,284.3344444380209,7.870955988590206,4.778282444692614,loam
199,39.50515374255852,143.7974339679522,55.098085396153195,146.88504668267208,5.684730760770711,2.870316346998117,sandy
200,32.15849901099784,168.77261315682097,35.209148364742,192.02435294521203,5.699016437034435,3.9435707553006085,sandy
201,27.283569486387357,169.04287145021934,50.09692088079465,210.12859184726076,7.218622075775563,2.515603852106906,sandy
202,35.54333122780304,28.186330552496184,12.888507967469796,111.31717449224588,7.568564862587093,1.091123925457538,clay
203,10.11025534678685,134.93574321811838,12.979419261312486,51.419173453031355,5.947076518817535,3.601468169765369,peat
204,39.897021095080085,78.77733847402646,42.32481914357628,254.29035033911833,7.956437752687272,4.827724877678772,peat
205,35.228804594133834,124.22150659027946,47.99402713478861,234.88783146442546,7.95860676611923,2.457447461043957,sandy
206,28.89433414089171,168.59096267851814,57.21675530388509,209.19000834464805,5.819839292421667,4.053590047619381,sandy
207,33.854634741004546,103.637777583017,27.514020377076463,280.0617511178024,6.188670726010974,5.1639855503727565,loam
208,30.77377735427904,164.0709255262391,9.070384242267146,240.55708526327365,6.148063794152396,4.9562029082997,peat
209,25.60447959614188,135.4725086264453,26.7068740547579,127.38643963658778,6.623678937803231,4.642789799470899,clay
210,27.458167478314138,132.64985129218164,17.28742995649658,112.2877712251449,6.403226873011946,2.2477196019895076,loam
211,10.225102573226472,124.99045880102628,41.33581348675575,192.86118863728439,7.511371808309347,1.920371753118785,loam
212,32.93388837495762,166.55954018075076,40.59383739838009,51.375265998575095,7.12315557718401,2.6464265940251064,loam
213,44.408659876826526,20.924169067465836,6.418494516895028,108.2683406018505,5.782187772984233,2.1659769505707755,loam
214,25.23154300855751,95.35210519767297,41.43311039374173,70.82731528556228,7.541811345750795,2.979214458885859,silt
215,14.439141408948263,128.12914148191464,46.00010868239338,231.30065861317888,6.127203089365493,4.007792735121306,peat
216,32.293304980882276,48.84952333771526,42.72989095632727,286.3171936967945,6.803028267943905,3.867716711789295,clay
217,25.50110792573728,29.80892637647381,59.92846625872409,107.08521874800667,7.394404482893039,5.458341368403352,loam
218,15.780895922575677,150.4654325311248,30.55245331016037,228.68384897170344,7.428991377671194,1.1460958765077032,peat
219,26.449707600996227,165.24316290009946,50.210101839748745,121.65351580462485,6.244961664923903,3.747865961359431,peat
220,15.09628984950129,52.051522164953056,26.118956484614277,96.45220905098412,5.977323957378282,1.3579739536962039,sandy
221,38.67819289572207,149.4558566267941,47.975712600992004,135.0001785270367,7.036702720025414,3.8879627247259143,loam
222,26.92106238475701,155.77121515861367,48.36202544422481,56.423044854192455,5.769459437165647,5.324568038009301,silt
223,36.34615238465405,95.42603984564286,46.356786112967455,245.27523790468808,6.659127253863929,1.3844774366192012,silt
224,14.170325334718026,109.83849004476902,25.58105160753263,205.80657549276657,5.813290408289437,4.146933024086717,silt
225,12.94368572889556,31.90722708568673,21.26207882699462,190.1236752531537,5.603281107372482,1.6608626038142147,clay
226,39.731655619743364,61.58189339671221,24.26414466376124,259.41012608087635,6.803500969286587,5.3414246904824365,clay
227,25.225009017698746,178.3382457410442,8.6149705440211,135.67094482501352,7.206160856580789,1.175225606295822,silt
228,37.14217160255848,69.73549555346877,40.10831427614813,248.212853081547,7.748368585858387,3.5832263892799903,sandy
229,13.459987836512148,44.00811641042041,20.237134111954937,235.70735011325954,6.850701879459242,5.49070612779404,peat
230,18.287501167668093,47.800796275193974,45.9106885486769,183.76404352283419,5.500868111673944,4.9950881693036955,loam
231,41.86662814149595,30.85244467653874,43.69610351763825,173.8409676872584,7.947856721390918,1.237969243716322,loam
232,14.069574092920963,134.23609476812493,5.401221819782995,189.66624513738654,7.6735922804821595,3.293562200155806,sandy
233,28.817419552752703,29.25663961490052,50.10524512596884,215.0101738028181,7.3875338668272645,5.208474236788166,sandy
234,19.718527686597373,105.81859103423297,56.72845181804788,63.24861281406933,6.64552606956189,3.969922786810847,silt
235,20.532907637962005,111.83794074160689,20.380731040083983,108.08769878250445,6.057822752559362,3.0752488151561246,silt
236,11.741961563736233,121.82959933500543,49.062872970360296,264.70896168844035,5.709867579190505,3.797641105257603,clay
237,33.806912121663984,145.5256380853525,25.708757895635944,227.7312360194718,7.520482234954442,2.718328196407522,peat
238,11.686701143530643,54.485353753853346,51.30384958908625,282.35717103812567,6.187501083282026,3.3523016289792062,clay
239,21.75414176665879,72.14417976784185,25.149916329334648,287.88824470889,7.251919373425842,5.36342342319313,loam
240,28.72116306719492,129.39790230667455,39.14671075778709,67.2803520880051,7.7500617857283505,5.408971221465889,silt
241,44.039220890209556,115.23032042863191,16.825010850590573,77.87419270167268,6.788127858600013,2.316621806842005,silt
242,39.82994904584457,69.5733764904266,15.024199657798166,180.04366791963074,5.982337954443874,2.853676571297116,sandy
243,27.035209886538937,37.724208014094565,33.15431418669583,192.0889065640359,7.528436489908291,3.5077413194675304,loam
244,38.48731121260852,178.1140183313497,52.08471164522701,131.9882337133984,6.2529543556498,5.462883552827994,silt
245,22.18261101081361,43.84969061686847,25.81197310564948,228.61397942512343,7.8680082055799625,1.9303533793007526,loam
246,11.167342895742122,51.92686071885966,59.391972399801475,200.02785418910224,6.054360475099396,5.130528748103716,loam
247,17.24370705588704,115.25852016537739,12.875085186662083,95.3643808836135,6.720058885485296,5.272180715673264,silt
248,11.980500503136692,84.63534967571333,51.32476641130057,95.44825749515061,6.032817744741215,4.929727987698797,peat
249,21.267957147830565,125.98928788144242,7.656932911094631,246.13844766702854,7.011226269558849,4.964162764198134,sandy
250,28.626711292139536,175.2560347262152,9.454858960889421,285.4272851436833,7.380925026978921,1.4426299741359343,silt
251,22.05553433448692,35.685002851458606,7.810195396470538,231.52023999290796,7.157803868446381,2.8641845319193378,silt
252,28.453304950748134,112.50103957014402,26.7628789838109,123.62777256449094,6.503323261774229,1.0101598370105642,peat
253,27.75536428643492,133.9035915781792,30.246254536825656,51.90720104218195,7.11341911448137,1.8568988313300159,peat
254,19.142322700660834,130.8736736217659,35.33917521345158,194.31834786212752,7.518516427215806,1.955330160678733,peat
255,39.833160646264375,72.68062741083423,7.30757270311503,191.67944459076725,6.049119286640479,2.959568753548484,peat
256,24.318112884844265,29.976025940141806,49.71305674674169,228.00372938866718,7.62408204064085,4.088699910457029,peat
257,17.129292785661505,46.50537572449048,28.37773876207394,178.20010999332482,6.102699783009529,4.960599935468059,loam
258,29.4911433844679,135.7031614917957,56.07306440139608,294.90546869314835,7.85244228915051,2.8968688817291377,silt
259,30.59423468773282,127.75024891045416,58.92643532468402,91.54877155785996,7.315579488903796,4.296699305572953,silt
260,31.017412570025442,151.540404296435,53.402938737288075,214.5001136385707,5.630461297101577,1.8793568946763264,peat
261,35.2335676960117,47.3675103988359,23.426675985034535,88.8300906674663,6.725110218339037,4.075924374328199,sandy
262,24.6433086587265,114.03064316439733,8.542387531794432,52.420334046255775,7.027179906014919,1.2972872949462062,silt
263,16.256599063197484,144.8174322641691,11.848503390490745,287.08527420817563,7.9657246011404474,4.087037433587824,silt
264,42.62937870701387,118.28954490560619,46.55057571439004,111.07528551515321,6.088076734557674,2.9299924394562815,clay
265,32.68675413080271,132.90920043110398,39.02778331586386,70.41047094311038,5.545757930958429,3.4257024465600594,clay
266,14.594561265790286,22.636851996715688,54.62623730563535,265.3712425829514,7.772345372752163,3.8648015192009626,sandy
267,17.128911707259668,47.950196787406085,25.158921531256407,95.99618638508798,5.825950026824635,2.0976036200591714,peat
268,24.223377965323827,156.23015891587616,30.378174635199695,214.51520634829131,6.704990971482064,5.456435201757492,peat
269,31.15964163728217,154.0202080252101,13.123796024966444,203.31254183504868,5.95121373706432,3.3412620547478467,clay
270,44.56556611700318,108.76026857776867,57.738693183243896,135.96734707652075,7.423183210195755,3.4611125213636553,peat
271,18.380873636999766,63.70444149219001,56.91991551939011,69.47918787136702,7.6442727085600115,4.3368666340379916,loam
272,34.82965907990722,169.2267527668647,50.3478380091798,298.3941159834899,7.026140231721118,5.013543526065135,peat
273,42.54064490084943,124.41806747362838,35.8879938102707,50.31103735254948,6.161859343493825,3.0144377318782904,silt
274,23.478746156976058,68.31201992085258,9.466365009608678,229.52941253887562,6.050692444974976,1.422254021619083,silt
275,34.73278253457049,154.90206561049948,6.017980501303924,153.0295284114017,7.389594729319262,2.317252932838162,peat
276,15.556725795275526,67.22684513091798,6.006041979432067,213.79112202449954,6.030499763846757,1.694053272304236,peat
277,24.6671553146722,39.04667931287172,11.2456225575662,186.47650523272708,7.958959141596534,1.9343705372442692,silt
278,20.342407069267885,125.98577595288364,29.559210525173857,244.93699617924474,7.526289137210805,3.7090749308242987,sandy
279,23.198988577460106,124.78406166373175,28.04743828494362,51.43477106385925,6.481276668600103,2.0052745319608336,sandy
280,20.03985736024064,142.51017309132902,54.191597722344355,141.02187651347947,6.91239352770735,2.017129641146803,clay
281,37.298523403515524,150.24444525695816,39.68427054262887,61.8672960057869,5.679442506305352,1.2965748179053846,peat
282,29.729139719322344,116.07668510415998,28.760496441151368,125.21001146605352,7.122595612665431,1.63738416521474,peat
283,37.90444494390483,39.31918641425039,11.167665687131567,278.6232967961174,7.252538199503421,4.092205960528249,clay
284,22.90923169422286,170.81270259138498,5.706720427553925,279.2308567795719,7.04429215799845,2.9233389724027177,silt
285,21.588263908228065,82.90175076324046,58.948170589715346,170.91725057989078,7.093408632892297,1.8999919651506354,loam
286,21.37158762836438,177.33242903624608,30.153619808975815,165.97110987235598,5.5401846318917825,1.016681690640536,peat
287,18.547004766608865,85.71557731924344,30.992018893475137,296.28709750924656,6.660371310088811,4.377994938097531,clay
288,34.693361216683286,56.44040989684855,58.20350670400576,143.12133627632093,5.858144447039185,1.1539247219321804,silt
289,40.988746458367515,20.710434467825465,54.53990494624512,142.46176780221296,6.40026453764341,5.28996434683758,clay
290,16.313105784618358,176.89659978216227,51.813666826970916,250.7283389884413,6.043691770657347,2.580828206188296,loam
291,11.289598816128644,67.44522589002855,8.882256709221966,182.25110511165502,6.4628756115867585,4.5246057066209655,sandy
292,12.01806875828762,179.09672747098898,43.640403453413,77.3349407564312,6.73061812770505,4.281359449212978,sandy
293,11.497562456754046,24.069054356488486,21.696203240241683,151.5357712898317,5.802301245486521,3.608218114238361,clay
294,27.122493454584696,72.03456701138684,25.65160716512132,71.48856390755927,7.327892547776138,4.529962261885183,peat
295,36.87563806396675,127.33041875402405,23.609569579498036,175.71898497100716,7.104960548876938,3.5554492117867076,loam
296,21.95599381586065,107.31379088012207,6.300440731761507,55.43958261620678,7.851516975835593,1.2541747288900005,peat
297,24.135857286697334,44.86687624364423,36.21061044778437,154.4870421294918,7.266814680296646,3.714064480784431,sandy
298,41.24257064304577,88.44614453128543,47.53051133484883,79.16662627168628,5.85531456846335,3.5917904574700352,silt
299,42.09951489785295,81.43897329081724,29.861291489009172,50.48534489534993,5.5930606211471625,3.8242270975016583,clay
300,12.974263740027325,26.884594545055673,27.281856242127958,226.72886489106943,5.896171651322653,1.2849049293079347,silt
301,18.839828864218997,102.93659324689884,50.20789134202163,96.79703433892246,6.373476693292597,4.4444288034119825,peat
302,44.45378378286247,24.62748751797294,21.988206145929343,92.47268863320144,7.073426996578028,4.859456265285951,silt
303,37.86599501327206,39.17751632057527,46.05731798029586,68.47338214653732,7.21500541147019,4.84509081838472,peat
304,41.801118027181346,80.31920974589461,24.09283032426443,240.0057900583372,7.909101347849349,4.056579389844592,silt
305,38.12649245776484,55.926636325747126,17.732816639012192,185.62316794605817,5.919637755269327,4.582568698338028,silt
306,24.62184639571003,151.57671264232653,36.835910503092606,239.6518674786636,5.853920716860155,4.799896889491729,silt
307,28.39292909868317,60.57882409373791,57.85401471997013,101.41615615613362,5.561775522162162,4.78968233534594,loam
308,34.61374121690336,178.1639352882822,35.65391490649529,64.51011097870203,6.327161394845268,1.1514261308352347,silt
309,34.564483484495625,158.70627844513257,58.497392848175274,213.01958214820016,6.911081090687847,2.9367778491978216,clay
310,29.628305512074945,78.03219574537438,31.999565735734677,213.14813394004616,5.8008269110917094,2.6074617588551248,peat
311,10.261425619839223,177.58147738723062,24.301373241619725,155.1895730525959,7.576786084426481,4.732195446752794,clay
312,43.916355060652926,131.9922969335538,27.161707701911084,61.12172704688477,7.644852295754038,3.6459453287428882,clay
313,22.090865781471816,21.526237877318817,40.299288171158864,257.77579158025696,7.992781101576613,2.0941535019114625,peat
314,11.860600208018894,151.74624529338158,10.949282842571805,217.38457655890298,7.129068582788666,4.220201726580033,clay
315,32.336046268095004,151.7057775989545,8.004565660322651,205.12869687942182,6.638233871962451,2.0741531607309964,sandy
316,29.35272030600002,159.9960385023046,13.956949531169684,140.23439558995236,6.272360762722209,3.01234513834464,clay
317,31.233968010267148,170.03318262561024,52.247747920910285,205.769932754957,7.163295531540744,5.327537580594967,peat
318,37.597930569901195,60.39517845236453,50.23208690649553,191.3813209588927,5.987623944480177,2.3038929482009136,loam
319,13.55485793102618,47.07710169283349,31.399506872987867,251.15181401285932,5.911620936511474,4.8686342004532115,loam
320,41.859819475974405,72.77956500233941,34.96349965675546,144.6477925801504,6.234110913422796,1.9307861303839207,silt
321,36.01305339364261,101.97015283080219,38.616957038617294,223.2318235762437,6.888238628660332,1.0155959289324612,loam
322,18.456677794382916,158.11770464591456,30.03757109356222,53.83940206527933,5.8096139677295895,4.210496282643572,loam
323,30.192728343146474,36.98758425454406,16.136282317333258,249.1637959597753,5.997646659165488,4.880790405373219,loam
324,41.952875804841185,170.32181386836004,46.37424393705145,105.25301470223786,7.701458036106754,4.592780515300813,clay
325,24.971193718959675,49.15585219147314,50.005134792538115,242.98318073530285,6.378270263358687,3.9600227027046873,loam
326,34.381746601479676,138.58662705757183,52.50754459006115,179.47871948683,6.6411186402778695,2.607406988477336,sandy
327,35.74699646841577,179.62060033194305,6.4984004221987615,282.8342451981688,6.629998640897472,4.09946609738778,loam
328,38.923884410776125,162.82050956739317,57.173317098582274,259.8008648070619,5.705465494153405,3.977622182156621,sandy
329,26.96972501212505,177.4909829534935,11.411308722652565,299.9537042693946,6.722030453571227,2.75070441655185,peat
330,31.974245843117327,106.81235985533385,43.93028728753191,176.67795905318147,7.301415496186069,1.3917547690066245,clay
331,29.21791509445149,95.4590015117679,58.36821293450584,222.5842040794574,6.686279666684234,4.426262887384857,clay
332,25.970888100101558,171.36049289087913,52.908840202155105,120.64113417719878,5.971125803453186,1.228005132100929,silt
333,17.093659310719524,147.02560098615163,34.256001413284345,189.5663209362193,6.983243200774084,3.4379830320349964,silt
334,25.42756321163396,68.11909274135476,8.645354825722796,122.81865711683457,7.754343707075641,2.9849123007413643,silt
335,24.227971402867546,75.50543645304977,31.71472719410549,248.6999425510013,5.898631707327949,2.0882339108828427,loam
336,17.423601225888294,148.27297629106863,25.094960386502883,256.16964994416935,5.622338905923132,5.085573075620781,loam
337,11.1152256909133,135.79473539463186,13.755315096365711,168.29819716471715,7.261285786601638,2.0331003439194295,sandy
338,27.550341085800202,25.710071749600942,24.69678264297558,61.69303818349504,7.7251261228534585,3.9445573508118605,silt
339,30.688342497338905,154.0416178692996,11.900522406046063,84.71640514883195,7.209592930394212,1.342698679087491,peat
340,42.28249569564948,104.6064523772921,11.016720488001603,294.0406171652087,7.729564217645169,4.007479536877807,clay
341,29.700228454033848,38.455697504211166,29.384008975767152,289.588938506681,6.97930621598273,3.218935652862461,peat
342,23.562501284740296,59.216983451625524,56.21419231783277,267.80439705495775,7.986466711376877,4.481986688493563,sandy
343,10.077717397244378,62.97633093086926,8.395437589111628,259.72120814656535,7.253841157654948,5.149712928336274,clay
344,13.068408152489097,124.89450912572038,19.654294592477484,297.26557312162487,7.831351457044242,2.026549783185365,clay
345,18.787443674729808,172.80582502799837,55.43848380978931,181.85553099023628,7.212640345139076,2.7131355147314715,clay
346,25.11400013858536,80.02902205741978,22.05282899550481,237.54702483235152,5.612096344558469,5.070994883628089,peat
347,15.983902360679915,66.6820910677913,40.1310574095638,100.45975773836719,6.907471713217854,1.3505191305486952,loam
348,40.316991931443894,35.01067533765841,49.633299114895266,178.61728314839246,7.753278061108527,2.6099544466504137,peat
349,10.841065644782786,128.704590929936,7.622738139617716,71.74212779816365,5.982655052465042,2.7543563903075103,clay
350,30.666019129143617,107.43476080176814,16.532171059186226,83.96719891820679,6.2063714021442795,5.382102120807865,sandy
351,34.30684252773696,45.26495948769431,43.397292843695226,89.10101215218924,6.526422283539127,3.21756458828642,sandy
352,20.866868324970735,27.453820705201846,13.621605009947963,94.79186732715881,7.897601045225199,1.0248650195212572,silt
353,29.76521876623191,53.42646821247616,24.417174731930903,298.9772019803205,7.921024343070121,4.502466824717792,peat
354,36.850147481239524,143.18100751696954,58.66173290512305,78.90335243875796,6.9054079308806955,1.1537492687789435,clay
355,37.444678714701126,134.01480686386785,9.467785363413721,236.89390486558295,7.803949687422676,1.221587790037978,sandy
356,16.261390386620434,121.2748309789221,52.91003762332237,158.3377797396882,6.255951175934207,2.709274444262609,loam
357,35.48084456896541,68.52520971095095,16.59007251373003,257.96847451262374,6.913806992036408,1.1332877825030343,loam
358,41.93176726442605,100.1856724582239,12.420632283748418,182.88381184403278,6.820499578371042,5.242408226105017,loam
359,13.279234043328238,114.5047927385771,54.76020653485455,200.06275552620062,6.21653916118736,4.82292074284705,silt
360,22.092542325805468,118.89606521525594,29.4384053954805,239.73083723614405,7.430206685092167,4.845897321866465,peat
361,40.76001649570758,84.53255493183784,34.19986358039847,189.85673700941246,6.302432687450292,1.5629627096246166,silt
362,17.915642239737707,30.578608193315606,10.348107895055618,253.5217849707268,7.838641934466029,5.416128288549849,clay
363,16.6459657082401,108.2607414354338,20.127241003317405,299.57021570074073,7.087823701166849,4.363571457875354,peat
364,41.94788331475921,61.70273866931636,29.62205997510754,236.99701845264636,5.6245368352885325,2.217597980964486,silt
365,34.408894996060546,175.69573510129274,51.72379185145011,279.29713476716074,6.122051540205337,4.9840215445837615,silt
366,23.01992750868748,147.43819363211693,9.5310346892688,139.6840058578217,6.705558049018851,4.234680856979213,peat
367,42.966768365372914,38.05241940971575,16.1109242709478,222.1413587230985,6.370169327963379,4.684040365062803,peat
368,39.27239876125344,166.3037350406746,58.62602885899351,233.95538522905676,7.079093684229761,5.322450523831188,silt
369,29.777585280219288,53.10522353984459,57.422635206002916,51.97595503336931,7.195899629030339,2.542894355813461,loam
370,38.54437403293881,117.14591904932004,52.95556342210637,248.77831825589183,7.350947499279412,1.228698159367505,loam
371,30.710620071115077,125.56334326453154,32.44055548770913,85.45282720563664,7.380365272585558,4.762014109582919,clay
372,30.16105557218428,75.85966791040364,29.538613723029172,219.01144157722246,6.550083085451754,1.1281987601608328,clay
373,20.356876374523466,36.288250315497365,16.604621765326023,242.11082555584755,7.61976216466577,4.067646948572876,clay
374,31.226262569109046,87.5161175847223,51.649826827264036,238.56561005197338,6.038859649737241,1.3091350565796946,peat
375,10.601766722954707,41.707795535147696,33.02652600443678,229.38462443696736,7.29245099939191,3.2605703968971023,silt
376,35.852727435808745,32.0790516221936,18.351291339033367,141.65743385280877,5.7491064095437725,5.425757129434865,silt
377,38.162248891921124,52.25839664109433,46.46452049658296,264.5703515372878,7.547348193131036,2.682645846763193,sandy
378,16.396083379536428,42.95752806472352,9.144030977600755,122.76852424589514,6.0844379505674535,2.5439228421939735,clay
379,20.58045651712473,55.158220003673186,50.567409353148015,75.50931728409708,6.273252408599792,2.1409852036799624,loam
380,17.724914974588746,154.76675940758156,17.711556744903728,277.72228914467246,6.871089121630076,2.363158037610413,clay
381,11.049059066143215,47.33787410501178,42.54669719550988,173.50244796817097,6.092569737355135,3.4558684071286327,peat
382,21.923029144260987,58.60625397587553,28.61998332626912,134.99181175754677,6.923443968859513,1.1958582708814514,silt
383,24.984699253080592,177.3723396195912,29.033914790882935,58.918304823143984,5.904002114007623,4.309301311243299,sandy
384,37.764952284422705,157.16035717137865,56.35524677930854,68.50920733098047,5.5633677860940605,4.4617542619782045,peat
385,38.091569742817704,51.5271709779995,30.543423302640946,142.0243175534404,7.173825217548462,3.138304837337593,sandy
386,30.094592654758674,76.5505263331026,35.03070676280351,98.53423128304301,6.037066746211805,3.4534891321304864,sandy
387,18.119704237069556,92.61680207074114,26.232265460844623,245.00341601343013,5.522232715293095,3.6811850972286346,peat
388,36.13691329853637,110.92093790446043,20.60305621026228,188.8450188719629,7.074266594573208,5.0859520228336725,clay
389,12.527331499179528,151.11288965356084,24.06807271041987,75.14226413528536,6.747627662483126,5.166247884230862,peat
390,36.740799411544074,75.33628440857932,45.67787741027083,187.2956513856185,6.157966484477347,3.951961887634523,peat
391,20.744755357160845,119.20070483433328,40.80415501445775,113.33638133080439,7.263867878449439,1.8446750572702866,loam
392,44.44138081110422,155.68837279918478,8.451177695299606,140.7543288988162,6.124442032161951,1.5404796466434572,peat
393,19.83585989579754,78.69712492651996,54.60758302559925,235.5487101514515,5.674453051616463,3.0264326177559937,sandy
394,20.64889304992756,90.47644847326919,10.46703970981681,107.50115960103949,7.145708026943463,2.2019381241178353,silt
395,40.60617872252453,53.33961383098057,16.815750917714638,99.86557405428297,6.229127891308399,1.1620692692546568,loam
396,19.195050616352496,41.544070603884755,39.62284229262009,162.39867566524256,5.75851215797995,3.7822315190605464,silt
397,41.39688515052511,58.04475178872826,26.80226050918181,161.51825005026762,5.902818993252486,4.788738979006322,loam
398,10.742207363556755,125.31645755495728,14.887788544135017,296.1416189799331,6.493876699233132,1.907441684666926,sandy
399,44.18113570397002,60.180883862421396,35.389360795895314,106.43165175024984,5.795926881399908,2.1143330628556742,clay
400,39.46526891039106,126.76966474431799,23.758820084576882,82.76226151501807,6.605990414251002,2.3421086303397387,clay
401,24.314423735814717,53.6956921976536,50.73293117143494,169.43326025431168,7.586199829040757,2.3207352879318313,peat
402,38.94870402328746,147.94893364667558,58.07229138927139,102.36708933604164,6.4043790655630435,4.832898582423546,silt
403,41.617409969134286,126.96433469461894,5.66353352570394,240.22969665096102,6.230681210241471,1.1352077713120008,silt
404,40.185880060966156,159.8742052696954,15.705270534059721,135.63408199290467,5.626899709266313,3.6014757044606025,sandy
405,16.866737269626302,133.70282119875318,6.153775330982648,261.33310007776953,6.948990260146445,1.0228528843978335,peat
406,11.104218761787024,170.84148968304555,55.85035866730933,72.5550266734266,6.113831257605568,2.1999272134810575,peat
407,25.622555783642916,151.00327447532695,50.46521498315639,120.18221080362369,7.598413707193297,4.5672675338966,loam
408,44.27521189472261,70.22943135570065,39.47220333912571,188.94957019386894,7.897580844013142,1.6513874413965093,loam
409,26.568998891736072,80.22252107890857,53.47483559280684,270.600162859675,5.546832850337767,3.8031641855956937,clay
410,24.541784382324547,143.15783498162148,25.215555682693036,277.5725736072212,7.292022416676655,1.7838001691881369,sandy
411,23.2177906450943,101.87096637994586,45.85395038167833,244.0155717500637,6.9737598102909235,5.348910377240177,silt
412,31.268095249417065,175.3973066319757,31.044826505599218,208.67647590404223,6.014785371996073,2.754425813103929,loam
413,40.68221816628811,85.50677182578268,27.95253090268944,274.2378102627647,6.084093670874781,3.541867589774647,sandy
414,39.42870434737223,65.04251038592946,30.96549650378894,181.40264354868452,6.13445649273528,1.2814493766743682,loam
415,10.492588413327164,137.84322032462285,35.0337987039995,62.88847610403965,7.552447441979805,2.401230270748066,sandy
416,23.664115500397628,154.9405220085757,15.42231181093124,214.22310467224162,6.5952756112165805,4.883300535436824,silt
417,11.4397006389581,36.80525303613084,9.22623811287977,194.85538999175498,5.720840334730289,1.1738404216180007,clay
418,22.270690572234866,48.85473414440458,16.01856673757596,143.44899658409494,7.081729079809978,2.5893077647528573,sandy
419,14.354510222909592,52.726396999749795,52.35233863806602,204.53731890250378,5.789237108579341,1.3097111481116128,peat
420,14.617347499804792,66.52766602563617,44.64532696943851,62.105771811571046,7.7769002405662455,2.3129398677558326,sandy
421,34.58704270208699,131.5447073158176,30.28747573953395,133.9906511670515,6.579562548557062,1.6631803261784208,sandy
422,20.331388540412558,129.34890873461666,35.989389497640666,108.92830630545915,5.6113272201946405,4.533552579144272,loam
423,20.51159334429383,56.92891529883747,27.459614274922824,242.03698716519546,6.404159570404216,2.81625220365299,silt
424,31.22100530430434,135.94494863865958,14.168069795299694,54.30293031393778,7.412928191538414,1.4556789573162767,silt
425,26.032702659073244,178.37273393301615,15.489715379014193,170.33918936258124,7.313698830509105,3.767533447257975,loam
426,17.599316078039823,56.634575539553964,38.761107903564515,166.66935513822952,6.9275634138416775,2.3344177289467285,clay
427,15.09928421078224,160.26017858413073,23.68179988584681,101.37899827261738,6.9499941963471645,5.443074347193517,sandy
428,11.850850125586469,48.035191218808095,54.51679364412574,262.6743656369611,6.183035803900669,1.8072652771042528,peat
429,43.69258608719423,159.21003554190108,40.832467344229926,54.95606222219275,5.579199968710397,2.4599961346733155,peat
430,27.285383530901626,156.7921351881513,46.098068770159664,149.66625907270668,6.038131166664347,5.306000599659812,peat
431,27.66572530376252,162.1786047582096,56.117611840243065,202.35480947184556,7.952846103631835,3.0974927708194167,peat
432,28.110618157431855,80.16091110856713,12.3427490627213,73.48162119676358,7.56889875576243,1.569384741316477,silt
433,35.31731666721625,31.337298589185973,8.779020155411606,130.05534693960738,7.580315782223639,4.054287795744964,loam
434,43.87724190518304,104.28729155237727,39.69836821104263,213.69816623246055,6.624401424950005,4.923024273661378,loam
435,18.72183520655153,161.47305576813005,52.07329112910742,186.49724840659434,7.0226933424968925,3.0123425409212983,silt
436,10.247573998053,79.27660743302424,49.85910576477629,154.32186515426235,6.351196350461965,3.016803351421098,loam
437,28.66113053280663,30.07481863521873,41.73308795138539,299.1096791240749,7.511597057637862,4.598027611095586,sandy
438,34.77225067828262,47.15048502099202,16.62055110168437,60.16457973475457,6.38253756947275,1.9505509418613836,loam
439,25.106117626888484,158.8384923692835,36.751709682030324,137.36346883635503,5.877224485631477,1.282372805254996,sandy
440,18.930965032932228,133.30370622561466,46.58351875626682,264.4467111447413,6.153225453500078,2.9192153335781468,sandy
441,28.444818081405856,77.97684486163868,5.587380120738131,136.45979081939635,7.283784982834895,1.5801024594538136,loam
442,36.041424388477495,72.6217409720239,42.868070249826474,264.5532409582114,6.464813052792906,2.8949341728036737,loam
443,25.82477778809703,34.20340127271917,24.619011955453804,270.2621877433543,7.841864234764917,1.078980590933471,silt
444,43.8681989803487,76.13056726515575,21.12559945424247,223.4987285562261,7.1368193077731625,2.1674177821072833,sandy
445,30.954932101951833,61.035970676265464,49.583081143153905,276.52294032355286,7.545316949618849,2.540433911390809,sandy
446,28.061835737575798,117.49061144376654,19.50292862748287,196.4057654310078,7.5699855509070435,1.3259779557279185,peat
447,13.050031775129318,39.78310763975409,6.835769017050514,171.9166173953227,7.3877063161282805,4.649076241074646,peat
448,29.17964610129309,95.97167090292251,19.34611250016448,158.26734663996635,7.470360380334938,1.1476587386109334,loam
449,13.255801407408109,82.2504098964619,25.064589534988144,242.94371279784158,6.050601041847028,1.775961469734835,loam
450,12.404491589461593,100.88224699499968,35.80959248732677,233.83685927507852,5.987771197416768,1.5808270289218371,peat
451,38.46597555876101,26.407237183991352,16.179646268579,198.3563643373364,6.2466804456549125,1.8636318310599016,loam
452,40.27581742001075,129.61745910190024,34.885655483126214,266.9631419532293,5.577539617050571,2.529998359418687,sandy
453,27.38935781830382,122.58210466453497,27.702867207820503,104.64657234184611,5.60282384740651,5.37479253202454,loam
454,19.151253553460784,46.60160878333855,14.622389384137545,238.71508904271465,6.757458387259902,4.072884614907807,peat
455,18.474702850742553,73.36625501383833,48.74244916796199,109.91868595195231,6.569414636852413,3.8926662003935077,silt
456,35.20610921074294,142.8293894990374,30.139317416777825,204.06914800286788,7.602865696678621,3.125346545671208,silt
457,10.30774553913068,113.30905409164465,48.48034559317349,97.09789972008699,6.474277794515336,3.5929035955619835,clay
458,32.02973011228658,175.12690859959883,48.00471620203568,252.67241250312907,6.7669568216650795,1.5820273290493938,sandy
459,25.691151229239487,78.46465203022854,56.86265261866084,69.90429433649236,7.619048019125113,1.5660533375616719,silt
460,42.4040099444129,75.41059056633483,55.38657571124465,179.86395430131512,5.862568638249023,1.5290883934484152,sandy
461,36.400523880879916,120.8213290576456,54.78891577341958,297.7767046403462,7.176277576996292,3.5325714426246058,sandy
462,23.257273653198013,154.85946946915155,32.534955622855804,274.56772813420594,6.756006561859229,5.363980311349319,sandy
463,32.83326197478952,86.48090638021242,38.865608653567136,91.96363735948563,6.3871909802925,3.550422012042939,peat
464,14.315283052126837,81.42968102079452,27.893908052192966,119.21616347981733,7.035482944064054,1.2934166539103873,clay
465,12.235901783563655,102.99049437873211,7.380481124859002,173.7407791396256,7.432903388183851,4.330321540949093,clay
466,36.531274038311736,167.7069523687571,26.65087514690229,67.77185124943486,5.902188880055639,2.0690264535022873,sandy
467,31.35809304563004,26.324953555417174,45.91800692818079,209.52857344819458,6.54887949143899,2.1058168807410396,peat
468,21.668470851965576,142.44318669820998,28.94397975789964,143.78405050082338,6.163941874917596,3.6604953639108415,peat
469,34.20408768585219,77.2358212497641,16.728226940305774,234.24589303823927,5.536095990063025,4.786487795858779,silt
470,40.831272250704615,31.503994878199197,55.88915267802577,297.69940450104,7.0631002266737255,5.4480572520048876,clay
471,17.00584355439253,34.490723960979324,9.766838941303526,180.80629963746537,5.888126753235485,1.4968261775809806,loam
472,27.31357027787846,62.519223897275715,54.043958907217466,124.71310057489153,5.9825524027181345,2.657934881874265,sandy
473,13.697258574539884,173.92407689089976,20.636779787792623,178.8753766224087,5.6599341118069955,2.325445260492267,silt
474,20.326808720937404,162.38344968194565,24.394557261302733,249.66785135186078,5.514473040477196,2.1506900745479136,loam
475,19.532096209653652,93.49168356326459,5.577559258528941,282.82809527261304,7.189054037440691,4.2526989847178385,peat
476,29.294681277637793,26.76605371442191,7.663799568842898,197.98142539555263,7.311924075390182,4.7531006024492335,loam
477,38.807842997171846,137.29009882536386,55.4087695681792,281.41336291526466,5.709023678907242,5.082277170112604,peat
478,12.2927879811988,87.58723103069308,11.311372135854826,270.8994346313947,6.108017633507232,1.282373692954753,clay
479,20.998756051870284,117.46928210518477,22.205006215553954,59.932431392124684,7.740539312649506,2.0683041272340885,loam
480,13.49567925901405,150.14942267411976,43.99545219142634,75.5138488516082,7.050136989936608,4.755322076012023,clay
481,12.83858575318689,34.38540046443386,22.951137704279297,185.88187401221649,6.697445420664537,2.3301085913869057,loam
482,24.330501739068666,32.92581970325449,24.677590449408637,60.39118914845474,5.88693417735929,2.4233272183636068,silt
483,18.893946797979147,74.1828250158735,24.357435484552695,207.35970603403808,6.957976695779372,2.2275022295343554,peat
484,40.16320371016299,152.09391886307282,39.11670736126499,112.5692555257765,7.771872557651662,1.3036566291092289,peat
485,26.93313907830397,149.21398676306916,35.75443676599663,260.1507781560183,7.199188606463716,1.4554802805474387,peat
486,20.40726347652142,174.28455893048175,44.575206740025074,291.5132171672353,7.147471874029583,1.4630716185947779,silt
487,27.79504381778945,55.18226819338901,55.34980685399264,118.58668979111727,5.794380563819388,2.213519455660756,clay
488,20.794363799798134,167.08698652762155,40.14221864275226,137.52756303031464,6.745036451912643,1.11609945548306,loam
489,38.02513818858996,135.59080146281957,23.88898057096379,62.57722792208596,6.376799037340427,2.6743169458074947,loam
490,11.250773231794794,103.95998008914145,27.398235650031047,254.62469606954616,7.156444255991927,2.9342422101874845,clay
491,31.61024974256847,171.65699261872925,35.226264822065126,100.40541298628139,7.6560720847122745,3.046511361105681,silt
492,10.74436857731204,134.92585188851535,55.81503834004013,87.04710596659127,7.358160581026367,5.211672735065358,sandy
493,24.61108037729788,111.83136772635837,31.38265476443577,254.11889354353028,7.235609822342465,1.8526613529500444,peat
494,28.1657777470952,148.73245030946487,10.767665373982712,52.51438606635457,7.417935897748631,4.38337793490596,sandy
495,13.992441813783202,60.960140063147264,32.71653549559775,295.6259797063159,6.423710411014472,2.130053058891871,silt
496,37.80809902994122,133.2228067919015,9.120960996001283,162.71632659988092,6.591156632395391,1.2255607794489582,sandy
497,25.569656102840575,179.200867971046,48.33968938998862,63.53023221692196,6.954034948806385,1.7028407935694638,sandy
498,37.28253013793986,109.71373086619055,9.430401002743096,52.51859001066801,5.923532322244446,3.011828217561519,peat
499,19.80948860490298,67.45392595527376,44.68866641804671,176.98640203988248,7.051084375150591,4.850024870085781,loam
500,26.72397724910908,123.36592721531169,7.263688889220674,220.06746336710296,7.377153656772481,3.1803557160124716,loam
501,14.99167789126929,158.72796934371792,31.678439710818402,296.3267791852221,5.9107190749666065,1.4425683945753445,sandy
502,33.29209897572561,160.5154833969342,15.444415818134713,60.07363951387619,7.4268016626520685,1.692893643395108,sandy
503,15.405047283294635,163.54736325739304,51.3630103705166,146.75528274925654,5.790663065326231,3.323177071366179,sandy
504,29.905692766250034,93.35549262894375,54.22827526097018,279.75656094416473,6.999012685260352,4.285135631089525,clay
505,32.8689280375965,179.70114692791378,10.267222653612068,222.9795025948912,7.903738008806092,1.2931427892206608,sandy
506,24.7163355565441,121.12338397703482,31.894644139913368,51.16606258783872,7.62411030410266,1.9074061778863607,peat
507,38.95665701098801,126.30646946781968,36.908943174038825,223.6909627542084,6.128461796635962,3.6961824472722915,loam
508,44.68133442869809,53.16588279609057,12.792158212280906,171.6654816536708,5.686715005687537,3.7570808896037526,loam
509,36.737873881272655,34.697010171584246,7.11732586718367,258.72513558099865,7.8680585035389505,4.59646308023917,peat
510,15.596271771887078,103.65399147019943,25.35265854904364,164.0255636904726,7.77108993501434,4.889466723970553,silt
511,15.174039771883994,47.09168031573233,39.90534491525079,63.55218851611542,6.958292370731112,2.8769617884183565,peat
512,18.41367057124418,141.92571091356731,9.864137884827368,118.88436744326268,5.5463691688665095,3.9765028522122243,peat
513,22.68609267619894,42.354626533005906,28.729253760984214,187.7905876125614,6.814219190910484,3.1527355474401393,peat
514,33.66980388969941,71.82223273511988,6.5625735063122494,135.21376640256744,7.446112284226014,1.8575330904907217,peat
515,42.195038164111416,57.54375168437637,37.35776511773388,109.25089509593292,7.059995199388685,3.008788977748984,peat
516,32.01558637568759,130.9957246181893,9.513297229578757,89.69849001673566,7.254157764175415,4.911395929976047,sandy
517,44.845393153047084,118.76425897583763,46.299211855015265,141.1244863405967,6.5905820432730335,3.5209453209085915,clay
518,37.02951304553959,95.07343284184697,43.66305132915341,151.07361060473903,6.567060177186072,1.918753858322223,clay
519,24.847274475539827,65.36077353962695,25.550762429663095,142.5779949187763,7.381381389025396,4.426562034498598,silt
520,10.784598657885194,68.60052065888297,31.26528060252301,81.46604530710465,6.84684895944158,5.288416329150742,silt
521,41.4843940366917,146.3202051253192,47.790639907646,256.2531743629723,6.775805671897869,5.465028892788893,silt
522,35.461919419342394,115.91564484449931,29.486779665677094,288.83063493161086,6.127326958691754,4.053813432262665,silt
523,16.558192740325502,67.71295648483152,22.51747682563894,132.49907436929578,7.938131825729487,1.6569253453134265,peat
524,16.457753120892587,75.6592864397979,36.541743798233405,149.49300378767836,5.586430853532277,3.5362991891632807,peat
525,24.175858422221346,50.18314846460065,15.461141598876832,138.45121576182507,7.893172383433106,1.5899482229900823,loam
526,20.58911017140381,66.92394647424088,12.063155483737283,245.10366326826036,5.9342462547413675,3.793362246722017,silt
527,26.19300914678988,66.17130833429103,35.6751489115639,283.41850239646806,5.765449614619339,4.1118274585817325,peat
528,36.453428417156765,103.82509353410461,28.823573393099185,126.32982545463871,5.646353135726048,3.2465211039731554,silt
529,23.059604043763798,148.59406766086929,5.886857588452083,257.54425663244416,6.986380277914099,3.392112752550676,silt
530,19.871845561390003,172.61958186442044,16.945886945236886,108.26460318635148,5.765583769486403,4.904295466316148,loam
531,14.458557598590408,143.2610446377408,33.88341813856388,137.3955577049114,7.06065998246849,2.5824125460623346,silt
532,28.590744287257845,92.0883290213776,53.797893476020626,120.61575702902945,6.043694128907852,4.168424268233535,silt
533,19.813401959649273,42.7557842688654,51.295556160857586,69.66785275312455,6.1056039398184305,1.3313809896220825,sandy
534,14.50559721840457,147.97555589912838,22.109126208753207,127.72495048395567,7.514399647949304,4.581081612850381,silt
535,19.35535542693097,25.446995193403694,15.724599139084482,191.62910701959728,6.264714739085601,2.151446237532226,sandy
536,16.506735089844966,23.359097803746973,39.051498876738144,52.221610088535606,5.986722840431197,1.529333255086375,silt
537,34.06141624807057,75.23672455742393,56.680988824238874,112.99867642602369,7.794032641858925,1.4134197484955877,sandy
538,26.387239134742615,122.49956197330052,7.130133357489218,74.69078342351294,6.734396124096361,1.2613636672019668,clay
539,17.862783527908277,120.2176466256062,17.49140972278665,118.5457701149173,6.923685307644027,3.5378205000189866,sandy
540,43.858369846315874,114.8997166842773,18.384516067113807,62.70112039414756,7.59278968746686,3.4826489064050525,peat
541,39.158503105643845,58.59214259774962,57.171782193233916,140.56279102164842,5.868338463886585,1.2487126042911179,peat
542,28.929007197432057,136.5851202633126,47.27844398716901,62.233249456371304,6.999968535634483,4.765474450380229,clay
543,37.4294567151168,52.063151300447984,47.95584147869127,95.72473416437003,6.287314030235273,1.9746152149446492,loam
544,39.48154616703475,104.85936896744036,30.347904460202454,189.68075885666647,6.282366086476575,4.682698707692262,silt
545,17.792176026647557,155.62270688958938,35.530546675857586,126.52815685174103,7.626224499000074,2.6363136398085896,peat
546,37.64173232475255,70.5181210623503,5.6421451896978585,219.3351721335423,6.5473676824293365,1.9524612336059846,peat
547,30.50657524554949,84.68852053749157,32.25707772892521,235.72182520519902,7.097374518115147,4.695628648135429,silt
548,12.858753581724674,87.3034196046905,53.907282332545236,175.22121600919627,7.752410025409324,4.7519208671837525,sandy
549,12.681845125554986,159.4846663438955,5.315810319298433,54.98738808248766,5.609948652571734,2.5679271650421347,loam
550,36.416026629383374,42.97447742664916,6.482021677300771,112.22265119012357,6.91913061444417,2.8669736342931476,sandy
551,20.76282674260645,38.246375247085744,21.85391339960347,202.42196283705653,5.95626911369413,3.242783596927501,sandy
552,40.07868807644256,72.24755823600762,45.00951553028944,256.00201926548164,7.076328134149462,3.864795807219517,silt
553,34.18698248011291,121.72977941096289,56.84973720741607,241.81813727976345,5.627805724804351,1.8319043046132657,loam
554,42.19608650014728,168.97238879894547,32.04930234271029,56.38123947139274,7.080130302662521,1.1657394723984063,peat
555,29.12336426709004,71.70058063714765,17.798684543060126,263.476348010874,6.229194968226939,4.862371369738299,clay
556,43.269288737970214,97.13747532736946,46.27269980734769,211.86562704692756,6.854658014998311,4.916044615827154,sandy
557,10.50556210466319,92.49611962066835,22.38815861466712,289.7774531557791,6.834077131283678,2.5967066921278787,loam
558,34.0839585792894,100.68062214642346,14.97244480681512,236.09008806303228,6.298962929984734,4.00775579472966,sandy
559,22.520301100810183,54.80246369854633,5.584046698595536,111.43569315731834,7.759452083332602,4.4714881112897285,loam
560,26.904341016575415,42.10473806006293,27.20525500146109,132.1142910603568,7.0894471895931135,3.3052940706791536,loam
561,29.239747919688053,74.67572503520331,18.85825509770401,258.3284379740401,7.561013320376413,4.778671046805022,clay
562,32.749333148506935,44.0287073869834,7.826150643155708,298.7299088184062,7.16270575812557,2.510032034327918,loam
563,15.47923196687683,78.7556169461864,57.24283290160496,249.31139853748917,6.13650255104308,4.697813478116901,clay
564,27.424683164209736,94.33918174787841,21.913405297223015,274.2401041011724,5.53244430233774,1.1781349220859447,loam
565,34.67901097846934,68.52603360495016,56.62326639746964,149.59321313567017,7.633084289501302,4.212834775460493,clay
566,15.950019409990233,23.4513395215237,8.876843460172472,117.25055317891606,5.506314835833593,4.815142038957591,clay
567,12.12756602648236,45.83008837384335,29.708405821802373,247.58084407755553,6.737875678345585,3.292294210581262,silt
568,38.87665864351642,83.47088324322993,10.226230291382716,52.656898716630664,7.399035175381327,2.9377436660266234,silt
569,21.30739275440922,47.97725807072343,33.055362089215066,136.18619138656183,7.242633437116203,3.440053465685465,loam
570,18.41135425687117,77.54612547651996,30.241269375080385,257.42336734580095,7.913130679745658,2.560878020074946,silt
571,19.664926954848113,40.619113716756985,27.37812183475577,198.07707539621362,6.687391769102524,5.239643951742101,sandy
572,42.608809345241866,115.47431898516565,14.672365932524354,275.350845003637,7.310213162769616,1.1892728227022664,loam
573,32.30537522581978,121.11302830698806,45.75852265589401,77.4797164959222,6.794823284922453,3.2173080579816684,clay
574,42.59074107879191,178.09948844636972,49.48965724301295,283.14791548103983,7.824445506374155,3.4033299424922343,loam
575,37.904289262267504,86.29826595144735,55.320862120216596,185.99337339785058,6.346935811042686,4.839128414452382,peat
576,40.46870382163878,133.37751680966613,6.642394265802729,277.8581047679693,7.505879361528797,3.09952580077284,silt
577,13.095000025392745,22.54708761122453,23.238516804584183,86.53958775906743,6.309898717798419,4.680229891000248,silt
578,13.92551339245681,143.44440826147627,37.93557820821655,116.58186155361915,7.929303359633526,3.3106574428643514,sandy
579,41.527771208267694,63.47730971840232,51.40552439191601,258.97387467175804,5.741772102512012,4.636378548461061,clay
580,35.08169622563169,158.1792851182002,16.535171183441726,122.2593494941579,7.467429657482403,5.0152337570000425,sandy
581,37.17165863144516,27.542247233399806,30.551001516086966,51.81213712174877,6.530808952507341,3.117795863814533,sandy
582,28.52056207251068,25.85911760251543,26.289930134543365,203.06725186678923,6.999627508632841,1.5246404234950344,loam
583,19.613321931292145,98.42453073484273,44.801441721076394,264.33578645080206,5.7741029365538505,3.340895507588336,peat
584,25.511975030839693,30.49470270842619,40.60574133549877,54.341511115410256,5.618114521355259,3.784198609269936,silt
585,43.548026672110026,166.36739650250323,41.740073318339284,121.56255130559302,7.310189975521672,2.8217496806102806,loam
586,39.52960083662192,141.83959137515495,37.40631064929025,123.78064088977798,5.959784414277495,1.7001203140318788,clay
587,22.49506614674595,29.455357893525456,18.27480118939264,196.77865161097148,7.108099019004327,4.953046028794496,loam
588,27.84404482586901,113.24340542878333,10.39742621934585,178.84047799324475,6.893613254036785,3.369057231756461,peat
589,31.901005451933866,165.09251312286955,39.11598321587977,120.0017196268424,6.189185095807091,5.12167282414423,sandy
590,28.00565110441715,173.60887634829527,44.15959301273022,181.82380181169876,5.900720302916879,4.244989084860627,peat
591,23.047974730876277,174.96342695177373,12.84957886130675,148.7201738351111,7.043603518934281,5.220179897600483,clay
592,29.86886449775614,109.67124307541859,25.953015173861605,224.40799561429068,7.2539895733285515,1.3400007154051319,sandy
593,30.450783568344796,34.13390537416083,32.15539105702257,70.1630747436684,6.6140462064187115,3.987454735973372,silt
594,24.965644472050748,84.01032347329235,46.341057750152764,298.32927796040076,7.322892802427374,1.4204774234975779,sandy
595,13.583625949041203,21.04069880214679,41.461296356436776,99.74726367301224,7.182732143032597,1.4916339121486493,sandy
596,33.19771040457803,88.9510475688584,56.85228974214312,245.3679696898672,7.491427074301567,1.5751175011434202,sandy
597,39.69977026500722,152.47262111340194,28.194426261160128,191.96580224960772,6.912566208806453,4.174767398349847,sandy
598,16.049390317123404,150.77961801990287,11.024963511772558,272.12123467381724,7.912633545044693,4.74708317430645,loam
599,32.106098938443466,22.25423215655873,33.08078920724415,198.78610036994993,5.556411615727877,4.324744119744713,sandy
600,23.67559343626605,122.0051127280155,56.56390937744274,53.56690380319877,7.969175687185745,3.9007226554598557,sandy
601,27.214260640851816,33.30506627111081,21.45293474490219,259.88093919920027,5.770726109493252,4.648738565872819,sandy
602,32.31813730626957,158.04072427946662,39.64743266114818,110.7077627462812,6.307675856746116,1.408797147631312,sandy
603,17.720107924745143,176.5645875960303,58.19591293151538,79.38135213177671,6.976896503222136,3.105107887874591,loam
604,21.622103645825575,44.18460950614309,45.69799623847836,289.90701150623727,6.416855819086734,1.9719861860402697,silt
605,29.49200081048945,155.87046894276978,12.699131043538738,69.25916256935434,6.015369558009905,2.091123414721256,peat
606,36.0031910029862,140.37948641874354,31.333580768598644,138.27515283615276,6.8474567085350415,2.564684659437798,sandy
607,19.865217181269813,35.872001941038064,52.725415476629834,134.19624484742175,6.780163718671859,2.2906222465377226,peat
608,25.069537948792064,122.79390824145094,25.921205684417203,119.01829422488231,7.99508736343007,1.7332507232152863,loam
609,18.61503567857122,43.408112536141985,59.35510170914515,85.3850978984153,6.107984771890973,4.517784408076477,silt
610,21.052199500758803,60.57746920518131,16.926347945741654,183.26292807230502,6.856247487692023,3.377674155196416,clay
611,22.784248534890278,169.35138588274663,5.5892167193180935,209.58823431864408,7.396643841283128,3.362096361893474,peat
612,26.336562357587596,162.2507108450533,13.852275613177783,278.93257034627544,7.620914171872886,1.2592412822499164,loam
613,11.435483184710296,159.7345839037892,37.16697011288501,297.5274748400956,7.384960456432311,1.5037285335449697,silt
614,22.4859300256527,149.2999574417651,25.599977180259852,78.15462231828309,6.7472512658404575,4.0408264170189945,clay
615,37.26023602139064,94.74907490633372,31.08408536331934,127.04186313296377,6.470903324531797,5.032534504268508,sandy
616,20.788982280938477,154.96199247775655,30.546781993887546,117.08905272673988,6.484110277457796,5.272662789857245,peat
617,39.43956920757968,90.38704388535467,49.972429400382616,193.2668747648512,6.66649941837444,4.795305808167196,sandy
618,21.2728543025116,135.85960059066863,31.314475223471746,193.56432516977478,7.859834106503081,1.8799466498484751,silt
619,35.37269386246477,171.93818204450102,38.251383667941106,166.34195830877167,7.943609252306584,1.6664101096129775,silt
620,39.1468336979534,85.55281232386267,27.10855807757675,248.1350572214271,6.66727187582387,5.325436231321595,loam
621,37.22761748548446,127.84434975645681,12.856653239746173,137.65164283544675,6.95850491768764,4.219077830304413,sandy
622,43.820103049262805,151.44566360207182,9.878043110317442,86.2893089534212,6.262580677017964,1.1567062334812657,peat
623,34.981120066550716,73.54037145645977,13.722641242196788,241.48319734483354,5.5261559206955315,1.1726625946344797,loam
624,40.980105884703235,146.99072030209248,45.997497364753634,184.15100743099552,6.36571831331579,3.052967651013576,loam
625,16.964383447561023,145.27813509478597,32.675332298623346,178.48162442541494,7.682858068560698,1.1029910708575539,clay
626,44.92447142903645,142.94247317943447,11.718991130361633,124.89394594215088,5.715831784994016,1.3253721113379402,clay
627,40.9286856570627,74.19048248900526,50.80818206728273,234.08383214795353,6.9508315206117,2.2684702415821794,sandy
628,14.868325512724264,75.43161697635541,50.664846994659364,252.07426861672508,5.740976028862758,3.6838134218448064,clay
629,27.418629885845082,139.19445000289818,26.90687405523373,89.36062246912839,6.795653185999568,3.1273171111090994,silt
630,32.94676129369848,138.4812547643939,51.81610524796929,52.3295105522162,6.9238539838403605,3.2570233842270775,clay
631,34.40303987971485,60.32998722659567,24.763929625062776,109.40253639981546,7.768142948793777,3.2976192377531492,peat
632,12.183827904580731,112.299791677586,44.71412705343739,280.07787089366127,7.230656780650532,4.343925802786282,loam
633,29.745035982609362,71.82432771419838,59.642452368780205,66.90389747013921,7.654017857009712,2.96931679089343,silt
634,24.51541622255909,114.7479879027113,25.115619785369045,156.75188054220155,7.189078552668632,4.632532036650547,loam
635,11.723550780082107,128.45293252592055,9.893235391823131,270.89960605130955,6.259479030897337,3.4228548657395104,peat
636,24.716406335006106,112.12335337455241,25.738688498044567,62.72113628623028,6.9230046913478525,2.6719288953587026,silt
637,37.51409165040843,56.803486670548224,10.88134588234374,259.54654556751586,5.776385751568131,5.42996138046778,peat
638,39.18090828387329,54.505867165468814,29.09567238758415,231.05498492306864,7.045093126254918,3.9187123879797925,peat
639,44.515591278779105,72.07874507821427,58.48703908917246,188.47685830237813,7.7574160987161935,1.5919548345485777,sandy
640,20.78741278033754,65.03925873656766,31.973365677855448,116.26591830243181,7.693093030186473,5.132445116421381,clay
641,11.275222664888927,87.4581392873593,24.60520204589356,237.2025860337425,5.593111695903924,3.7819826712827975,clay
642,33.68973342129567,119.0267475029801,55.208362411927595,243.78435632695326,5.5068482388091,1.8538856850973553,loam
643,31.300716110655355,158.17915248210065,7.57953070466689,228.93208596351877,7.923167911379061,5.224757630451495,peat
644,15.20844538069946,112.38769552270243,59.20385115407558,183.6859707770713,7.275625539241347,3.373105333069778,peat
645,32.90267517731708,31.882016011375427,33.95956140372049,122.87609305038767,5.5292406391799656,3.458193391696957,loam
646,29.343402039234643,157.392904872856,23.914271070802823,85.34439916128053,5.658879491186293,4.65865215854719,clay
647,25.58723580868809,75.85933573220993,51.496937522936975,90.58840916935868,6.993281239015934,3.4587968029739917,loam
648,20.971077931337597,172.34300453070043,50.27016744227024,279.1199783079916,6.1386388501018745,4.7003974102507575,peat
649,31.805305189125544,119.23153802270285,11.668738527197323,81.46777430866624,6.422628139288875,5.4574522376912435,clay
650,21.83259202709774,27.507689294428808,25.234834339821557,132.96620145118465,6.718186741190652,5.242509690734454,sandy
651,13.520625525528533,32.28009266160802,42.802635706454886,152.24155650763277,7.572404242447732,1.5570910263485171,silt
652,38.69456787749532,120.0404855982921,18.820439641516856,81.27642326683083,6.412812071526518,5.045146546295785,sandy
653,12.318197461059707,51.05020635768794,23.964180098010708,83.24458604515054,7.938851954774542,2.6803956302746297,peat
654,41.541207378234205,154.64847372574397,8.840742744829607,263.9539255292789,7.87312858090324,2.2051567558159357,clay
655,19.2302112482556,111.3163411484196,55.50439221796714,268.34623343650924,6.733808108416608,1.5503316429250362,loam
656,36.1100361942373,58.06865380226631,5.812505208425764,258.9812741058143,7.784453781897745,4.584520487242832,peat
657,32.21354811291599,106.49366591160289,31.33951296918199,200.9682075359851,5.546192923042651,1.9058724486564664,clay
658,12.085493348321611,82.91128660348011,7.37081448626383,128.953902450596,6.566557061822584,4.019060658232642,peat
659,23.81150103148295,71.08768984114408,23.024796201504692,211.3508757671007,7.998810751405018,3.89323816745559,peat
660,31.871859982455806,169.03210907605794,16.562335682649252,278.46832348806424,7.153032594036768,2.473169519237481,silt
661,39.05809461318424,54.0131318826584,56.142207378801906,253.57212758642788,5.500314074166548,4.927876738083411,clay
662,16.96563300253959,73.17181948545118,14.159812802211455,100.52244011547995,6.2195467477724655,4.842830303941771,sandy
663,41.903587257757465,49.20133072833668,36.09329349455622,117.30433019690307,6.512853145032,1.8045111877555542,silt
664,22.684100155792265,174.77872009216586,51.71557088989351,97.99026619588776,6.228505325968931,1.5169467672601256,clay
665,36.53636471615309,92.65896824673271,28.97085003229424,124.81486693534256,7.08572847059304,3.915975002246348,clay
666,13.677066304006555,96.27687740263951,10.818604962444336,62.87593167750356,7.362515506861459,2.5684433226570897,loam
667,23.85194922840319,131.0751001730094,34.98565362060836,149.218162934254,5.839856522188973,3.052100776646015,clay
668,39.66669090691634,172.8586356678819,30.436807042341204,224.6276593823514,7.292532867348164,5.33061692932739,clay
669,28.328737201031437,100.70175797916151,29.23779440197362,52.62249547360419,7.964099930194516,2.0950370668996046,silt
670,36.742002505586626,124.40551136595727,10.83250769730732,219.50377430348297,7.52998061744011,2.7660718912562405,peat
671,10.672478119597196,177.72294864061993,18.73872373797309,191.87982718656156,5.700511708739228,3.3902657167957924,sandy
672,14.33254457178396,138.54462080503774,16.597294668370218,150.25392933847075,7.975921084099822,2.370014256841336,sandy
673,14.20401519053054,174.6601320487033,35.429337398793564,177.13861257989544,7.643304163626946,3.73768107792855,silt
674,35.67933298123846,46.8183023371601,29.702870584853066,117.42202113821385,7.636425727914069,2.4141101315334677,silt
675,40.26822738609316,94.56641122170346,20.47863057227893,101.56147333521527,6.723800087578304,3.735954358496328,loam
676,32.78461978075876,22.4804997919542,29.28720719126097,220.79852571500294,6.521765184242045,4.796193697459836,peat
677,19.105979418327976,147.36615753971276,6.2844051540057855,239.52833416930613,7.837024134360737,4.75797441415109,clay
678,24.818755303365926,100.92591802243278,39.17580116065405,196.65309723766137,6.775385229427545,2.063026496706229,sandy
679,17.78184849141626,21.021989509261445,29.957168673373165,161.53027247979927,6.0818807963842065,2.104003644174015,clay
680,37.902474389262665,172.7466666982894,9.939110892669238,185.2116577610103,6.530413091964038,3.150363983865114,sandy
681,26.756522386125276,91.56462526442802,43.96449273871147,101.94369479649538,7.833219614343861,1.2107116748666757,sandy
682,44.19262990376368,122.13751817220879,14.962783845919011,294.23905389451045,7.294095786614031,3.664515755539604,clay
683,24.45664134329973,177.03099533805874,56.369989812824734,84.48257374743852,5.849517875197643,2.9740324651251884,silt
684,23.942361612490295,109.98931209192318,52.210638266321936,201.2256186634508,7.669970956275496,2.6508006707978264,silt
685,43.36694780079684,162.26422171459257,8.167530407576383,292.5876629954863,6.203891273258133,1.9943344420729783,clay
686,35.67855094314819,168.11349803936105,43.25514985320523,161.93386030194466,6.8099901938274385,2.508068732321756,silt
687,18.196497550873737,87.97127026569576,46.460976120986146,156.43286174801193,6.307607352140774,3.4689126381725703,loam
688,29.74013287515645,107.2209448598047,21.70275347648171,253.34428318152837,6.1376053612229144,2.189948408635975,clay
689,16.254714301049503,71.10200601315606,10.634032016632137,88.27851854830402,7.475191800465829,4.231892452377869,sandy
690,22.924808955195253,44.93356466827231,51.4374366640059,100.89047372634361,6.0915808048956865,5.0280775864127065,sandy
691,20.91655859647714,144.92848570218086,33.80052596343971,261.07874617765003,7.461118978460196,2.5047645067586455,silt
692,12.959971307254687,164.50164246230634,23.758496364892835,83.39826314044988,7.487278012943223,1.8364562654916532,peat
693,15.91957715709404,154.11600959206868,15.468208260462005,217.66883203398817,6.294685430685897,4.4840347005152825,peat
694,32.37541406272281,173.81688226746394,12.361420148740315,214.34863266951604,6.110460733432662,1.2680166183041774,silt
695,32.83009617674154,120.18494883465358,48.81949525379769,286.5098093870243,7.972014298081469,2.4061977868284106,peat
696,31.68147928188415,124.93087458902582,45.746303572641125,172.59419954116942,6.884859919457972,2.471318930494195,loam
697,15.50649486418513,147.3499351368793,30.54506452236058,103.86476917156119,7.618346001139843,1.786467851657666,peat
698,35.05811345203933,105.41712060951826,7.815309424475514,190.14027619952907,7.756582819687619,3.8881175708081472,sandy
699,15.708849835340692,23.04723741772447,37.23111642847294,234.19957153160405,6.130923516707061,4.530049223065452,loam
700,12.834775219185868,166.40806628446376,26.643613203795628,226.91697150017404,7.500635176829409,2.0447711423662573,loam
701,35.85808804721212,118.35981155876402,43.92997096476311,235.4983982680461,7.827344798202047,2.5551398166262222,clay
702,35.39468087194045,104.83883300047141,48.09657057231456,235.60227895496612,5.881890578987969,3.499974823770531,clay
703,19.44246014222562,123.03443111766367,14.60569770683549,244.29459612774124,6.636305725559134,5.269742818023094,sandy
704,34.1439250733831,34.47854353181768,11.823144861354105,194.65305619713692,7.542992322153528,4.897976232865835,sandy
705,20.864124242464342,70.04483915514467,59.384660315253775,222.7460057033587,5.914927897527586,4.084157343976999,silt
706,26.786347677813936,47.77660593382444,43.55530386828012,141.33511829812468,7.061229407095899,2.931579818643221,loam
707,12.37890523839516,93.04705726701647,6.827921219264706,99.28794592677535,7.1640718503073195,3.639104504272302,clay
708,31.056685489629967,138.40851892317562,44.63131833689934,177.18801767154974,7.00417679836482,2.915972079011669,clay
709,19.38458840614473,25.95278083691687,41.800766889037014,122.58661658560884,7.034406794318128,3.208176545148598,clay
710,26.624309873836477,122.58695057819008,37.36102348905902,236.42707257756354,7.396905969898318,4.952591858939394,peat
711,43.403859778274786,33.893887113038886,34.30037672107716,76.53102033990584,7.902214923297442,4.051867972195625,peat
712,21.894819829094253,171.79710660156854,54.011194456266644,126.82498462364259,6.351506179292067,2.0130342204861797,clay
713,43.123125797274845,70.1691244243408,28.100204754474124,178.44534686170158,6.285791018098564,3.2097541570717305,peat
714,44.76964663833205,111.52650561520558,45.41851053292911,108.1822930640734,7.047695292336283,4.803140693421891,peat
715,22.338102359822507,46.64499182704123,8.562400442303282,277.3041329004032,6.073449845648711,1.685243186572662,loam
716,42.36231240519754,60.6463569144433,51.592324370906105,89.37342974569589,5.675006307185148,1.5189305556900474,sandy
717,27.823062418331425,100.96675177539338,51.88012868564082,131.78038505903578,7.507797435059552,4.717059611918991,sandy
718,33.57924574228191,129.52081368280722,54.99613317404517,281.68106356221347,5.580824639894924,2.8577615414602384,silt
719,35.237358324488994,28.02935238119069,5.615369572792707,167.96889703167582,7.001642575992383,3.131583944767444,loam
720,12.477670324562371,124.79858165081396,34.72005396227313,90.29305693719135,7.671129378662394,4.716755340817314,loam
721,37.00442118150597,27.107205822467577,15.282996752283662,105.92042729041866,6.45945942123451,2.245990488132424,loam
722,21.32204770225374,172.6483371796848,42.17231124127571,227.62988389058816,7.399540032678305,2.241977032486207,sandy
723,11.09915247757661,85.29160714879976,14.978381435157655,173.86709930183454,7.305219179995206,3.1910855698414506,sandy
724,22.430663482858726,38.987342780163026,52.242780745193684,155.98609130900837,7.883808061542048,3.798771084175609,sandy
725,11.37585847035652,81.99476267825159,28.97350472026803,274.4835359329828,5.65436366892627,3.7302139187277503,peat
726,26.640751605013474,173.23270085229373,22.153282635547,265.1537352868579,6.796504522145824,4.596961736811901,sandy
727,23.185702226673378,112.69611220693234,39.326742062035585,194.2030378909865,6.787853977967645,2.7108159438496937,loam
728,43.32781591839054,121.82278231128794,54.171114745575686,245.91556995209348,5.566124331466571,3.7666977939178823,sandy
729,34.591788680449206,77.96092364725304,40.37758439885797,56.517535301928085,5.529458663980637,4.290412570932172,clay
730,39.78355287900409,29.528861553141557,20.65611312387875,192.79225178212997,7.627565929706855,2.3984534187189706,loam
731,44.47489972938214,56.770364636079904,34.303376848345906,162.61337685761666,7.860505493356587,4.588386345713633,sandy
732,38.50015108564358,62.498676274187744,47.81781456852116,110.66791511087723,6.237072091478666,3.0863158262308312,loam
733,44.59921239343214,32.128692324408945,25.002602066841714,102.58921951494547,6.253183179526716,1.272114207056196,silt
734,11.993985904806785,114.69138058964674,57.05334430258535,230.92573721527594,7.319365264767211,2.5320157697790786,sandy
735,37.72263516251702,85.2056906839349,12.677799059516598,156.52532888242905,7.326746915029947,2.989179507193994,silt
736,16.93598209758177,90.1417057569166,16.068509086144346,51.457783382400045,6.022035545007239,1.5035048919427665,clay
737,29.96239119855029,97.35698179712927,24.33597043933682,88.5840828430172,5.919186900607926,3.0376608000500642,silt
738,30.857216751075132,46.47356653867496,7.1122836018879125,274.9713563781903,5.905487112187903,1.8368242182408927,sandy
739,40.74023170436078,150.8632392194471,45.37699917746917,242.42333953779737,6.6894583323217995,3.8066515514709973,clay
740,21.203672315409236,151.15148957624842,50.09324892561234,110.71290780688102,7.602637726364588,4.115001218719475,loam
741,27.55791352946393,65.60755974011285,11.354204902345733,62.920043273408126,7.9718551151696,4.365975841696548,loam
742,36.01770796168392,80.83889218442386,55.20299826525325,194.8199199663439,7.321088941345444,4.699104402843617,peat
743,33.39604493372426,88.8500381567068,25.977211939771227,174.53971846949628,6.858771485079358,5.161694733185373,clay
744,22.769822462515567,130.80190394150043,57.94020132685952,142.2155462711572,7.864618475963895,2.488950091111911,peat
745,21.513166113106053,162.8381804527998,18.813399746559043,119.90709904844958,5.913097878688846,1.815117649818819,sandy
746,25.936061727601192,94.18145670170813,14.48039922362168,80.89863831007794,5.784131193829082,3.882648372418605,loam
747,31.843571087264365,103.60158708305948,43.87112886861934,215.15783421355346,7.511099540123908,4.88976549854893,clay
748,20.026683826531624,118.47615581982711,7.7146244942576265,97.00795296374902,6.059540153204358,3.37594441127532,peat
749,24.173961956582446,73.15717319293798,24.262394377327972,253.38225962896985,6.9621953738054865,2.329511086005609,sandy
750,23.88259592697637,44.20175558621649,13.937041299461214,89.30889982967969,7.301116370522648,2.223374539725188,peat
751,22.786707749646983,167.86521432681752,55.914421882397164,201.14408943237072,7.2228237647026186,4.974197580883499,silt
752,20.12859483664772,140.96185506730163,22.125778799481456,64.94964888889272,7.61488335779681,4.891714098218891,clay
753,39.393876142967386,71.2750461582786,41.23602064672393,279.7547947980436,5.562336227873398,4.875425736809685,loam
754,24.675869264794237,173.60395454859602,14.831801573503505,246.8228038047427,5.5936712445060826,5.337392702101018,sandy
755,25.06401432090389,174.59590117274013,33.22913219984669,244.41761518649693,6.732168241430045,3.205968598140905,clay
756,20.26971879001317,161.41336128916888,11.677758428406896,202.57126352963567,7.331048866005449,2.8893767032797735,loam
757,43.118594883049454,155.49237958082648,14.252720546451073,106.28894317331674,6.020419028387904,1.8390571913519036,clay
758,39.84051900091655,128.3636567618968,6.877073138927663,261.87652811838313,7.855076037860071,4.8044463845036915,peat
759,15.35553087193162,87.1236792445043,31.96428144753756,152.8706806938282,7.005680202967409,3.468986934790329,sandy
760,40.57710533264761,86.45270567743898,40.73568571880493,90.30677469317627,6.346497924740708,1.5078383279178738,sandy
761,25.63248887777716,176.75798417932015,55.929838832526706,172.26593766418134,7.707067499635637,4.525196479293115,clay
762,15.733228592202046,98.20273812041762,59.60530721078967,76.09305513484195,7.404003553735754,2.4362002558243923,sandy
763,41.85201158468537,99.7794285870686,43.29896555693505,162.3572448936472,5.537285898054386,3.6992005025193135,clay
764,36.66401707152863,64.28777984643388,40.60517405286495,201.7832929018966,6.881731598019513,4.999824342446622,silt
765,27.87495448246779,38.11235378334486,8.743328799331135,289.65532998452426,5.845395501072243,1.2847956704435075,silt
766,29.50348806223954,166.11389488911388,59.026763227942865,177.30896551824287,6.501298604488207,2.809569257471943,sandy
767,13.44336262631229,100.45362179694543,18.111082449984714,72.502681325724,6.597918717005362,4.685916137354603,loam
768,15.026035403449598,128.63987196529428,24.141168220210236,89.7734442097088,6.348380325856325,1.8512220551860108,silt
769,23.042245174179783,21.871719159525504,38.92773325683404,51.76223676702275,7.719000270169303,2.3244769517921013,loam
770,36.2112468672089,123.14142875799305,33.90328819863399,127.21998398420904,6.985552287494306,1.4298066720406615,sandy
771,36.932524846400774,135.9926487966439,17.905868812550118,168.50302675170173,7.193317541867703,1.958187345175118,loam
772,27.35174492010343,40.421246112076474,29.022604021265728,137.80390450200713,7.841274562466561,3.908548085083447,clay
773,34.30059489672532,93.0449854228482,48.56207775567746,234.51052789097199,7.1488044573346015,5.39440555042632,clay
774,30.219022375989542,95.0399885693135,31.82608264888796,85.59202074783538,7.441033597012067,4.665243677935672,loam
775,11.742872815461963,47.76601678670309,30.49988382914556,177.90159019020538,7.312184422496777,1.6635838643315224,loam
776,36.34847491906931,129.41730295738472,56.69526809302523,252.41319443209784,6.7565039317428806,2.4705688075812855,clay
777,35.13023822317761,131.46194369040143,24.08132407021379,160.39392946220192,7.325768953681896,2.058597222091799,silt
778,22.742637567089723,146.62780487121222,40.43557217074554,174.47778247616787,6.498698292146258,3.2416270778225673,clay
779,18.24632009482086,54.42711099415705,29.045675616767376,288.8490753368668,7.50178596433976,4.53205959434616,peat
780,44.236545920639614,167.6799397251081,34.31659218500068,163.96833790786783,7.833408900959324,1.5131489941158414,clay
781,22.141953019264953,121.16160085508162,7.552728278546031,176.90853487330963,6.206042417943717,2.731775606093154,sandy
782,33.11737328902726,160.5483707049481,45.861802843881975,298.22748916707246,6.575390240097096,1.4966436579110802,sandy
783,19.320237594209367,38.64015258173497,6.66856445402173,151.93056826205253,5.802183530662105,5.112642419503952,peat
784,32.43308828141298,48.81558569919554,7.563977655070136,144.1450553631065,7.635676178693551,2.0808043515457455,silt
785,10.589060962197218,110.72725552381786,22.415198594738676,143.73604488198322,5.799803626731771,5.37501922862047,loam
786,12.595634398038564,24.56906308201159,49.931834837374524,144.72226869434684,7.812424660190423,5.05953520485942,peat
787,39.13842450278184,143.45237224784438,44.30983211534508,228.7427825156789,7.03355378068548,5.10169789373253,peat
788,43.30862479966917,53.2359780507185,9.807129719983543,65.28056722329926,7.153314132795264,1.606328806843985,clay
789,28.70660125700343,156.4224964324839,12.539009746940607,136.77555676624223,6.5575194724065815,4.735896321162212,silt
790,17.432889777338723,74.22378761055235,8.209859109278083,91.02182721761768,5.748176637178333,1.2577014241700315,sandy
791,26.2557224908079,148.61985531002267,5.255397404312011,58.12678056219529,7.730424013143572,2.590901347863034,sandy
792,14.136722239527227,55.16463266084312,10.76991935759603,299.97216645942854,6.671149741080313,2.6083824506571154,loam
793,10.623515343187544,132.2000228723382,14.137939750545316,291.86464141237116,7.457429269637956,4.427246915964842,loam
794,41.58041978835632,27.326148773109242,34.92850015997735,104.71339815377915,5.752451569916144,1.7363902401294733,peat
795,19.920923792370694,72.94318774565318,19.738880355832496,182.7616420584419,5.972646594777906,4.091401209077626,silt
796,34.03066029169493,83.77890614278677,45.868255572137265,242.91203821002773,5.897243184520388,5.414298567915737,loam
797,38.24751592527021,157.37677498528416,32.24146341893383,210.56680517634152,5.924813055256891,3.1893505182304254,clay
798,33.18006748799321,119.27892033054304,18.424076292436634,124.78735656405114,7.442864946336179,2.5224184499603552,silt
799,21.508837976040923,26.09412096389713,44.231128963566995,295.82361534225254,5.630056339276681,4.229207958379531,clay
800,20.774088158089906,102.51711548707249,12.928950319196488,136.23283039929112,6.091849204457483,2.6238161014906107,sandy
801,12.898257831087477,89.6580661273907,47.63991399782818,159.07008311029955,5.870825684496773,4.060842241167615,silt
802,35.67159176735274,38.810344824158264,10.279645504248304,146.91239706509253,6.949864151128622,2.838686067928567,sandy
803,39.43055967921651,64.57781052731025,38.87973541520519,245.56431903121486,5.646050382060536,3.2783663455249425,loam
804,42.081770986687395,76.99037725153863,27.194827861357656,226.04073146146746,7.440459701110264,3.998516390468779,peat
805,24.675923106829032,77.92314252163189,9.95720416567389,190.92475717878224,7.472128779469456,3.3796405021032263,silt
806,40.55946203010387,52.23391469610856,17.19999893387118,111.85568118355741,7.021894556896779,2.31509984402021,loam
807,40.62666030924568,131.1029577406707,51.32823717197867,194.07712401166518,5.9207658492213895,1.4063503267974982,loam
808,42.39938840373692,29.656548348852407,39.25224901060692,291.5611410790657,5.8911490269768825,4.970947332793843,loam
809,42.07137647436468,41.09262070821188,5.832072175898685,250.52120002709822,5.857438513644071,4.096763152432172,peat
810,27.82000169776054,166.96383759146542,5.191458647036499,287.9124293562103,5.797861275720742,1.2058854234658323,peat
811,29.833898532904815,69.21635178981327,51.475572876599436,83.95043129939307,7.325285614113161,5.357734312315517,peat
812,29.52762678108914,130.3802898045284,6.637918842240133,290.79124755140106,7.546249798380677,1.5531066464458905,peat
813,23.231941489142812,152.34075966535048,40.27366190398852,50.97260587743464,6.638834486853502,3.702014597585831,peat
814,43.65543411543038,133.47407438083218,21.401697616991516,70.62565226857436,5.521680888943287,4.384009770912539,sandy
815,11.811970042108456,61.21096106948484,34.70829219023063,103.12458272997311,6.105412995079606,4.339720314457816,silt
816,20.20477767301513,120.72056945122851,19.077559385560818,248.49092343803935,7.897402740711483,5.255548494001382,sandy
817,44.44813032586386,111.47059673041467,14.63658637646679,297.6947493792211,5.92504191033155,4.4653777667531305,sandy
818,11.1163711626585,170.3148322863399,15.479602117061633,271.97250092214796,6.877409852685644,3.388414306031931,silt
819,16.83351478476226,24.244635412979125,14.860027001851298,204.82385863755272,6.92729504629207,4.33632034713103,loam
820,35.76959960575117,86.82264338912316,52.002295173563375,204.21443754072652,7.7143444286888645,3.472040321101031,clay
821,20.13649320241081,170.72201045564267,17.552361455211198,108.11267047950905,6.160032841341064,3.0521085553115666,sandy
822,17.12430210643118,93.81952234883046,24.106677342795685,224.04490374883363,7.847603346048455,1.5847614683681974,clay
823,33.26780881074737,178.08951638883795,52.89601629465557,236.64295985814297,7.210809307068062,4.663429085240544,silt
824,21.37516987109356,133.09006103458955,54.677284257530324,181.82637924587587,7.380353138417391,4.049355278253467,sandy
825,15.554581802583549,69.40918176194543,20.161952777910926,148.5857572272395,5.821972139432617,1.2591899704954366,sandy
826,29.661054795694646,178.18227842043166,11.567361401667458,137.6754661294396,7.602677597188823,2.4498820616562087,peat
827,41.73339096184563,109.07346662513781,54.26577392554302,100.28868618740188,5.541672491480033,3.9395188193024766,sandy
828,42.990502854757864,22.38520098734318,22.19842078610616,226.45813361982022,7.445258618985276,2.012980738475277,loam
829,34.09682303751599,165.25335509955136,43.91475707015814,197.11478479460686,6.74344768434514,1.4695905261063578,silt
830,16.70165347065793,78.70221782462694,45.87699907664143,297.69618394098484,6.6599274902240975,5.263546349811034,loam
831,28.945743542344754,129.6605309402732,7.8131326541484825,126.84044827920295,7.08725189443369,4.213783727470361,silt
832,25.51520435718037,113.7214404996511,9.89505110255836,141.5388057503436,5.58827720178475,1.3151146381192647,clay
833,21.1543034752288,134.92434091680184,59.87393203992491,214.38337351652157,6.335040373176652,4.697653296459514,peat
834,11.563234066652445,144.09049601635903,55.73161698185341,66.60368430632988,6.378165225800832,4.159045260162335,loam
835,22.406482830135722,179.92852204921073,56.40150693626847,208.31803152929623,5.577857862943096,1.853327075880358,sandy
836,14.836668932704399,135.68016027263513,35.56469239854095,287.8465284775773,6.90186707491659,5.053358546280333,silt
837,10.796936453965676,177.8098322278356,32.0703527234245,289.4554411062344,5.886057824441103,2.2394150542381084,clay
838,44.09514344274401,24.624122757974902,7.2476733914057565,94.89342144498536,5.583584813657338,2.5331129258126523,sandy
839,44.89681644382593,148.40773415096936,10.153605628027464,106.59394430666873,6.252366506102307,3.99891165960362,peat
840,15.03778953198091,169.68784139844,8.323647445265884,214.2738246777811,6.652824955716323,2.6614199582958227,sandy
841,27.493118941786996,81.40794006516498,7.651934269139467,230.68752540027077,5.902129589937096,4.193095137116719,sandy
842,35.42039538783729,97.66274253575745,10.920434300005127,283.95550602275785,7.5448274316430055,4.771726543239676,loam
843,20.991901598070807,26.064859821696604,15.416516145914366,276.1623501358225,7.145763794397617,4.2276110502887345,silt
844,24.09928477519587,56.030952237001976,48.61028475240963,217.5481217044855,5.913107273891386,2.2086137034281643,peat
845,36.481959041548976,59.56319395385062,28.054949752847083,195.31191285407866,5.97605003993994,4.155974138938651,silt
846,40.955122792001966,146.09143273439543,40.479028511012615,267.50926188390235,7.043888088551258,1.2687226344972398,peat
847,31.94160588823997,146.08282787051508,47.51567381514461,295.89915659057453,6.187282269744113,4.705001646818589,peat
848,33.57196944058006,31.430064240249838,32.766443217704406,198.4491884374612,7.319651895259225,2.301534867053288,silt
849,14.918396213876909,166.70023599036227,21.574236560660673,182.65800386028627,7.318420313396073,2.3034145506529837,silt
850,28.352577630163005,177.0266585211362,8.282359614793442,260.2469167919823,5.8116197733446056,3.705539252628835,peat
851,22.109941169264808,170.56515962138616,42.31129270523073,92.8962257740241,6.882249959321018,1.5543563723238996,sandy
852,26.487408969954803,121.39627103197802,50.65764420619648,199.23830521075547,7.7190707642738525,5.356257113764866,clay
853,18.25243062370091,162.70147004891805,9.942897341483647,99.12422921118642,7.5624753524467785,3.057131014358472,loam
854,26.531167934647144,110.52505461711974,36.42751240712903,228.54921090465743,5.831068515074158,2.845724673806666,peat
855,18.03839862121507,142.44672214251446,25.029543286656057,101.12974112457783,7.115541989677713,2.592775334206124,silt
856,19.217694839648516,35.46479716069953,57.42225008812499,181.6727430708247,6.042761574843778,1.5804510147089146,loam
857,34.74127613108554,178.15427024160715,32.61305361880194,299.3124544420558,5.618579646686488,4.004283642708968,clay
858,13.691713533492743,62.01263881373496,51.934827464860724,223.46682093256476,6.309715964149767,3.9510576991939534,clay
859,20.49619716001019,155.63718943487086,23.22158063265028,79.19233066924745,6.172748639879233,3.2677068600918946,loam
860,22.286490398352058,37.044777050059054,55.86919520315324,97.42210112325779,5.89081585366516,4.8450552432540945,silt
861,15.116951657653388,133.094008498164,53.72043013598923,298.0805625949447,7.121922607079185,4.77645617426883,loam
862,15.902700559826052,24.579477554372282,56.41055922532798,275.97408425005756,7.086240932721219,1.9444366385934555,silt
863,26.970567325579964,95.8268998308665,23.054302074971346,201.87700407325596,5.555205764146448,3.1527453349795103,silt
864,26.815158565190096,30.832725573225837,21.73593101106301,140.05865924880214,7.587169983117413,5.480859496566455,clay
865,10.818708338435629,91.12199131206873,28.75421091699776,214.51111760032293,7.109693993837795,5.2618071427106905,loam
866,20.519697942311886,51.623900402073616,39.339890732279976,72.41423100371217,6.5933073181861355,5.306103863691329,silt
867,30.434740102323683,40.38633292265118,44.571160063308994,209.12878877300827,5.967693424193659,4.129700658029067,silt
868,40.49903602061296,79.78667404784221,56.16468424019635,196.81673453037598,6.224842033776713,4.8015215924150585,silt
869,29.394922697862533,149.68060986939835,40.43091981578652,194.52396370872756,7.131853406400964,4.759331094630689,silt
870,43.55387902455754,118.65537005606875,33.56603390942951,203.66628880647647,7.606408162156175,1.7507747618103884,loam
871,10.872038348000357,151.50779304580152,39.95508900859159,69.88235650253586,6.945673245009479,1.1727545827372,peat
872,26.687057539068558,131.46973537432967,20.82973681581788,138.60350537753374,7.232416143250077,5.3846771089079235,clay
873,23.452289116727563,40.8307133841819,53.596779887385665,102.99561341941775,6.028821813926741,1.4258201575968175,sandy
874,39.73023546192245,172.9923804121537,47.396479788045134,103.15395622277057,6.169148289074144,3.083632721471037,sandy
875,41.50106650925564,124.62718996094048,54.494410534167685,146.778902259211,6.043169711469975,3.267094132596589,sandy
876,26.41234673560786,148.30180973278038,45.37209477030259,151.91885113445073,5.754083107755495,3.020209454174281,silt
877,23.977478007533804,112.55608532649534,41.92448420765127,200.8111882861933,6.6629243639965745,5.170157532362502,loam
878,31.888117406406362,45.674004182017036,36.23373536898661,184.1323418960517,7.920149202409135,4.332248244969994,sandy
879,13.406506005894505,153.4985363247198,41.70166843950659,247.70634034035237,5.559897414989551,1.8555913735623344,sandy
880,11.682775895269705,78.17518270029667,53.179971405751445,135.80755243861051,6.179013451824543,1.9547161477684398,peat
881,41.04329501855606,133.78458111900642,29.12737088581162,155.4581627267022,6.1621377837113736,1.5636054607462624,peat
882,35.04332163506342,88.44502389530322,34.08310298463803,277.6052907627994,7.228569519380787,2.2254259322137115,silt
883,18.66154810084307,86.15752947458,19.24198418123806,175.12159880482935,7.580444434907431,3.7679124888151647,peat
884,30.783809108463632,102.0503983362702,52.03363881543025,211.01785380870203,6.096752072965295,2.4853641003035696,sandy
885,11.699620396543748,23.892383570657945,22.7797264490679,181.161548564037,7.32607712678281,2.6968833769930862,sandy
886,23.81494600905308,149.23725538910716,56.42890676952746,210.23257905394834,5.7399109606133605,1.4991795999480502,loam
887,31.11592946499462,51.758432634729985,8.39174648188404,80.36080379372832,6.515570759582403,4.142882868149053,sandy
888,34.32829694375338,132.43132828716284,27.86101064604092,160.6179895745252,7.571525512602326,4.489157232261144,peat
889,30.683700320333706,153.4675310006342,12.177809032557416,164.42790822768976,6.373050001162868,4.510638507682216,clay
890,15.13463522318043,132.6524945251016,50.403938923794755,137.33591888530185,7.6295993992892175,1.470719205839436,peat
891,42.554042246910434,133.3826416157728,13.108888900714252,103.45807776000953,7.672097150449813,3.662126971060869,clay
892,38.03738720766493,173.81971906014886,20.616458530461724,238.7541258778445,6.5649664449437175,2.2792079865587245,sandy
893,16.0612150842868,152.43471533718332,42.26165189264661,295.05298087922284,7.761512549900537,3.210557553534692,peat
894,18.3631537241156,78.19606451797577,16.220971779831032,151.72488811370596,6.169482699654952,2.3176604392459446,clay
895,41.91978671345024,97.05651836450429,37.98888452537448,87.63088829755037,5.962666497760939,5.299577750811587,sandy
896,14.59083336288834,20.728686097695608,47.315365808645204,218.7464809400495,5.84270290677675,4.9935337972917475,clay
897,38.09219450804323,28.426958213751785,12.639137943278751,297.8546518929247,5.592465831169326,3.619186830535952,silt
898,41.69181810540391,106.08287049301057,56.86297913570943,299.88877862715253,7.300970923367759,2.9758226452623093,clay
899,30.339385034503042,137.58678319950718,52.826379814073626,210.40076458351894,6.179272374387122,5.229746265717026,clay
900,43.64694958700053,118.91248989060583,58.98734596109103,221.5561540406663,7.395232536618771,1.8526085662998735,peat
901,14.740823102708124,102.32082507299236,16.379668951465927,201.98933162875502,6.724884803925986,2.847461912158769,clay
902,31.246682788068828,150.90281606651925,37.00983348819169,184.67108450313347,6.54638753987226,4.295966980152698,peat
903,17.067864241741177,74.72490440950857,16.093640173424454,290.4632064512002,7.735662844330106,1.0565566612418054,loam
904,31.067793421891114,55.17598511678745,12.374046030199189,224.921296518648,7.578298831311127,2.2761142995525754,peat
905,39.642873012431366,34.391716003473256,28.61501546910781,84.9142193449519,7.621865807858889,2.8172943560857453,sandy
906,10.827699429921452,145.47344684417786,57.43905806177691,106.3067602544313,6.158234982008752,2.005125632141074,peat
907,38.564568421653405,171.10763366726056,41.27679294820468,293.2283529502354,5.75122662814444,4.063445796232763,sandy
908,28.946114165947957,49.4330267700859,21.780654514678016,188.8431231111754,6.7872156186265435,5.122239686700187,silt
909,26.35837217866305,127.54158701514592,12.543643540989535,298.3016078784154,5.692725625611128,1.2297925528447238,peat
910,11.65417272511212,55.6507811074912,52.502428173944494,178.20021738193782,5.630925884643245,4.160539417941196,loam
911,21.477138741876345,62.28777745418461,44.60402954472233,276.7744337954123,7.791359374385339,4.137456708327132,silt
912,37.15228891448787,68.56750749732205,52.6270713321171,94.70704646461394,7.964056548197995,3.116624089691455,clay
913,13.964744910061338,99.1422505919025,39.760833212425325,106.63818966365164,5.651014230622406,5.041296929932666,clay
914,11.322798630029972,35.23235136292488,24.919059892545643,60.324435841546574,5.622620491855968,1.9920014991942343,silt
915,13.050575610686952,155.6464326458774,13.184275558038951,276.37586989713276,7.048217013325816,3.662043160800842,peat
916,26.680723966221468,72.84561544242037,18.006666914603457,53.70665886998087,5.992697598460552,4.75591518994981,peat
917,31.76284707427551,150.25291013120201,10.336727081557424,99.2171832307125,7.664423863077314,1.5282146770270668,clay
918,12.16498662123681,169.06352964570263,21.74019133112711,180.4891660034052,6.840992010335697,2.0252801261598807,clay
919,36.42196324028603,115.78954163978784,15.933387570006342,280.18169755801625,6.084937957423706,2.5522220344528503,loam
920,36.62709798980882,143.36594911480606,10.355385758820262,294.3891391517611,6.585431544600631,1.9884111074834878,peat
921,14.543824763489717,44.005167849987856,54.30434763287745,75.58607629937026,7.529521844198336,2.5870078767549742,peat
922,40.493137112412256,85.37679115519849,57.46143321695624,247.05733234642082,7.487105667221081,4.187318980625232,sandy
923,28.062597874885878,33.45582389994219,23.049813226646673,198.33064119355723,6.739951260631387,3.4341988908741077,silt
924,10.665141515085269,54.076284423977405,49.30682283669979,286.46605245031316,7.68602046781948,1.917685045806282,peat
925,24.141316374835654,144.9899873227636,33.70211017567747,166.73375478355604,7.256275139069517,4.210697958525193,loam
926,33.141704680251955,63.75528290375128,49.600619474313255,165.4032559983052,5.671497006092134,1.2705503828258013,loam
927,28.305578122789832,112.65898824629552,46.75711189980364,195.9674522543736,7.6578816299167265,2.189184837019145,sandy
928,33.12581190959157,179.19925984620147,20.749838308828586,294.29213347948706,7.6233827082767585,2.388239601269833,peat
929,11.770097558494408,171.0694556213022,34.11264448028774,186.13235162499217,7.028851711511812,2.576542864784774,silt
930,39.98424579468509,72.45541530618254,8.690457788852783,209.84395649067378,7.276238376969838,2.9088347096231724,silt
931,35.640583623624224,167.37777376233475,26.65871363581191,144.95865441589314,7.260858797598595,5.47808155361661,loam
932,36.41217705003966,145.73207143909082,38.72185601737281,175.82583101753863,6.22315923964325,3.631532294693531,loam
933,39.867021683470554,80.85749342777038,22.9580323018834,117.57886402159008,5.615308788872202,2.7927075265198766,clay
934,23.39257491522868,152.9377831661335,33.77518042193269,166.44304883219235,7.589738735973316,2.3310625383136028,clay
935,26.801800378219408,77.7034879170141,19.063714185774188,153.26681857065483,6.1935602618581544,4.70758607959373,peat
936,10.233914615989399,120.49763701593015,54.43750298862046,280.02813729391664,7.600591412302686,1.4747109776277567,silt
937,16.105087623112553,36.00155508634476,24.932465802068307,215.1989950657035,6.408364764658909,2.8905252303558218,clay
938,32.34306083725493,126.00091729570215,46.753267632124846,245.7190991071706,7.915358910869685,4.674004567282469,loam
939,30.069857966242584,29.0082754360847,5.658167283309331,64.83541324620563,5.8202037621769165,4.010705107222385,clay
940,22.10690101517403,112.60535905106306,36.7026959537978,210.10008472393676,7.239252017603078,4.483889867696914,sandy
941,25.04193352511534,170.2736251987806,26.606982462929523,290.8484956202698,5.610218643232003,3.230220545348302,peat
942,36.90965036371222,24.794868912081647,35.11558244493358,87.55801285342139,5.552113997595719,4.285917190606257,silt
943,35.9478185590962,136.69855503653758,6.791743521183475,86.53154830659777,5.7727782161691925,3.479797191150841,silt
944,28.51654503784322,112.68040494122828,39.385443719110405,272.7564733168889,5.575516888536502,2.6203108896395375,sandy
945,31.099298542183337,94.19754528973087,58.429398568608796,287.1985325362803,6.545017484931424,1.830679168818095,loam
946,41.53474980832126,118.10392861235356,38.337927960573445,237.28970309834142,5.802894598656868,2.2856977219967067,silt
947,10.879423824275571,154.98442858134646,29.93974028921221,231.8443228423577,5.826852596189711,3.73671852930885,loam
948,35.74993245991513,125.22301700337458,14.250402725575782,219.2093180432819,7.677872052852996,1.753617134026355,peat
949,38.8380650035846,91.27727689308671,50.167368933817436,291.86757538577734,7.108738897810769,2.2076548355038375,peat
950,42.44673511969396,52.275762191598574,51.665041428066914,68.86424977477633,6.178778460270327,1.9966466866159305,sandy
951,22.583046907150365,86.87016574528955,36.09662046892496,109.84259549297086,7.198320623696146,2.9955652542494993,sandy
952,24.93334629659664,74.45591351628374,15.209137875953546,233.99601976607684,7.980529400519117,3.30092966886388,sandy
953,31.73515643720189,63.582201470186334,54.18940090781519,64.88727115921212,5.522480787528316,4.974116343173627,silt
954,26.19273170745757,43.049543966466146,35.49163677554614,124.05265724049335,7.302141914753213,1.931084482855849,sandy
955,43.2370819672692,167.9530804593767,31.65353134549993,224.3505294945829,7.786399924014875,2.146174714236346,loam
956,19.110012390797593,112.97007878392077,58.20200023616574,257.2461851989609,7.399246055322724,4.684754746039792,clay
957,10.65985861190566,62.22421743753106,46.50740574960649,295.98809947180996,6.426432177417276,2.046025274762792,peat
958,33.22943008372438,70.27891015160867,38.97365257850202,170.41843405821126,5.976037627335902,3.533751677322669,loam
959,42.798195248563516,103.49355988467407,8.592557908462222,76.75024624020413,5.628179884073312,1.8112918104074527,peat
960,44.56183873394672,75.97314937352039,40.12347579665798,286.8528971548212,7.704139317799456,1.917240472622483,clay
961,11.191784899448276,145.29184489391866,6.347894896278429,284.41997138819806,5.559996350170649,1.6714576018577776,peat
962,10.37230460179776,142.61391665365875,12.085844071931573,270.3952434298375,6.193202834935175,3.2780160236453106,silt
963,23.186797054257596,81.57596366895349,6.757645708019227,158.16624800647332,6.788317500459162,1.9424649930527216,silt
964,28.835676340636706,60.998492930967174,17.998860113418466,262.3747016458042,7.612447302564669,2.435817994164733,loam
965,23.036008183569898,158.74793381505435,29.646324325292216,204.02836665897163,6.7264962702394975,5.030523304682028,silt
966,11.197083120097831,133.2335111599242,49.26831091893327,181.133023265044,5.622298344139779,3.92932395775883,peat
967,33.54110063475619,121.69961301439157,16.77378238297092,127.36753551430822,7.1644914699638935,1.1861537504685127,sandy
968,24.47866382274772,47.54041106271097,59.67793245563409,97.01166900385617,7.741197835318999,3.8236357948409454,sandy
969,33.41271376378481,23.558515258014108,23.82401734898384,293.26502455788034,5.628909690270649,2.2820445588115312,silt
970,11.58913262515242,121.92822110408233,14.98312081532333,250.1032715766717,6.4921654878347415,3.9484624721251067,clay
971,32.784531356106584,157.60210473931483,58.388461737810395,141.8368749955435,6.9891557713762635,2.7860128873525953,loam
972,34.257022913724825,128.9131912831446,31.426469499031047,281.75937555481136,6.4359189471665745,3.3646767711348478,clay
973,40.43934246868889,72.54306713899419,20.064328287039327,136.9551659319601,7.288950811392129,1.5783326197076595,peat
974,40.844498537183775,82.81371043639636,40.48760472538818,213.7685302600022,6.145245612650504,5.013593662870431,peat
975,16.08478917731237,57.054325390962006,39.11336725776267,236.46207004148002,6.452223352349664,5.382809350639015,peat
976,21.54344417955313,20.859408388613616,35.105154585572706,68.5164765377161,7.679703578105369,3.069190737268949,sandy
977,41.03923374975159,142.29467152397956,32.768246025463824,296.9859487517382,6.616657723926031,1.7751933488462588,loam
978,31.56673990705873,56.44562162624087,42.04230086662917,275.37182154245266,6.489494230763951,4.328174443961939,clay
979,13.751632980492206,139.73912477074254,31.21616612028319,134.69525488822467,7.854817229912188,4.114442680438588,clay
980,25.156840660761073,149.86327307006277,53.180249007629,88.32435504471712,6.545804743672259,2.204282521498873,clay
981,34.38945760639825,24.033361119907752,37.23976944041892,245.5798321250237,6.435255787671005,1.446891828869187,sandy
982,26.240986551137215,85.32340899186417,25.66376911707206,228.3639545714208,5.834533027078293,4.136141146381661,silt
983,38.44781098290723,165.59622737718806,16.05095804839053,191.59977539556502,7.097928990576454,2.2330338862555754,sandy
984,26.26645088207918,90.34921901106172,23.81491073947384,96.55547065999585,7.027389608597337,3.598813742435059,peat
985,34.63582456830642,59.8084062149598,16.70529726557931,134.096284046492,7.18070879439824,5.085093165926346,loam
986,36.64332431238548,36.079582774491,21.36582872347595,105.32812731641823,7.959591291842496,4.966852714374486,peat
987,23.67307380625868,177.09262727838936,29.656690802090992,227.57024059122304,7.679159179041448,1.8113706114138952,loam
988,18.968922252028932,123.15574303287063,27.32845812284758,257.2285439602457,6.133350171662179,5.311228353548939,peat
989,21.94879982478533,179.81090453767766,12.977668994730958,80.16192298779774,7.92782782350846,1.006136431317092,silt
990,25.312105097351285,149.11395015496004,26.97937005635966,124.19425419427839,6.6408571081282215,5.489135443784464,sandy
991,44.929881517793845,87.6713278195082,22.208355500264606,156.4988019616427,7.310868818740252,1.1817775739841028,loam
992,35.30245714324068,152.1174890405265,26.062986183219692,92.05553971804889,6.215995269369074,1.0379231013907617,clay
993,39.48132467401264,131.46334698919912,50.65244770292089,221.46725861512314,6.6299713164229255,1.400761704995372,clay
994,13.640419371185422,139.78351595713488,29.683414990073377,143.95056568118795,7.945647280469926,4.893613956662753,sandy
995,44.02405822551643,163.0563833776385,53.7795823142892,257.92049666431495,7.48585989058203,3.7198701290586706,sandy
996,14.857217798066806,163.04378453087503,31.11042597482594,279.34892682062673,7.220979370221351,2.554922244384185,clay
997,14.702036879555013,59.350066319153626,53.39907392188175,164.0938986573596,7.73476416928618,3.9819785023245453,sandy
998,27.907701980889193,71.13461300968324,53.106908065238606,60.27560230369478,6.068119417073143,4.178392153088367,silt
999,28.301687128316868,46.40097469470877,7.656693111939676,293.81519153839076,5.695177369780903,2.4219801598869632,peat
